

                            MrBayes 3.2.7c x86_64

                      (Bayesian Analysis of Phylogeny)

                             (Parallel version)
                         (16 processors available)

              Distributed under the GNU General Public License


               Type "help" or "help <command>" for information
                     on the commands that are available.

                   Type "about" for authorship and general
                       information about the program.



   Executing file "cmd_disc.nex"
   UNIX line termination
   Longest line length = 85
   Parsing file
   Reading mrbayes block
      Setting autoclose to yes
      Setting nowarnings to yes

      Executing file "../data_disc.nex"...

   UNIX line termination
   Longest line length = 850
   Parsing file
   Expecting NEXUS formatted file
   Reading data block
      Allocated taxon set
      Allocated matrix
      Defining new matrix with 55 taxa and 634 characters
      Data is Standard
      Gaps coded as -
      Missing data coded as ?
      WARNING: MrBayes does not support 'symbols' specification; default symbols assumed
      Taxon  1 -> Habilis_OH7_OH24_ER1805
      Taxon  2 -> Antecessor
      Taxon  3 -> Narmada
      Taxon  4 -> Eliye_Springs
      Taxon  5 -> Ndutu
      Taxon  6 -> Irhoud_1_2
      Taxon  7 -> Florisbad
      Taxon  8 -> Omo_II
      Taxon  9 -> LH_18
      Taxon 10 -> Skhul_V_IX
      Taxon 11 -> Qafzeh_IX
      Taxon 12 -> Mladec_I_II_V_VI
      Taxon 13 -> Cro_Magnon_I_II_III
      Taxon 14 -> Oase_1_2
      Taxon 15 -> ZKD_UC_101_103
      Taxon 16 -> Liujiang
      Taxon 17 -> SH4_5
      Taxon 18 -> Tabun_1
      Taxon 19 -> Tabun_2
      Taxon 20 -> Spy_I_II
      Taxon 21 -> Gibraltar_1
      Taxon 22 -> Amud
      Taxon 23 -> La_Chapelle_aux_Saint
      Taxon 24 -> La_Ferrassie_1
      Taxon 25 -> Shanidar_1_5
      Taxon 26 -> Cesaire
      Taxon 27 -> Saccopastore_I_II
      Taxon 28 -> Neanderthalensis_type
      Taxon 29 -> Xiahe
      Taxon 30 -> Dali
      Taxon 31 -> Hualongdong
      Taxon 32 -> Harbin
      Taxon 33 -> Jinniushan
      Taxon 34 -> Maba
      Taxon 35 -> Xuchang
      Taxon 36 -> Mauer_1
      Taxon 37 -> Arago_II_XIII_XXI_XLVII
      Taxon 38 -> Broken_Hill
      Taxon 39 -> Petralona_1
      Taxon 40 -> Ceprano
      Taxon 41 -> Steinheim_s11
      Taxon 42 -> Saldanha
      Taxon 43 -> Bodo
      Taxon 44 -> Ternifine_1_2_3_4
      Taxon 45 -> Peking_X_XII_XIII_LII_RC
      Taxon 46 -> Nanjing1
      Taxon 47 -> Hexian
      Taxon 48 -> Sambungmacan_1_3
      Taxon 49 -> Sangiran_2_17
      Taxon 50 -> Ngandong7_9_12
      Taxon 51 -> Dmanisi
      Taxon 52 -> Rabat
      Taxon 53 -> STW53
      Taxon 54 -> OH_9
      Taxon 55 -> Turkana_ER3733_3883
      Successfully read matrix
      Matrix contains polymorphisms, interpreted as ambiguity
      Setting default partition (does not divide up characters)
      Setting model defaults
      Seed (for generating default start values) = 1761567956
      WARNING: There are 3 characters incompatible with the specified
               coding bias. These characters will be excluded.
      Setting output file names to "../data_disc.nex.run<i>.<p|t>"
   Exiting data block
   Reached end of file

   Returning execution to calling file ...

      Defining charset called 'discrete'
      Defining charset called 'continuous'
      Defining partition called 'two'
      Setting two as the partition, dividing characters into 2 parts.
      Setting model defaults
      Seed (for generating default start values) = 642317982
      WARNING: There is one character incompatible with the specified
               coding bias. This character will be excluded.
      WARNING: There are 2 characters incompatible with the specified
               coding bias. These characters will be excluded.
      Setting characters to ordered
      Ctype was applied to 446 standard characters
      Setting Ratepr to Variable [Dirichlet(..,1,..)] for partition 1
      Setting Ratepr to Variable [Dirichlet(..,1,..)] for partition 2
      Successfully set prior model parameters to all
      applicable data partitions 
      WARNING: There is one character incompatible with the specified
               coding bias. This character will be excluded.
      WARNING: There are 2 characters incompatible with the specified
               coding bias. These characters will be excluded.
      Setting Clockratepr to Exponential(1.00)
      Setting Clockratepr to Exponential(1.00)
      Successfully set prior model parameters to all
      applicable data partitions 
      WARNING: There is one character incompatible with the specified
               coding bias. This character will be excluded.
      WARNING: There are 2 characters incompatible with the specified
               coding bias. These characters will be excluded.
      Setting Clockvarpr to WN for partition 1
      Setting Clockvarpr to WN for partition 2
      Successfully set prior model parameters to all
      applicable data partitions 
      WARNING: There is one character incompatible with the specified
               coding bias. This character will be excluded.
      WARNING: There are 2 characters incompatible with the specified
               coding bias. These characters will be excluded.
      Unlinking
      WARNING: There is one character incompatible with the specified
               coding bias. This character will be excluded.
      WARNING: There are 2 characters incompatible with the specified
               coding bias. These characters will be excluded.
      Setting age of taxon 'Habilis_OH7_OH24_ER1805' to Uniform(1.78,1.85)
      Setting age of taxon 'Antecessor' to Uniform(0.80,0.90)
      Setting age of taxon 'Narmada' to Uniform(0.24,0.78)
      Setting age of taxon 'Eliye_Springs' to Uniform(0.20,0.30)
      Setting age of taxon 'Ndutu' to Fixed(0.35)
      Setting age of taxon 'Irhoud_1_2' to Uniform(0.28,0.35)
      Setting age of taxon 'Florisbad' to Uniform(0.22,0.29)
      Setting age of taxon 'Omo_II' to Fixed(0.20)
      Setting age of taxon 'LH_18' to Uniform(0.12,0.15)
      Setting age of taxon 'Skhul_V_IX' to Fixed(0.09)
      Setting age of taxon 'Qafzeh_IX' to Fixed(0.09)
      Setting age of taxon 'Mladec_I_II_V_VI' to Fixed(0.04)
      Setting age of taxon 'Cro_Magnon_I_II_III' to Fixed(0.03)
      Setting age of taxon 'Oase_1_2' to Uniform(0.04,0.04)
      Setting age of taxon 'ZKD_UC_101_103' to Fixed(0.03)
      Setting age of taxon 'Liujiang' to Fixed(0.07)
      Setting age of taxon 'SH4_5' to Fixed(0.43)
      Setting age of taxon 'Tabun_1' to Uniform(0.10,0.12)
      Setting age of taxon 'Tabun_2' to Uniform(0.10,0.12)
      Setting age of taxon 'Spy_I_II' to Fixed(0.04)
      Setting age of taxon 'Gibraltar_1' to Fixed(0.07)
      Setting age of taxon 'Amud' to Fixed(0.05)
      Setting age of taxon 'La_Chapelle_aux_Saint' to Fixed(0.05)
      Setting age of taxon 'La_Ferrassie_1' to Fixed(0.07)
      Setting age of taxon 'Shanidar_1_5' to Fixed(0.05)
      Setting age of taxon 'Cesaire' to Uniform(0.04,0.04)
      Setting age of taxon 'Saccopastore_I_II' to Fixed(0.25)
      Setting age of taxon 'Neanderthalensis_type' to Fixed(0.04)
      Setting age of taxon 'Xiahe' to Uniform(0.15,0.16)
      Setting age of taxon 'Dali' to Uniform(0.26,0.27)
      Setting age of taxon 'Hualongdong' to Uniform(0.28,0.33)
      Setting age of taxon 'Harbin' to Uniform(0.15,0.15)
      Setting age of taxon 'Jinniushan' to Uniform(0.20,0.31)
      Setting age of taxon 'Maba' to Uniform(0.23,0.28)
      Setting age of taxon 'Xuchang' to Uniform(0.10,0.12)
      Setting age of taxon 'Mauer_1' to Uniform(0.57,0.65)
      Setting age of taxon 'Arago_II_XIII_XXI_XLVII' to Uniform(0.41,0.47)
      Setting age of taxon 'Broken_Hill' to Uniform(0.27,0.32)
      Setting age of taxon 'Petralona_1' to Uniform(0.15,0.40)
      Setting age of taxon 'Ceprano' to Fixed(0.85)
      Setting age of taxon 'Steinheim_s11' to Fixed(0.30)
      Setting age of taxon 'Saldanha' to Fixed(0.35)
      Setting age of taxon 'Bodo' to Fixed(0.60)
      Setting age of taxon 'Ternifine_1_2_3_4' to Fixed(0.75)
      Setting age of taxon 'Peking_X_XII_XIII_LII_RC' to Uniform(0.28,0.58)
      Setting age of taxon 'Nanjing1' to Uniform(0.58,0.62)
      Setting age of taxon 'Hexian' to Uniform(0.39,0.44)
      Setting age of taxon 'Sambungmacan_1_3' to Fixed(0.20)
      Setting age of taxon 'Sangiran_2_17' to Uniform(1.30,1.50)
      Setting age of taxon 'Ngandong7_9_12' to Uniform(0.11,0.12)
      Setting age of taxon 'Dmanisi' to Fixed(1.77)
      Setting age of taxon 'Rabat' to Fixed(0.30)
      Setting age of taxon 'STW53' to Fixed(1.90)
      Setting age of taxon 'OH_9' to Fixed(1.47)
      Setting age of taxon 'Turkana_ER3733_3883' to Uniform(1.53,1.78)
      Setting Nodeagepr to Calibrated for partition 1
      Setting Nodeagepr to Calibrated for partition 2
      Successfully set prior model parameters to all
      applicable data partitions 
      WARNING: There is one character incompatible with the specified
               coding bias. This character will be excluded.
      WARNING: There are 2 characters incompatible with the specified
               coding bias. These characters will be excluded.
      Setting Brlenspr to Clock:Fossilization for partition 1
      Setting Brlenspr to Clock:Fossilization for partition 2
      Successfully set prior model parameters to all
      applicable data partitions 
      WARNING: There is one character incompatible with the specified
               coding bias. This character will be excluded.
      WARNING: There are 2 characters incompatible with the specified
               coding bias. These characters will be excluded.
      Setting Speciationpr to Exponential(10.00) for partition 1
      Setting Speciationpr to Exponential(10.00) for partition 2
      Successfully set prior model parameters to all
      applicable data partitions 
      WARNING: There is one character incompatible with the specified
               coding bias. This character will be excluded.
      WARNING: There are 2 characters incompatible with the specified
               coding bias. These characters will be excluded.
      Setting Extinctionpr to Beta(1.00,1.00) for partition 1
      Setting Extinctionpr to Beta(1.00,1.00) for partition 2
      Successfully set prior model parameters to all
      applicable data partitions 
      WARNING: There is one character incompatible with the specified
               coding bias. This character will be excluded.
      WARNING: There are 2 characters incompatible with the specified
               coding bias. These characters will be excluded.
      Setting Fossilizationpr to Beta(1.00,1.00) for partition 1
      Setting Fossilizationpr to Beta(1.00,1.00) for partition 2
      Successfully set prior model parameters to all
      applicable data partitions 
      WARNING: There is one character incompatible with the specified
               coding bias. This character will be excluded.
      WARNING: There are 2 characters incompatible with the specified
               coding bias. These characters will be excluded.
      Setting Treeagepr to Uniform(2.80,3.60)
      Setting Treeagepr to Uniform(2.80,3.60)
      Successfully set prior model parameters to all
      applicable data partitions 
      WARNING: There is one character incompatible with the specified
               coding bias. This character will be excluded.
      WARNING: There are 2 characters incompatible with the specified
               coding bias. These characters will be excluded.
      Defining constraint called 'ingroup'
      Setting Topologypr to Constraints for partition 1
      Setting Topologypr to Constraints for partition 2
      Successfully set prior model parameters to all
      applicable data partitions 
      WARNING: There is one character incompatible with the specified
               coding bias. This character will be excluded.
      WARNING: There are 2 characters incompatible with the specified
               coding bias. These characters will be excluded.
      Setting number of runs to 4
      Setting number of generations to 60000000
      Setting sample frequency to 1200
      Setting print frequency to 20000
      Setting diagnosing frequency to 100000
      Setting chain output file names to "../data_disc.nex.run<i>.<p/t>"
      Successfully set chain parameters
      Setting burnin fraction to 0.30
      Setting heating parameter to 0.070000
      Setting chain output file names to "data_disc.run<i>.<p/t>"
      Successfully set chain parameters
      Running Markov chain
      MCMC stamp = 6594434611
      Seed = 1272912482
      Swapseed = 1761567956
      Model settings:

         Settings for partition 1 --
            Datatype  = Standard
            Coding    = Variable
            # States  = Variable, up to 24
                        State frequencies are fixed to be equal
            Rates     = Equal

         Settings for partition 2 --
            Datatype  = Standard
            Coding    = Variable
            # States  = Variable, up to 24
                        State frequencies are fixed to be equal
            Rates     = Equal

      Active parameters: 

                             Partition(s)
         Parameters          1  2
         ------------------------
         Statefreq           1  1
         Ratemultiplier      2  2
         Topology            3  3
         Brlens              4  4
         Speciationrate      5  5
         Extinctionrate      6  6
         Fossilizationrate   7  7
         Clockrate           8  8
         WNvar               9 10
         WNbranchrates      11 12
         ------------------------

         Parameters can be linked or unlinked across partitions using 'link' and 'unlink'

         1 --  Parameter  = Alpha_symdir{all}
               Type       = Symmetric diricihlet distribution alpha_i parameter
               Prior      = Symmetric dirichlet with all parameters fixed to infinity
               Partitions = 1 and 2

         2 --  Parameter  = Ratemultiplier{all}
               Type       = Partition-specific rate multiplier
               Prior      = Dirichlet(1.00,1.00)
               Partitions = 1 and 2

         3 --  Parameter  = Tau{all}
               Type       = Topology
               Prior      = Prior on topology obeys the following constraints:
                            -- Hard constraint "ingroup"
               Partitions = 1 and 2
               Subparam.  = V{all}

         4 --  Parameter  = V{all}
               Type       = Branch lengths
               Prior      = Clock:Fossilization
                            Node depths are constrained by the following age constraints:
                            -- The age of terminal "Habilis_OH7_OH24_ER1805" is Uniform(1.78,1.85)
                            -- The age of terminal "Antecessor" is Uniform(0.80,0.90)
                            -- The age of terminal "Narmada" is Uniform(0.24,0.78)
                            -- The age of terminal "Eliye_Springs" is Uniform(0.20,0.30)
                            -- The age of terminal "Ndutu" is Fixed(0.35)
                            -- The age of terminal "Irhoud_1_2" is Uniform(0.28,0.35)
                            -- The age of terminal "Florisbad" is Uniform(0.22,0.29)
                            -- The age of terminal "Omo_II" is Fixed(0.20)
                            -- The age of terminal "LH_18" is Uniform(0.12,0.15)
                            -- The age of terminal "Skhul_V_IX" is Fixed(0.09)
                            -- The age of terminal "Qafzeh_IX" is Fixed(0.09)
                            -- The age of terminal "Mladec_I_II_V_VI" is Fixed(0.04)
                            -- The age of terminal "Cro_Magnon_I_II_III" is Fixed(0.03)
                            -- The age of terminal "Oase_1_2" is Uniform(0.04,0.04)
                            -- The age of terminal "ZKD_UC_101_103" is Fixed(0.03)
                            -- The age of terminal "Liujiang" is Fixed(0.07)
                            -- The age of terminal "SH4_5" is Fixed(0.43)
                            -- The age of terminal "Tabun_1" is Uniform(0.10,0.12)
                            -- The age of terminal "Tabun_2" is Uniform(0.10,0.12)
                            -- The age of terminal "Spy_I_II" is Fixed(0.04)
                            -- The age of terminal "Gibraltar_1" is Fixed(0.07)
                            -- The age of terminal "Amud" is Fixed(0.05)
                            -- The age of terminal "La_Chapelle_aux_Saint" is Fixed(0.05)
                            -- The age of terminal "La_Ferrassie_1" is Fixed(0.07)
                            -- The age of terminal "Shanidar_1_5" is Fixed(0.05)
                            -- The age of terminal "Cesaire" is Uniform(0.04,0.04)
                            -- The age of terminal "Saccopastore_I_II" is Fixed(0.25)
                            -- The age of terminal "Neanderthalensis_type" is Fixed(0.04)
                            -- The age of terminal "Xiahe" is Uniform(0.15,0.16)
                            -- The age of terminal "Dali" is Uniform(0.26,0.27)
                            -- The age of terminal "Hualongdong" is Uniform(0.28,0.33)
                            -- The age of terminal "Harbin" is Uniform(0.15,0.15)
                            -- The age of terminal "Jinniushan" is Uniform(0.20,0.31)
                            -- The age of terminal "Maba" is Uniform(0.23,0.28)
                            -- The age of terminal "Xuchang" is Uniform(0.10,0.12)
                            -- The age of terminal "Mauer_1" is Uniform(0.57,0.65)
                            -- The age of terminal "Arago_II_XIII_XXI_XLVII" is Uniform(0.41,0.47)
                            -- The age of terminal "Broken_Hill" is Uniform(0.27,0.32)
                            -- The age of terminal "Petralona_1" is Uniform(0.15,0.40)
                            -- The age of terminal "Ceprano" is Fixed(0.85)
                            -- The age of terminal "Steinheim_s11" is Fixed(0.30)
                            -- The age of terminal "Saldanha" is Fixed(0.35)
                            -- The age of terminal "Bodo" is Fixed(0.60)
                            -- The age of terminal "Ternifine_1_2_3_4" is Fixed(0.75)
                            -- The age of terminal "Peking_X_XII_XIII_LII_RC" is Uniform(0.28,0.58)
                            -- The age of terminal "Nanjing1" is Uniform(0.58,0.62)
                            -- The age of terminal "Hexian" is Uniform(0.39,0.44)
                            -- The age of terminal "Sambungmacan_1_3" is Fixed(0.20)
                            -- The age of terminal "Sangiran_2_17" is Uniform(1.30,1.50)
                            -- The age of terminal "Ngandong7_9_12" is Uniform(0.11,0.12)
                            -- The age of terminal "Dmanisi" is Fixed(1.77)
                            -- The age of terminal "Rabat" is Fixed(0.30)
                            -- The age of terminal "STW53" is Fixed(1.90)
                            -- The age of terminal "OH_9" is Fixed(1.47)
                            -- The age of terminal "Turkana_ER3733_3883" is Uniform(1.53,1.78)
                            -- Tree age has a Uniform(2.80,3.60) distribution
               Partitions = 1 and 2
               Subparams  = WNBrlens{1} and WNBrlens{2}

         5 --  Parameter  = Net_speciation{all}
               Type       = Speciation rate
               Prior      = Exponential(10.00)
               Partitions = 1 and 2

         6 --  Parameter  = Relative_extinction{all}
               Type       = Extinction rate
               Prior      = Beta(1.00,1.00)
               Partitions = 1 and 2

         7 --  Parameter  = Relative_fossilization{all}
               Type       = Fossilization rate
               Prior      = Beta(1.00,1.00)
               Partitions = 1 and 2

         8 --  Parameter  = Clockrate{all}
               Type       = Base rate of clock
               Prior      = Exponential(1.00)
                            The clock rate varies according to a white noise model
               Partitions = 1 and 2

         9 --  Parameter  = WNvar{1}
               Type       = Variance of WN model branch rates
               Prior      = Exponential(10.00)
               Partition  = 1
               Subparam.  = WNBrlens{1}

        10 --  Parameter  = WNvar{2}
               Type       = Variance of WN model branch rates
               Prior      = Exponential(10.00)
               Partition  = 2
               Subparam.  = WNBrlens{2}

        11 --  Parameter  = WNBrlens{1}
               Type       = Branch lengths of WN relaxed clock
               Prior      = Gamma (expectation = 1.0, variance = WNvar{1} / v) 
                               [v is branch length (t * c)]
               Partition  = 1

        12 --  Parameter  = WNBrlens{2}
               Type       = Branch lengths of WN relaxed clock
               Prior      = Gamma (expectation = 1.0, variance = WNvar{2} / v) 
                               [v is branch length (t * c)]
               Partition  = 2


      Number of chains per MPI processor = 1

      The MCMC sampler will use the following moves:
         With prob.  Chain will use move
            0.46 %   Dirichlet(Ratemultiplier{all})
            0.46 %   Slider(Ratemultiplier{all})
            6.19 %   ExtSPRClock(Tau{all},V{all})
           12.38 %   NNIClock(Tau{all},V{all})
            6.19 %   ParsSPRClock(Tau{all},V{all})
            6.19 %   AddBranch(V{all})
            6.19 %   DelBranch(V{all})
           18.58 %   NodesliderClock(V{all})
            1.86 %   TreeStretch(V{all})
            1.86 %   Slider(Net_speciation{all})
            1.86 %   Slider(Relative_extinction{all})
            1.86 %   Slider(Relative_fossilization{all})
            2.48 %   Multiplier(Clockrate{all})
            1.24 %   Multiplier(WNvar{1})
            1.24 %   Multiplier(WNvar{2})
           15.48 %   Multiplier(WNBrlens{1})
           15.48 %   Multiplier(WNBrlens{2})

      Division 1 has 234 unique site patterns
      Division 2 has 399 unique site patterns
      Initializing conditional likelihoods
      Using standard non-SSE likelihood calculator for division 1 (single-precision)
      Using standard non-SSE likelihood calculator for division 2 (single-precision)

      Initial log likelihoods and log prior probs for run 1:
         Chain 1 -- -26151.580290 -- -472.751014

      There are 15 more chains on other processor(s)

      Overwriting file "data_disc.mcmc"
      Overwriting file "data_disc.run1.p"
      Overwriting file "data_disc.run1.t"
      Overwriting file "data_disc.run2.p"
      Overwriting file "data_disc.run2.t"
      Overwriting file "data_disc.run3.p"
      Overwriting file "data_disc.run3.t"
      Overwriting file "data_disc.run4.p"
      Overwriting file "data_disc.run4.t"

      Using a relative burnin of 30.0 % for diagnostics

      Chain results (60000000 generations requested):

         0 -- [-26151.580] [...15 remote chains...] 
      20000 -- (-22194.801) [...15 remote chains...] -- 4:59:54
      40000 -- (-22084.505) [...15 remote chains...] -- 4:59:48
      60000 -- (-22006.278) [...15 remote chains...] -- 4:59:42
      80000 -- (-21969.378) [...15 remote chains...] -- 5:12:05
      100000 -- (-21901.142) [...15 remote chains...] -- 5:09:29

      Average standard deviation of split frequencies: 0.163230

      120000 -- (-21888.697) [...15 remote chains...] -- 5:07:43
      140000 -- (-21887.300) [...15 remote chains...] -- 5:06:25
      160000 -- (-21852.070) [...15 remote chains...] -- 5:11:40
      180000 -- (-21829.123) [...15 remote chains...] -- 5:10:10
      200000 -- (-21826.223) [...15 remote chains...] -- 5:08:58

      Average standard deviation of split frequencies: 0.137767

      220000 -- (-21862.755) [...15 remote chains...] -- 5:12:29
      240000 -- (-21834.757) [...15 remote chains...] -- 5:11:15
      260000 -- (-21827.293) [...15 remote chains...] -- 5:14:01
      280000 -- (-21834.923) [...15 remote chains...] -- 5:12:49
      300000 -- (-21826.828) [...15 remote chains...] -- 5:15:05

      Average standard deviation of split frequencies: 0.156547

      320000 -- (-21832.754) [...15 remote chains...] -- 5:13:56
      340000 -- (-21828.778) [...15 remote chains...] -- 5:12:55
      360000 -- (-21805.942) [...15 remote chains...] -- 5:14:46
      380000 -- (-21812.257) [...15 remote chains...] -- 5:13:47
      400000 -- (-21794.610) [...15 remote chains...] -- 5:15:23

      Average standard deviation of split frequencies: 0.176284

      420000 -- (-21773.215) [...15 remote chains...] -- 5:14:27
      440000 -- (-21776.969) [...15 remote chains...] -- 5:15:50
      460000 -- (-21775.489) [...15 remote chains...] -- 5:14:57
      480000 -- (-21795.134) [...15 remote chains...] -- 5:16:12
      500000 -- (-21798.587) [...15 remote chains...] -- 5:15:21

      Average standard deviation of split frequencies: 0.185635

      520000 -- (-21766.833) [...15 remote chains...] -- 5:16:27
      540000 -- (-21779.549) [...15 remote chains...] -- 5:15:39
      560000 -- (-21788.853) [...15 remote chains...] -- 5:16:39
      580000 -- (-21769.326) [...15 remote chains...] -- 5:15:52
      600000 -- (-21783.475) [...15 remote chains...] -- 5:16:48

      Average standard deviation of split frequencies: 0.179145

      620000 -- (-21773.529) [...15 remote chains...] -- 5:16:03
      640000 -- (-21768.851) [...15 remote chains...] -- 5:16:53
      660000 -- (-21750.289) [...15 remote chains...] -- 5:16:10
      680000 -- (-21735.165) [...15 remote chains...] -- 5:16:57
      700000 -- (-21732.204) [...15 remote chains...] -- 5:16:16

      Average standard deviation of split frequencies: 0.171586

      720000 -- (-21740.297) [...15 remote chains...] -- 5:16:59
      740000 -- [-21726.151] [...15 remote chains...] -- 5:17:39
      760000 -- (-21732.894) [...15 remote chains...] -- 5:16:59
      780000 -- [-21720.127] [...15 remote chains...] -- 5:17:36
      800000 -- (-21734.944) [...15 remote chains...] -- 5:16:58

      Average standard deviation of split frequencies: 0.165116

      820000 -- (-21739.735) [...15 remote chains...] -- 5:17:33
      840000 -- [-21745.042] [...15 remote chains...] -- 5:18:06
      860000 -- (-21741.430) [...15 remote chains...] -- 5:17:28
      880000 -- (-21769.360) [...15 remote chains...] -- 5:17:59
      900000 -- (-21755.778) [...15 remote chains...] -- 5:17:23

      Average standard deviation of split frequencies: 0.163147

      920000 -- (-21792.857) [...15 remote chains...] -- 5:17:52
      940000 -- (-21753.083) [...15 remote chains...] -- 5:18:20
      960000 -- (-21759.657) [...15 remote chains...] -- 5:17:45
      980000 -- (-21735.103) [...15 remote chains...] -- 5:18:11
      1000000 -- (-21764.216) [...15 remote chains...] -- 5:18:36

      Average standard deviation of split frequencies: 0.157281

      1020000 -- (-21744.413) [...15 remote chains...] -- 5:18:59
      1040000 -- (-21742.283) [...15 remote chains...] -- 5:18:25
      1060000 -- (-21745.201) [...15 remote chains...] -- 5:18:47
      1080000 -- (-21744.884) [...15 remote chains...] -- 5:18:14
      1100000 -- (-21722.032) [...15 remote chains...] -- 5:18:35

      Average standard deviation of split frequencies: 0.151152

      1120000 -- [-21731.481] [...15 remote chains...] -- 5:18:56
      1140000 -- (-21721.134) [...15 remote chains...] -- 5:18:23
      1160000 -- [-21714.957] [...15 remote chains...] -- 5:18:43
      1180000 -- [-21727.253] [...15 remote chains...] -- 5:18:11
      1200000 -- [-21753.298] [...15 remote chains...] -- 5:18:30

      Average standard deviation of split frequencies: 0.139019

      1220000 -- (-21737.010) [...15 remote chains...] -- 5:18:47
      1240000 -- (-21717.541) [...15 remote chains...] -- 5:18:17
      1260000 -- [-21707.421] [...15 remote chains...] -- 5:18:33
      1280000 -- (-21712.499) [...15 remote chains...] -- 5:18:04
      1300000 -- (-21749.391) [...15 remote chains...] -- 5:18:20

      Average standard deviation of split frequencies: 0.132753

      1320000 -- (-21733.730) [...15 remote chains...] -- 5:18:35
      1340000 -- (-21742.807) [...15 remote chains...] -- 5:18:06
      1360000 -- (-21755.839) [...15 remote chains...] -- 5:18:21
      1380000 -- (-21745.062) [...15 remote chains...] -- 5:17:52
      1400000 -- (-21725.263) [...15 remote chains...] -- 5:18:06

      Average standard deviation of split frequencies: 0.127012

      1420000 -- (-21731.421) [...15 remote chains...] -- 5:18:20
      1440000 -- (-21733.673) [...15 remote chains...] -- 5:18:33
      1460000 -- (-21734.689) [...15 remote chains...] -- 5:18:05
      1480000 -- (-21729.176) [...15 remote chains...] -- 5:18:18
      1500000 -- (-21728.229) [...15 remote chains...] -- 5:18:30

      Average standard deviation of split frequencies: 0.122389

      1520000 -- [-21716.623] [...15 remote chains...] -- 5:18:02
      1540000 -- [-21723.625] [...15 remote chains...] -- 5:18:14
      1560000 -- [-21723.768] [...15 remote chains...] -- 5:18:25
      1580000 -- (-21730.693) [...15 remote chains...] -- 5:17:58
      1600000 -- (-21710.754) [...15 remote chains...] -- 5:18:09

      Average standard deviation of split frequencies: 0.119768

      1620000 -- [-21711.135] [...15 remote chains...] -- 5:18:19
      1640000 -- [-21734.028] [...15 remote chains...] -- 5:17:53
      1660000 -- [-21702.501] [...15 remote chains...] -- 5:18:03
      1680000 -- [-21738.814] [...15 remote chains...] -- 5:17:38
      1700000 -- [-21741.113] [...15 remote chains...] -- 5:17:47

      Average standard deviation of split frequencies: 0.113918

      1720000 -- [-21713.449] [...15 remote chains...] -- 5:17:56
      1740000 -- [-21736.269] [...15 remote chains...] -- 5:17:31
      1760000 -- [-21721.853] [...15 remote chains...] -- 5:17:40
      1780000 -- [-21724.819] [...15 remote chains...] -- 5:17:15
      1800000 -- [-21724.078] [...15 remote chains...] -- 5:17:24

      Average standard deviation of split frequencies: 0.109118

      1820000 -- [-21724.863] [...15 remote chains...] -- 5:17:32
      1840000 -- (-21735.692) [...15 remote chains...] -- 5:17:40
      1860000 -- (-21757.488) [...15 remote chains...] -- 5:17:16
      1880000 -- (-21754.085) [...15 remote chains...] -- 5:17:23
      1900000 -- (-21745.770) [...15 remote chains...] -- 5:17:00

      Average standard deviation of split frequencies: 0.103972

      1920000 -- (-21731.260) [...15 remote chains...] -- 5:17:07
      1940000 -- [-21731.729] [...15 remote chains...] -- 5:17:14
      1960000 -- [-21728.837] [...15 remote chains...] -- 5:16:51
      1980000 -- [-21717.100] [...15 remote chains...] -- 5:16:57
      2000000 -- [-21743.104] [...15 remote chains...] -- 5:17:04

      Average standard deviation of split frequencies: 0.102112

      2020000 -- [-21732.643] [...15 remote chains...] -- 5:16:41
      2040000 -- [-21731.634] [...15 remote chains...] -- 5:16:47
      2060000 -- [-21741.827] [...15 remote chains...] -- 5:16:53
      2080000 -- [-21722.995] [...15 remote chains...] -- 5:16:58
      2100000 -- [-21719.535] [...15 remote chains...] -- 5:16:36

      Average standard deviation of split frequencies: 0.099007

      2120000 -- [-21744.750] [...15 remote chains...] -- 5:16:42
      2140000 -- [-21724.988] [...15 remote chains...] -- 5:16:47
      2160000 -- [-21727.131] [...15 remote chains...] -- 5:16:52
      2180000 -- [-21695.308] [...15 remote chains...] -- 5:16:30
      2200000 -- [-21720.366] [...15 remote chains...] -- 5:16:35

      Average standard deviation of split frequencies: 0.096580

      2220000 -- [-21723.940] [...15 remote chains...] -- 5:16:39
      2240000 -- (-21748.934) [...15 remote chains...] -- 5:16:18
      2260000 -- [-21721.362] [...15 remote chains...] -- 5:16:22
      2280000 -- [-21725.265] [...15 remote chains...] -- 5:16:26
      2300000 -- [-21741.470] [...15 remote chains...] -- 5:16:30

      Average standard deviation of split frequencies: 0.093327

      2320000 -- (-21727.403) [...15 remote chains...] -- 5:16:09
      2340000 -- (-21731.281) [...15 remote chains...] -- 5:16:13
      2360000 -- [-21717.974] [...15 remote chains...] -- 5:16:17
      2380000 -- [-21719.025] [...15 remote chains...] -- 5:15:56
      2400000 -- [-21743.507] [...15 remote chains...] -- 5:16:00

      Average standard deviation of split frequencies: 0.091830

      2420000 -- [-21741.730] [...15 remote chains...] -- 5:16:03
      2440000 -- [-21716.029] [...15 remote chains...] -- 5:16:06
      2460000 -- [-21729.188] [...15 remote chains...] -- 5:15:46
      2480000 -- [-21737.768] [...15 remote chains...] -- 5:15:49
      2500000 -- [-21731.129] [...15 remote chains...] -- 5:15:52

      Average standard deviation of split frequencies: 0.091990

      2520000 -- [-21734.322] [...15 remote chains...] -- 5:15:31
      2540000 -- [-21705.233] [...15 remote chains...] -- 5:15:34
      2560000 -- [-21731.028] [...15 remote chains...] -- 5:15:37
      2580000 -- (-21736.942) [...15 remote chains...] -- 5:15:39
      2600000 -- [-21730.388] [...15 remote chains...] -- 5:15:19

      Average standard deviation of split frequencies: 0.089442

      2620000 -- [-21738.347] [...15 remote chains...] -- 5:15:22
      2640000 -- [-21726.869] [...15 remote chains...] -- 5:15:24
      2660000 -- [-21718.763] [...15 remote chains...] -- 5:15:04
      2680000 -- [-21710.684] [...15 remote chains...] -- 5:15:07
      2700000 -- [-21727.445] [...15 remote chains...] -- 5:15:09

      Average standard deviation of split frequencies: 0.086977

      2720000 -- [-21722.990] [...15 remote chains...] -- 5:15:10
      2740000 -- [-21721.233] [...15 remote chains...] -- 5:14:51
      2760000 -- [-21721.512] [...15 remote chains...] -- 5:14:53
      2780000 -- [-21737.226] [...15 remote chains...] -- 5:14:54
      2800000 -- (-21736.922) [...15 remote chains...] -- 5:14:36

      Average standard deviation of split frequencies: 0.086619

      2820000 -- [-21726.575] [...15 remote chains...] -- 5:14:37
      2840000 -- [-21722.115] [...15 remote chains...] -- 5:14:38
      2860000 -- (-21723.410) [...15 remote chains...] -- 5:14:20
      2880000 -- (-21748.014) [...15 remote chains...] -- 5:14:21
      2900000 -- [-21741.357] [...15 remote chains...] -- 5:14:22

      Average standard deviation of split frequencies: 0.083894

      2920000 -- (-21743.057) [...15 remote chains...] -- 5:14:04
      2940000 -- (-21747.232) [...15 remote chains...] -- 5:14:05
      2960000 -- (-21740.693) [...15 remote chains...] -- 5:14:06
      2980000 -- [-21720.490] [...15 remote chains...] -- 5:14:07
      3000000 -- [-21726.151] [...15 remote chains...] -- 5:13:49

      Average standard deviation of split frequencies: 0.083980

      3020000 -- [-21705.153] [...15 remote chains...] -- 5:13:49
      3040000 -- [-21728.859] [...15 remote chains...] -- 5:13:50
      3060000 -- [-21743.183] [...15 remote chains...] -- 5:13:32
      3080000 -- (-21737.154) [...15 remote chains...] -- 5:13:33
      3100000 -- (-21750.375) [...15 remote chains...] -- 5:13:33

      Average standard deviation of split frequencies: 0.083926

      3120000 -- (-21750.921) [...15 remote chains...] -- 5:13:34
      3140000 -- (-21743.144) [...15 remote chains...] -- 5:13:16
      3160000 -- (-21728.819) [...15 remote chains...] -- 5:13:16
      3180000 -- (-21727.301) [...15 remote chains...] -- 5:13:17
      3200000 -- (-21750.871) [...15 remote chains...] -- 5:12:59

      Average standard deviation of split frequencies: 0.085259

      3220000 -- (-21729.741) [...15 remote chains...] -- 5:12:59
      3240000 -- (-21742.528) [...15 remote chains...] -- 5:12:59
      3260000 -- (-21745.163) [...15 remote chains...] -- 5:12:42
      3280000 -- (-21726.210) [...15 remote chains...] -- 5:12:42
      3300000 -- (-21722.455) [...15 remote chains...] -- 5:12:42

      Average standard deviation of split frequencies: 0.086113

      3320000 -- (-21741.578) [...15 remote chains...] -- 5:12:25
      3340000 -- [-21738.091] [...15 remote chains...] -- 5:12:25
      3360000 -- (-21741.802) [...15 remote chains...] -- 5:12:25
      3380000 -- [-21721.363] [...15 remote chains...] -- 5:12:08
      3400000 -- [-21740.112] [...15 remote chains...] -- 5:12:07

      Average standard deviation of split frequencies: 0.085516

      3420000 -- [-21718.638] [...15 remote chains...] -- 5:12:07
      3440000 -- [-21720.512] [...15 remote chains...] -- 5:11:50
      3460000 -- [-21709.373] [...15 remote chains...] -- 5:11:50
      3480000 -- (-21740.347) [...15 remote chains...] -- 5:11:50
      3500000 -- [-21728.661] [...15 remote chains...] -- 5:11:33

      Average standard deviation of split frequencies: 0.085406

      3520000 -- [-21743.305] [...15 remote chains...] -- 5:11:32
      3540000 -- [-21726.450] [...15 remote chains...] -- 5:11:32
      3560000 -- (-21743.615) [...15 remote chains...] -- 5:11:15
      3580000 -- (-21734.768) [...15 remote chains...] -- 5:11:15
      3600000 -- [-21720.443] [...15 remote chains...] -- 5:11:14

      Average standard deviation of split frequencies: 0.085286

      3620000 -- [-21739.689] [...15 remote chains...] -- 5:11:13
      3640000 -- (-21715.744) [...15 remote chains...] -- 5:10:57
      3660000 -- (-21728.645) [...15 remote chains...] -- 5:10:56
      3680000 -- [-21730.837] [...15 remote chains...] -- 5:10:56
      3700000 -- [-21715.748] [...15 remote chains...] -- 5:10:39

      Average standard deviation of split frequencies: 0.085415

      3720000 -- [-21716.273] [...15 remote chains...] -- 5:10:38
      3740000 -- [-21729.403] [...15 remote chains...] -- 5:10:38
      3760000 -- [-21720.099] [...15 remote chains...] -- 5:10:22
      3780000 -- [-21719.339] [...15 remote chains...] -- 5:10:21
      3800000 -- (-21734.475) [...15 remote chains...] -- 5:10:19

      Average standard deviation of split frequencies: 0.084407

      3820000 -- [-21737.657] [...15 remote chains...] -- 5:10:04
      3840000 -- [-21730.211] [...15 remote chains...] -- 5:10:03
      3860000 -- [-21723.457] [...15 remote chains...] -- 5:10:01
      3880000 -- (-21740.884) [...15 remote chains...] -- 5:09:46
      3900000 -- (-21732.230) [...15 remote chains...] -- 5:09:44

      Average standard deviation of split frequencies: 0.084115

      3920000 -- [-21757.678] [...15 remote chains...] -- 5:09:43
      3940000 -- [-21724.648] [...15 remote chains...] -- 5:09:28
      3960000 -- (-21742.328) [...15 remote chains...] -- 5:09:26
      3980000 -- (-21742.166) [...15 remote chains...] -- 5:09:25
      4000000 -- [-21738.802] [...15 remote chains...] -- 5:09:24

      Average standard deviation of split frequencies: 0.084070

      4020000 -- [-21748.529] [...15 remote chains...] -- 5:09:08
      4040000 -- [-21743.751] [...15 remote chains...] -- 5:09:07
      4060000 -- [-21753.528] [...15 remote chains...] -- 5:09:05
      4080000 -- (-21757.048) [...15 remote chains...] -- 5:08:50
      4100000 -- (-21755.427) [...15 remote chains...] -- 5:08:48

      Average standard deviation of split frequencies: 0.083648

      4120000 -- [-21751.900] [...15 remote chains...] -- 5:08:47
      4140000 -- [-21747.002] [...15 remote chains...] -- 5:08:32
      4160000 -- [-21741.615] [...15 remote chains...] -- 5:08:30
      4180000 -- (-21729.996) [...15 remote chains...] -- 5:08:28
      4200000 -- (-21751.497) [...15 remote chains...] -- 5:08:13

      Average standard deviation of split frequencies: 0.082548

      4220000 -- [-21721.456] [...15 remote chains...] -- 5:08:11
      4240000 -- [-21717.441] [...15 remote chains...] -- 5:08:10
      4260000 -- [-21720.009] [...15 remote chains...] -- 5:07:55
      4280000 -- [-21732.350] [...15 remote chains...] -- 5:07:53
      4300000 -- [-21725.649] [...15 remote chains...] -- 5:07:51

      Average standard deviation of split frequencies: 0.081357

      4320000 -- (-21754.570) [...15 remote chains...] -- 5:07:36
      4340000 -- (-21718.511) [...15 remote chains...] -- 5:07:35
      4360000 -- [-21723.915] [...15 remote chains...] -- 5:07:33
      4380000 -- [-21719.321] [...15 remote chains...] -- 5:07:18
      4400000 -- [-21723.517] [...15 remote chains...] -- 5:07:16

      Average standard deviation of split frequencies: 0.080842

      4420000 -- [-21728.821] [...15 remote chains...] -- 5:07:14
      4440000 -- [-21725.714] [...15 remote chains...] -- 5:07:12
      4460000 -- [-21729.647] [...15 remote chains...] -- 5:06:57
      4480000 -- [-21708.273] [...15 remote chains...] -- 5:06:55
      4500000 -- [-21725.533] [...15 remote chains...] -- 5:06:53

      Average standard deviation of split frequencies: 0.079477

      4520000 -- [-21728.580] [...15 remote chains...] -- 5:06:39
      4540000 -- (-21725.225) [...15 remote chains...] -- 5:06:37
      4560000 -- [-21726.205] [...15 remote chains...] -- 5:06:34
      4580000 -- [-21722.896] [...15 remote chains...] -- 5:06:20
      4600000 -- (-21734.545) [...15 remote chains...] -- 5:06:18

      Average standard deviation of split frequencies: 0.078734

      4620000 -- [-21723.035] [...15 remote chains...] -- 5:06:16
      4640000 -- (-21741.247) [...15 remote chains...] -- 5:06:13
      4660000 -- (-21762.060) [...15 remote chains...] -- 5:05:59
      4680000 -- (-21715.085) [...15 remote chains...] -- 5:05:57
      4700000 -- [-21726.524] [...15 remote chains...] -- 5:05:54

      Average standard deviation of split frequencies: 0.078261

      4720000 -- [-21719.072] [...15 remote chains...] -- 5:05:40
      4740000 -- [-21731.407] [...15 remote chains...] -- 5:05:38
      4760000 -- (-21747.598) [...15 remote chains...] -- 5:05:35
      4780000 -- (-21745.566) [...15 remote chains...] -- 5:05:21
      4800000 -- (-21751.460) [...15 remote chains...] -- 5:05:19

      Average standard deviation of split frequencies: 0.077957

      4820000 -- [-21727.652] [...15 remote chains...] -- 5:05:17
      4840000 -- [-21735.533] [...15 remote chains...] -- 5:05:03
      4860000 -- [-21722.208] [...15 remote chains...] -- 5:05:00
      4880000 -- (-21733.795) [...15 remote chains...] -- 5:04:58
      4900000 -- (-21723.431) [...15 remote chains...] -- 5:04:44

      Average standard deviation of split frequencies: 0.076803

      4920000 -- (-21749.174) [...15 remote chains...] -- 5:04:41
      4940000 -- (-21733.063) [...15 remote chains...] -- 5:04:39
      4960000 -- [-21715.149] [...15 remote chains...] -- 5:04:25
      4980000 -- [-21733.750] [...15 remote chains...] -- 5:04:22
      5000000 -- [-21726.124] [...15 remote chains...] -- 5:04:20

      Average standard deviation of split frequencies: 0.076327

      5020000 -- [-21718.412] [...15 remote chains...] -- 5:04:06
      5040000 -- [-21738.555] [...15 remote chains...] -- 5:04:03
      5060000 -- [-21720.063] [...15 remote chains...] -- 5:04:00
      5080000 -- [-21732.723] [...15 remote chains...] -- 5:03:47
      5100000 -- [-21725.932] [...15 remote chains...] -- 5:03:44

      Average standard deviation of split frequencies: 0.075185

      5120000 -- [-21726.247] [...15 remote chains...] -- 5:03:41
      5140000 -- [-21716.899] [...15 remote chains...] -- 5:03:28
      5160000 -- [-21713.494] [...15 remote chains...] -- 5:03:25
      5180000 -- [-21726.754] [...15 remote chains...] -- 5:03:22
      5200000 -- (-21725.081) [...15 remote chains...] -- 5:03:09

      Average standard deviation of split frequencies: 0.074992

      5220000 -- (-21736.311) [...15 remote chains...] -- 5:03:06
      5240000 -- [-21721.323] [...15 remote chains...] -- 5:03:03
      5260000 -- (-21722.812) [...15 remote chains...] -- 5:02:50
      5280000 -- [-21716.875] [...15 remote chains...] -- 5:02:47
      5300000 -- (-21736.760) [...15 remote chains...] -- 5:02:34

      Average standard deviation of split frequencies: 0.073896

      5320000 -- [-21722.439] [...15 remote chains...] -- 5:02:31
      5340000 -- [-21735.041] [...15 remote chains...] -- 5:02:28
      5360000 -- (-21729.715) [...15 remote chains...] -- 5:02:15
      5380000 -- (-21732.410) [...15 remote chains...] -- 5:02:12
      5400000 -- (-21723.527) [...15 remote chains...] -- 5:01:59

      Average standard deviation of split frequencies: 0.073277

      5420000 -- [-21749.081] [...15 remote chains...] -- 5:01:56
      5440000 -- [-21729.301] [...15 remote chains...] -- 5:01:53
      5460000 -- (-21746.372) [...15 remote chains...] -- 5:01:40
      5480000 -- (-21726.526) [...15 remote chains...] -- 5:01:37
      5500000 -- (-21735.266) [...15 remote chains...] -- 5:01:34

      Average standard deviation of split frequencies: 0.072952

      5520000 -- (-21729.152) [...15 remote chains...] -- 5:01:21
      5540000 -- [-21719.432] [...15 remote chains...] -- 5:01:17
      5560000 -- [-21739.059] [...15 remote chains...] -- 5:01:14
      5580000 -- [-21714.650] [...15 remote chains...] -- 5:01:11
      5600000 -- [-21716.900] [...15 remote chains...] -- 5:00:58

      Average standard deviation of split frequencies: 0.072804

      5620000 -- (-21722.132) [...15 remote chains...] -- 5:00:55
      5640000 -- (-21722.290) [...15 remote chains...] -- 5:00:52
      5660000 -- (-21730.963) [...15 remote chains...] -- 5:00:39
      5680000 -- [-21706.804] [...15 remote chains...] -- 5:00:36
      5700000 -- [-21723.401] [...15 remote chains...] -- 5:00:33

      Average standard deviation of split frequencies: 0.072522

      5720000 -- [-21737.050] [...15 remote chains...] -- 5:00:30
      5740000 -- [-21732.578] [...15 remote chains...] -- 5:00:17
      5760000 -- [-21700.736] [...15 remote chains...] -- 5:00:14
      5780000 -- [-21726.502] [...15 remote chains...] -- 5:00:10
      5800000 -- [-21722.163] [...15 remote chains...] -- 5:00:07

      Average standard deviation of split frequencies: 0.072277

      5820000 -- [-21736.946] [...15 remote chains...] -- 4:59:54
      5840000 -- [-21726.817] [...15 remote chains...] -- 4:59:51
      5860000 -- [-21729.050] [...15 remote chains...] -- 4:59:48
      5880000 -- [-21717.338] [...15 remote chains...] -- 4:59:44
      5900000 -- [-21725.003] [...15 remote chains...] -- 4:59:32

      Average standard deviation of split frequencies: 0.072958

      5920000 -- [-21727.261] [...15 remote chains...] -- 4:59:28
      5940000 -- [-21714.575] [...15 remote chains...] -- 4:59:25
      5960000 -- (-21735.372) [...15 remote chains...] -- 4:59:12
      5980000 -- (-21728.161) [...15 remote chains...] -- 4:59:09
      6000000 -- [-21718.792] [...15 remote chains...] -- 4:59:06

      Average standard deviation of split frequencies: 0.072093

      6020000 -- [-21723.556] [...15 remote chains...] -- 4:59:02
      6040000 -- (-21712.505) [...15 remote chains...] -- 4:58:50
      6060000 -- (-21746.992) [...15 remote chains...] -- 4:58:46
      6080000 -- (-21734.250) [...15 remote chains...] -- 4:58:43
      6100000 -- (-21725.950) [...15 remote chains...] -- 4:58:30

      Average standard deviation of split frequencies: 0.072607

      6120000 -- [-21728.183] [...15 remote chains...] -- 4:58:27
      6140000 -- [-21738.860] [...15 remote chains...] -- 4:58:23
      6160000 -- [-21719.340] [...15 remote chains...] -- 4:58:11
      6180000 -- (-21744.369) [...15 remote chains...] -- 4:58:07
      6200000 -- (-21739.216) [...15 remote chains...] -- 4:58:04

      Average standard deviation of split frequencies: 0.072258

      6220000 -- [-21744.272] [...15 remote chains...] -- 4:57:51
      6240000 -- [-21738.781] [...15 remote chains...] -- 4:57:48
      6260000 -- [-21737.910] [...15 remote chains...] -- 4:57:36
      6280000 -- (-21733.676) [...15 remote chains...] -- 4:57:32
      6300000 -- (-21748.699) [...15 remote chains...] -- 4:57:28

      Average standard deviation of split frequencies: 0.071288

      6320000 -- [-21719.762] [...15 remote chains...] -- 4:57:16
      6340000 -- [-21729.143] [...15 remote chains...] -- 4:57:13
      6360000 -- [-21727.958] [...15 remote chains...] -- 4:57:09
      6380000 -- [-21749.003] [...15 remote chains...] -- 4:56:57
      6400000 -- [-21747.673] [...15 remote chains...] -- 4:56:53

      Average standard deviation of split frequencies: 0.071127

      6420000 -- (-21745.707) [...15 remote chains...] -- 4:56:49
      6440000 -- (-21759.970) [...15 remote chains...] -- 4:56:46
      6460000 -- (-21734.253) [...15 remote chains...] -- 4:56:34
      6480000 -- (-21742.794) [...15 remote chains...] -- 4:56:30
      6500000 -- (-21780.589) [...15 remote chains...] -- 4:56:26

      Average standard deviation of split frequencies: 0.070812

      6520000 -- (-21755.593) [...15 remote chains...] -- 4:56:22
      6540000 -- (-21759.051) [...15 remote chains...] -- 4:56:10
      6560000 -- (-21772.354) [...15 remote chains...] -- 4:56:07
      6580000 -- (-21738.765) [...15 remote chains...] -- 4:56:03
      6600000 -- (-21755.563) [...15 remote chains...] -- 4:55:59

      Average standard deviation of split frequencies: 0.070846

      6620000 -- (-21751.401) [...15 remote chains...] -- 4:55:55
      6640000 -- (-21747.183) [...15 remote chains...] -- 4:55:43
      6660000 -- (-21743.125) [...15 remote chains...] -- 4:55:39
      6680000 -- (-21748.491) [...15 remote chains...] -- 4:55:36
      6700000 -- (-21782.102) [...15 remote chains...] -- 4:55:24

      Average standard deviation of split frequencies: 0.071344

      6720000 -- (-21779.621) [...15 remote chains...] -- 4:55:20
      6740000 -- (-21728.763) [...15 remote chains...] -- 4:55:16
      6760000 -- (-21732.252) [...15 remote chains...] -- 4:55:12
      6780000 -- (-21728.506) [...15 remote chains...] -- 4:55:00
      6800000 -- [-21715.901] [...15 remote chains...] -- 4:54:56

      Average standard deviation of split frequencies: 0.072353

      6820000 -- (-21709.346) [...15 remote chains...] -- 4:54:52
      6840000 -- (-21732.029) [...15 remote chains...] -- 4:54:41
      6860000 -- (-21705.635) [...15 remote chains...] -- 4:54:37
      6880000 -- [-21721.002] [...15 remote chains...] -- 4:54:33
      6900000 -- (-21712.549) [...15 remote chains...] -- 4:54:29

      Average standard deviation of split frequencies: 0.072837

      6920000 -- [-21730.948] [...15 remote chains...] -- 4:54:17
      6940000 -- [-21728.955] [...15 remote chains...] -- 4:54:13
      6960000 -- (-21739.857) [...15 remote chains...] -- 4:54:09
      6980000 -- (-21743.932) [...15 remote chains...] -- 4:53:57
      7000000 -- [-21712.745] [...15 remote chains...] -- 4:53:53

      Average standard deviation of split frequencies: 0.072221

      7020000 -- [-21723.950] [...15 remote chains...] -- 4:53:49
      7040000 -- [-21734.289] [...15 remote chains...] -- 4:53:38
      7060000 -- [-21725.442] [...15 remote chains...] -- 4:53:34
      7080000 -- (-21733.450) [...15 remote chains...] -- 4:53:30
      7100000 -- (-21728.922) [...15 remote chains...] -- 4:53:18

      Average standard deviation of split frequencies: 0.072334

      7120000 -- [-21734.287] [...15 remote chains...] -- 4:53:14
      7140000 -- (-21721.277) [...15 remote chains...] -- 4:53:10
      7160000 -- [-21749.185] [...15 remote chains...] -- 4:52:58
      7180000 -- [-21721.762] [...15 remote chains...] -- 4:52:54
      7200000 -- (-21740.633) [...15 remote chains...] -- 4:52:43

      Average standard deviation of split frequencies: 0.071869

      7220000 -- [-21743.912] [...15 remote chains...] -- 4:52:39
      7240000 -- [-21717.330] [...15 remote chains...] -- 4:52:35
      7260000 -- [-21723.895] [...15 remote chains...] -- 4:52:23
      7280000 -- [-21719.343] [...15 remote chains...] -- 4:52:19
      7300000 -- [-21719.877] [...15 remote chains...] -- 4:52:15

      Average standard deviation of split frequencies: 0.070550

      7320000 -- [-21723.738] [...15 remote chains...] -- 4:52:04
      7340000 -- [-21762.304] [...15 remote chains...] -- 4:51:59
      7360000 -- [-21743.353] [...15 remote chains...] -- 4:51:55
      7380000 -- [-21704.171] [...15 remote chains...] -- 4:51:44
      7400000 -- [-21727.151] [...15 remote chains...] -- 4:51:40

      Average standard deviation of split frequencies: 0.070818

      7420000 -- [-21717.149] [...15 remote chains...] -- 4:51:35
      7440000 -- [-21721.914] [...15 remote chains...] -- 4:51:24
      7460000 -- [-21728.679] [...15 remote chains...] -- 4:51:20
      7480000 -- [-21701.485] [...15 remote chains...] -- 4:51:16
      7500000 -- [-21708.778] [...15 remote chains...] -- 4:51:05

      Average standard deviation of split frequencies: 0.070587

      7520000 -- [-21692.368] [...15 remote chains...] -- 4:51:00
      7540000 -- [-21715.137] [...15 remote chains...] -- 4:50:49
      7560000 -- [-21705.371] [...15 remote chains...] -- 4:50:45
      7580000 -- [-21696.207] [...15 remote chains...] -- 4:50:41
      7600000 -- [-21723.839] [...15 remote chains...] -- 4:50:29

      Average standard deviation of split frequencies: 0.070706

      7620000 -- (-21752.348) [...15 remote chains...] -- 4:50:25
      7640000 -- [-21722.082] [...15 remote chains...] -- 4:50:21
      7660000 -- [-21721.334] [...15 remote chains...] -- 4:50:10
      7680000 -- [-21750.424] [...15 remote chains...] -- 4:50:05
      7700000 -- [-21729.243] [...15 remote chains...] -- 4:49:54

      Average standard deviation of split frequencies: 0.071038

      7720000 -- [-21734.651] [...15 remote chains...] -- 4:49:50
      7740000 -- [-21722.139] [...15 remote chains...] -- 4:49:46
      7760000 -- [-21719.259] [...15 remote chains...] -- 4:49:35
      7780000 -- [-21710.030] [...15 remote chains...] -- 4:49:30
      7800000 -- [-21713.054] [...15 remote chains...] -- 4:49:19

      Average standard deviation of split frequencies: 0.071320

      7820000 -- (-21730.365) [...15 remote chains...] -- 4:49:15
      7840000 -- [-21710.460] [...15 remote chains...] -- 4:49:11
      7860000 -- (-21713.071) [...15 remote chains...] -- 4:49:00
      7880000 -- (-21737.973) [...15 remote chains...] -- 4:48:55
      7900000 -- (-21730.992) [...15 remote chains...] -- 4:48:51

      Average standard deviation of split frequencies: 0.071403

      7920000 -- (-21727.856) [...15 remote chains...] -- 4:48:40
      7940000 -- (-21745.856) [...15 remote chains...] -- 4:48:36
      7960000 -- [-21743.136] [...15 remote chains...] -- 4:48:31
      7980000 -- [-21740.046] [...15 remote chains...] -- 4:48:20
      8000000 -- [-21734.098] [...15 remote chains...] -- 4:48:16

      Average standard deviation of split frequencies: 0.071410

      8020000 -- [-21750.866] [...15 remote chains...] -- 4:48:12
      8040000 -- [-21711.464] [...15 remote chains...] -- 4:48:01
      8060000 -- [-21716.993] [...15 remote chains...] -- 4:47:56
      8080000 -- [-21706.497] [...15 remote chains...] -- 4:47:52
      8100000 -- (-21723.441) [...15 remote chains...] -- 4:47:41

      Average standard deviation of split frequencies: 0.072845

      8120000 -- (-21726.974) [...15 remote chains...] -- 4:47:37
      8140000 -- (-21747.258) [...15 remote chains...] -- 4:47:32
      8160000 -- (-21729.432) [...15 remote chains...] -- 4:47:21
      8180000 -- (-21754.263) [...15 remote chains...] -- 4:47:17
      8200000 -- (-21745.468) [...15 remote chains...] -- 4:47:12

      Average standard deviation of split frequencies: 0.073349

      8220000 -- (-21721.371) [...15 remote chains...] -- 4:47:02
      8240000 -- (-21748.582) [...15 remote chains...] -- 4:46:57
      8260000 -- (-21761.874) [...15 remote chains...] -- 4:46:53
      8280000 -- (-21737.877) [...15 remote chains...] -- 4:46:42
      8300000 -- (-21735.337) [...15 remote chains...] -- 4:46:38

      Average standard deviation of split frequencies: 0.073714

      8320000 -- [-21720.561] [...15 remote chains...] -- 4:46:27
      8340000 -- [-21735.679] [...15 remote chains...] -- 4:46:22
      8360000 -- (-21742.209) [...15 remote chains...] -- 4:46:18
      8380000 -- (-21727.668) [...15 remote chains...] -- 4:46:07
      8400000 -- [-21720.627] [...15 remote chains...] -- 4:46:03

      Average standard deviation of split frequencies: 0.074767

      8420000 -- (-21715.930) [...15 remote chains...] -- 4:45:58
      8440000 -- (-21740.437) [...15 remote chains...] -- 4:45:47
      8460000 -- (-21731.202) [...15 remote chains...] -- 4:45:43
      8480000 -- (-21740.179) [...15 remote chains...] -- 4:45:38
      8500000 -- (-21717.613) [...15 remote chains...] -- 4:45:28

      Average standard deviation of split frequencies: 0.073535

      8520000 -- (-21725.778) [...15 remote chains...] -- 4:45:23
      8540000 -- (-21735.681) [...15 remote chains...] -- 4:45:19
      8560000 -- (-21720.098) [...15 remote chains...] -- 4:45:08
      8580000 -- [-21731.182] [...15 remote chains...] -- 4:45:04
      8600000 -- [-21729.603] [...15 remote chains...] -- 4:44:53

      Average standard deviation of split frequencies: 0.072931

      8620000 -- (-21748.034) [...15 remote chains...] -- 4:44:48
      8640000 -- (-21733.379) [...15 remote chains...] -- 4:44:44
      8660000 -- (-21740.753) [...15 remote chains...] -- 4:44:33
      8680000 -- (-21725.039) [...15 remote chains...] -- 4:44:29
      8700000 -- (-21731.406) [...15 remote chains...] -- 4:44:18

      Average standard deviation of split frequencies: 0.073584

      8720000 -- [-21705.501] [...15 remote chains...] -- 4:44:14
      8740000 -- [-21729.218] [...15 remote chains...] -- 4:44:09
      8760000 -- [-21739.589] [...15 remote chains...] -- 4:43:59
      8780000 -- [-21707.561] [...15 remote chains...] -- 4:43:54
      8800000 -- (-21726.812) [...15 remote chains...] -- 4:43:49

      Average standard deviation of split frequencies: 0.073075

      8820000 -- [-21715.747] [...15 remote chains...] -- 4:43:39
      8840000 -- [-21721.837] [...15 remote chains...] -- 4:43:34
      8860000 -- (-21731.550) [...15 remote chains...] -- 4:43:30
      8880000 -- (-21731.233) [...15 remote chains...] -- 4:43:19
      8900000 -- (-21731.799) [...15 remote chains...] -- 4:43:15

      Average standard deviation of split frequencies: 0.072809

      8920000 -- [-21728.769] [...15 remote chains...] -- 4:43:10
      8940000 -- [-21709.661] [...15 remote chains...] -- 4:43:00
      8960000 -- [-21739.098] [...15 remote chains...] -- 4:42:55
      8980000 -- [-21710.090] [...15 remote chains...] -- 4:42:50
      9000000 -- [-21717.522] [...15 remote chains...] -- 4:42:46

      Average standard deviation of split frequencies: 0.072760

      9020000 -- [-21724.686] [...15 remote chains...] -- 4:42:35
      9040000 -- (-21731.927) [...15 remote chains...] -- 4:42:30
      9060000 -- [-21729.735] [...15 remote chains...] -- 4:42:20
      9080000 -- (-21747.627) [...15 remote chains...] -- 4:42:15
      9100000 -- (-21745.491) [...15 remote chains...] -- 4:42:11

      Average standard deviation of split frequencies: 0.072455

      9120000 -- (-21761.990) [...15 remote chains...] -- 4:42:00
      9140000 -- (-21749.525) [...15 remote chains...] -- 4:41:56
      9160000 -- (-21726.176) [...15 remote chains...] -- 4:41:45
      9180000 -- (-21742.228) [...15 remote chains...] -- 4:41:41
      9200000 -- (-21761.982) [...15 remote chains...] -- 4:41:36

      Average standard deviation of split frequencies: 0.072548

      9220000 -- (-21737.077) [...15 remote chains...] -- 4:41:26
      9240000 -- [-21738.886] [...15 remote chains...] -- 4:41:21
      9260000 -- (-21746.573) [...15 remote chains...] -- 4:41:16
      9280000 -- [-21743.373] [...15 remote chains...] -- 4:41:06
      9300000 -- (-21736.412) [...15 remote chains...] -- 4:41:01

      Average standard deviation of split frequencies: 0.071974

      9320000 -- (-21737.777) [...15 remote chains...] -- 4:40:57
      9340000 -- (-21746.338) [...15 remote chains...] -- 4:40:46
      9360000 -- [-21739.512] [...15 remote chains...] -- 4:40:42
      9380000 -- [-21728.414] [...15 remote chains...] -- 4:40:37
      9400000 -- (-21728.402) [...15 remote chains...] -- 4:40:27

      Average standard deviation of split frequencies: 0.071423

      9420000 -- (-21747.197) [...15 remote chains...] -- 4:40:22
      9440000 -- (-21737.914) [...15 remote chains...] -- 4:40:17
      9460000 -- (-21736.006) [...15 remote chains...] -- 4:40:07
      9480000 -- (-21743.951) [...15 remote chains...] -- 4:40:02
      9500000 -- [-21729.373] [...15 remote chains...] -- 4:39:57

      Average standard deviation of split frequencies: 0.070904

      9520000 -- [-21731.901] [...15 remote chains...] -- 4:39:53
      9540000 -- [-21718.646] [...15 remote chains...] -- 4:39:42
      9560000 -- [-21738.037] [...15 remote chains...] -- 4:39:38
      9580000 -- [-21738.432] [...15 remote chains...] -- 4:39:33
      9600000 -- [-21729.328] [...15 remote chains...] -- 4:39:28

      Average standard deviation of split frequencies: 0.070740

      9620000 -- [-21737.294] [...15 remote chains...] -- 4:39:18
      9640000 -- [-21731.539] [...15 remote chains...] -- 4:39:13
      9660000 -- (-21753.115) [...15 remote chains...] -- 4:39:08
      9680000 -- (-21738.833) [...15 remote chains...] -- 4:38:58
      9700000 -- (-21755.316) [...15 remote chains...] -- 4:38:53

      Average standard deviation of split frequencies: 0.070510

      9720000 -- (-21752.154) [...15 remote chains...] -- 4:38:48
      9740000 -- (-21748.013) [...15 remote chains...] -- 4:38:44
      9760000 -- (-21747.200) [...15 remote chains...] -- 4:38:34
      9780000 -- (-21737.941) [...15 remote chains...] -- 4:38:29
      9800000 -- (-21726.141) [...15 remote chains...] -- 4:38:24

      Average standard deviation of split frequencies: 0.069735

      9820000 -- (-21734.990) [...15 remote chains...] -- 4:38:14
      9840000 -- (-21750.397) [...15 remote chains...] -- 4:38:09
      9860000 -- (-21754.397) [...15 remote chains...] -- 4:38:04
      9880000 -- (-21753.857) [...15 remote chains...] -- 4:37:54
      9900000 -- (-21760.943) [...15 remote chains...] -- 4:37:49

      Average standard deviation of split frequencies: 0.070034

      9920000 -- (-21762.773) [...15 remote chains...] -- 4:37:44
      9940000 -- (-21736.382) [...15 remote chains...] -- 4:37:34
      9960000 -- (-21758.310) [...15 remote chains...] -- 4:37:29
      9980000 -- (-21745.610) [...15 remote chains...] -- 4:37:24
      10000000 -- (-21759.300) [...15 remote chains...] -- 4:37:15

      Average standard deviation of split frequencies: 0.070371

      10020000 -- (-21766.734) [...15 remote chains...] -- 4:37:10
      10040000 -- (-21719.079) [...15 remote chains...] -- 4:37:05
      10060000 -- (-21730.364) [...15 remote chains...] -- 4:37:00
      10080000 -- (-21722.470) [...15 remote chains...] -- 4:36:50
      10100000 -- (-21730.825) [...15 remote chains...] -- 4:36:45

      Average standard deviation of split frequencies: 0.070044

      10120000 -- (-21711.279) [...15 remote chains...] -- 4:36:35
      10140000 -- (-21740.871) [...15 remote chains...] -- 4:36:30
      10160000 -- (-21756.795) [...15 remote chains...] -- 4:36:25
      10180000 -- (-21762.215) [...15 remote chains...] -- 4:36:15
      10200000 -- (-21730.685) [...15 remote chains...] -- 4:36:10

      Average standard deviation of split frequencies: 0.069947

      10220000 -- [-21720.151] [...15 remote chains...] -- 4:36:05
      10240000 -- [-21718.877] [...15 remote chains...] -- 4:35:55
      10260000 -- [-21692.628] [...15 remote chains...] -- 4:35:50
      10280000 -- [-21714.269] [...15 remote chains...] -- 4:35:45
      10300000 -- [-21728.038] [...15 remote chains...] -- 4:35:36

      Average standard deviation of split frequencies: 0.069570

      10320000 -- [-21734.765] [...15 remote chains...] -- 4:35:31
      10340000 -- (-21728.236) [...15 remote chains...] -- 4:35:26
      10360000 -- (-21739.196) [...15 remote chains...] -- 4:35:16
      10380000 -- (-21711.457) [...15 remote chains...] -- 4:35:11
      10400000 -- (-21726.407) [...15 remote chains...] -- 4:35:06

      Average standard deviation of split frequencies: 0.069486

      10420000 -- [-21736.197] [...15 remote chains...] -- 4:34:56
      10440000 -- [-21719.211] [...15 remote chains...] -- 4:34:51
      10460000 -- (-21730.970) [...15 remote chains...] -- 4:34:46
      10480000 -- (-21741.959) [...15 remote chains...] -- 4:34:36
      10500000 -- (-21730.041) [...15 remote chains...] -- 4:34:31

      Average standard deviation of split frequencies: 0.068701

      10520000 -- [-21716.354] [...15 remote chains...] -- 4:34:26
      10540000 -- [-21714.597] [...15 remote chains...] -- 4:34:16
      10560000 -- [-21717.892] [...15 remote chains...] -- 4:34:11
      10580000 -- [-21723.607] [...15 remote chains...] -- 4:34:06
      10600000 -- [-21719.075] [...15 remote chains...] -- 4:33:57

      Average standard deviation of split frequencies: 0.068329

      10620000 -- [-21708.687] [...15 remote chains...] -- 4:33:52
      10640000 -- [-21722.686] [...15 remote chains...] -- 4:33:47
      10660000 -- (-21714.977) [...15 remote chains...] -- 4:33:37
      10680000 -- (-21730.229) [...15 remote chains...] -- 4:33:32
      10700000 -- [-21737.862] [...15 remote chains...] -- 4:33:27

      Average standard deviation of split frequencies: 0.068508

      10720000 -- [-21719.291] [...15 remote chains...] -- 4:33:17
      10740000 -- (-21716.475) [...15 remote chains...] -- 4:33:12
      10760000 -- [-21734.024] [...15 remote chains...] -- 4:33:07
      10780000 -- [-21732.224] [...15 remote chains...] -- 4:32:57
      10800000 -- [-21733.841] [...15 remote chains...] -- 4:32:52

      Average standard deviation of split frequencies: 0.068392

      10820000 -- [-21715.668] [...15 remote chains...] -- 4:32:43
      10840000 -- [-21748.317] [...15 remote chains...] -- 4:32:37
      10860000 -- [-21729.243] [...15 remote chains...] -- 4:32:32
      10880000 -- [-21724.530] [...15 remote chains...] -- 4:32:23
      10900000 -- [-21713.682] [...15 remote chains...] -- 4:32:18

      Average standard deviation of split frequencies: 0.068316

      10920000 -- [-21728.054] [...15 remote chains...] -- 4:32:13
      10940000 -- (-21721.755) [...15 remote chains...] -- 4:32:03
      10960000 -- [-21700.007] [...15 remote chains...] -- 4:31:58
      10980000 -- [-21705.818] [...15 remote chains...] -- 4:31:53
      11000000 -- (-21721.878) [...15 remote chains...] -- 4:31:43

      Average standard deviation of split frequencies: 0.068039

      11020000 -- (-21718.780) [...15 remote chains...] -- 4:31:38
      11040000 -- (-21726.653) [...15 remote chains...] -- 4:31:33
      11060000 -- (-21770.613) [...15 remote chains...] -- 4:31:28
      11080000 -- (-21743.566) [...15 remote chains...] -- 4:31:18
      11100000 -- (-21754.723) [...15 remote chains...] -- 4:31:13

      Average standard deviation of split frequencies: 0.067946

      11120000 -- (-21729.921) [...15 remote chains...] -- 4:31:04
      11140000 -- (-21730.394) [...15 remote chains...] -- 4:30:58
      11160000 -- (-21735.808) [...15 remote chains...] -- 4:30:53
      11180000 -- (-21730.887) [...15 remote chains...] -- 4:30:48
      11200000 -- (-21747.745) [...15 remote chains...] -- 4:30:39

      Average standard deviation of split frequencies: 0.067657

      11220000 -- (-21742.537) [...15 remote chains...] -- 4:30:33
      11240000 -- (-21753.599) [...15 remote chains...] -- 4:30:24
      11260000 -- (-21744.715) [...15 remote chains...] -- 4:30:19
      11280000 -- (-21718.397) [...15 remote chains...] -- 4:30:14
      11300000 -- (-21748.190) [...15 remote chains...] -- 4:30:08

      Average standard deviation of split frequencies: 0.067150

      11320000 -- (-21708.995) [...15 remote chains...] -- 4:29:59
      11340000 -- (-21719.547) [...15 remote chains...] -- 4:29:54
      11360000 -- [-21718.098] [...15 remote chains...] -- 4:29:49
      11380000 -- [-21698.385] [...15 remote chains...] -- 4:29:39
      11400000 -- [-21696.643] [...15 remote chains...] -- 4:29:34

      Average standard deviation of split frequencies: 0.067073

      11420000 -- (-21713.886) [...15 remote chains...] -- 4:29:29
      11440000 -- [-21735.279] [...15 remote chains...] -- 4:29:24
      11460000 -- (-21717.497) [...15 remote chains...] -- 4:29:14
      11480000 -- [-21721.995] [...15 remote chains...] -- 4:29:09
      11500000 -- (-21730.531) [...15 remote chains...] -- 4:29:04

      Average standard deviation of split frequencies: 0.066675

      11520000 -- (-21731.988) [...15 remote chains...] -- 4:28:54
      11540000 -- (-21723.497) [...15 remote chains...] -- 4:28:49
      11560000 -- (-21723.906) [...15 remote chains...] -- 4:28:44
      11580000 -- (-21727.272) [...15 remote chains...] -- 4:28:34
      11600000 -- (-21720.762) [...15 remote chains...] -- 4:28:29

      Average standard deviation of split frequencies: 0.066086

      11620000 -- (-21740.625) [...15 remote chains...] -- 4:28:24
      11640000 -- [-21731.907] [...15 remote chains...] -- 4:28:19
      11660000 -- [-21729.404] [...15 remote chains...] -- 4:28:09
      11680000 -- (-21731.276) [...15 remote chains...] -- 4:28:04
      11700000 -- (-21727.762) [...15 remote chains...] -- 4:27:55

      Average standard deviation of split frequencies: 0.065815

      11720000 -- (-21733.833) [...15 remote chains...] -- 4:27:49
      11740000 -- (-21721.534) [...15 remote chains...] -- 4:27:44
      11760000 -- (-21745.117) [...15 remote chains...] -- 4:27:35
      11780000 -- (-21771.539) [...15 remote chains...] -- 4:27:30
      11800000 -- (-21750.705) [...15 remote chains...] -- 4:27:24

      Average standard deviation of split frequencies: 0.065643

      11820000 -- (-21751.206) [...15 remote chains...] -- 4:27:15
      11840000 -- (-21756.019) [...15 remote chains...] -- 4:27:10
      11860000 -- (-21735.291) [...15 remote chains...] -- 4:27:05
      11880000 -- (-21746.584) [...15 remote chains...] -- 4:26:55
      11900000 -- (-21744.659) [...15 remote chains...] -- 4:26:50

      Average standard deviation of split frequencies: 0.065971

      11920000 -- (-21726.687) [...15 remote chains...] -- 4:26:45
      11940000 -- (-21741.551) [...15 remote chains...] -- 4:26:35
      11960000 -- (-21722.299) [...15 remote chains...] -- 4:26:30
      11980000 -- (-21755.677) [...15 remote chains...] -- 4:26:25
      12000000 -- [-21733.827] [...15 remote chains...] -- 4:26:20

      Average standard deviation of split frequencies: 0.066352

      12020000 -- (-21725.156) [...15 remote chains...] -- 4:26:10
      12040000 -- [-21716.630] [...15 remote chains...] -- 4:26:05
      12060000 -- (-21747.229) [...15 remote chains...] -- 4:26:00
      12080000 -- (-21761.904) [...15 remote chains...] -- 4:25:50
      12100000 -- (-21737.233) [...15 remote chains...] -- 4:25:45

      Average standard deviation of split frequencies: 0.066280

      12120000 -- [-21725.747] [...15 remote chains...] -- 4:25:40
      12140000 -- [-21734.694] [...15 remote chains...] -- 4:25:30
      12160000 -- [-21738.135] [...15 remote chains...] -- 4:25:25
      12180000 -- (-21735.558) [...15 remote chains...] -- 4:25:20
      12200000 -- [-21705.389] [...15 remote chains...] -- 4:25:15

      Average standard deviation of split frequencies: 0.065728

      12220000 -- (-21720.640) [...15 remote chains...] -- 4:25:05
      12240000 -- [-21722.064] [...15 remote chains...] -- 4:25:00
      12260000 -- [-21717.757] [...15 remote chains...] -- 4:24:55
      12280000 -- (-21744.027) [...15 remote chains...] -- 4:24:49
      12300000 -- [-21707.568] [...15 remote chains...] -- 4:24:40

      Average standard deviation of split frequencies: 0.065752

      12320000 -- [-21702.222] [...15 remote chains...] -- 4:24:35
      12340000 -- (-21731.303) [...15 remote chains...] -- 4:24:29
      12360000 -- (-21737.554) [...15 remote chains...] -- 4:24:20
      12380000 -- [-21714.592] [...15 remote chains...] -- 4:24:15
      12400000 -- [-21696.437] [...15 remote chains...] -- 4:24:10

      Average standard deviation of split frequencies: 0.065941

      12420000 -- [-21723.904] [...15 remote chains...] -- 4:24:04
      12440000 -- [-21722.904] [...15 remote chains...] -- 4:23:55
      12460000 -- [-21736.287] [...15 remote chains...] -- 4:23:50
      12480000 -- [-21707.605] [...15 remote chains...] -- 4:23:44
      12500000 -- (-21729.616) [...15 remote chains...] -- 4:23:35

      Average standard deviation of split frequencies: 0.065921

      12520000 -- (-21723.917) [...15 remote chains...] -- 4:23:30
      12540000 -- (-21741.411) [...15 remote chains...] -- 4:23:24
      12560000 -- (-21754.755) [...15 remote chains...] -- 4:23:15
      12580000 -- (-21732.825) [...15 remote chains...] -- 4:23:10
      12600000 -- (-21723.159) [...15 remote chains...] -- 4:23:04

      Average standard deviation of split frequencies: 0.066175

      12620000 -- [-21725.869] [...15 remote chains...] -- 4:22:55
      12640000 -- [-21729.700] [...15 remote chains...] -- 4:22:50
      12660000 -- [-21714.908] [...15 remote chains...] -- 4:22:45
      12680000 -- (-21719.051) [...15 remote chains...] -- 4:22:35
      12700000 -- [-21742.143] [...15 remote chains...] -- 4:22:30

      Average standard deviation of split frequencies: 0.066259

      12720000 -- [-21706.678] [...15 remote chains...] -- 4:22:25
      12740000 -- [-21716.427] [...15 remote chains...] -- 4:22:16
      12760000 -- [-21716.953] [...15 remote chains...] -- 4:22:10
      12780000 -- [-21726.541] [...15 remote chains...] -- 4:22:05
      12800000 -- [-21720.651] [...15 remote chains...] -- 4:21:56

      Average standard deviation of split frequencies: 0.066608

      12820000 -- (-21734.441) [...15 remote chains...] -- 4:21:50
      12840000 -- [-21730.711] [...15 remote chains...] -- 4:21:45
      12860000 -- [-21730.044] [...15 remote chains...] -- 4:21:39
      12880000 -- (-21736.007) [...15 remote chains...] -- 4:21:30
      12900000 -- [-21726.265] [...15 remote chains...] -- 4:21:25

      Average standard deviation of split frequencies: 0.066819

      12920000 -- [-21716.746] [...15 remote chains...] -- 4:21:19
      12940000 -- [-21759.820] [...15 remote chains...] -- 4:21:10
      12960000 -- (-21726.546) [...15 remote chains...] -- 4:21:05
      12980000 -- (-21735.710) [...15 remote chains...] -- 4:21:00
      13000000 -- (-21737.467) [...15 remote chains...] -- 4:20:54

      Average standard deviation of split frequencies: 0.066597

      13020000 -- (-21743.143) [...15 remote chains...] -- 4:20:45
      13040000 -- (-21729.875) [...15 remote chains...] -- 4:20:40
      13060000 -- [-21745.209] [...15 remote chains...] -- 4:20:34
      13080000 -- [-21718.514] [...15 remote chains...] -- 4:20:25
      13100000 -- (-21735.718) [...15 remote chains...] -- 4:20:20

      Average standard deviation of split frequencies: 0.066600

      13120000 -- [-21713.567] [...15 remote chains...] -- 4:20:14
      13140000 -- [-21706.801] [...15 remote chains...] -- 4:20:05
      13160000 -- [-21716.263] [...15 remote chains...] -- 4:20:00
      13180000 -- [-21719.257] [...15 remote chains...] -- 4:19:54
      13200000 -- [-21714.154] [...15 remote chains...] -- 4:19:45

      Average standard deviation of split frequencies: 0.066707

      13220000 -- [-21739.618] [...15 remote chains...] -- 4:19:40
      13240000 -- [-21717.420] [...15 remote chains...] -- 4:19:34
      13260000 -- [-21756.297] [...15 remote chains...] -- 4:19:25
      13280000 -- [-21742.163] [...15 remote chains...] -- 4:19:20
      13300000 -- (-21726.762) [...15 remote chains...] -- 4:19:14

      Average standard deviation of split frequencies: 0.066586

      13320000 -- [-21746.834] [...15 remote chains...] -- 4:19:05
      13340000 -- (-21756.149) [...15 remote chains...] -- 4:19:00
      13360000 -- [-21732.453] [...15 remote chains...] -- 4:18:55
      13380000 -- [-21747.870] [...15 remote chains...] -- 4:18:46
      13400000 -- [-21735.585] [...15 remote chains...] -- 4:18:40

      Average standard deviation of split frequencies: 0.066783

      13420000 -- [-21723.132] [...15 remote chains...] -- 4:18:35
      13440000 -- [-21733.338] [...15 remote chains...] -- 4:18:26
      13460000 -- [-21725.510] [...15 remote chains...] -- 4:18:20
      13480000 -- [-21714.833] [...15 remote chains...] -- 4:18:15
      13500000 -- (-21734.931) [...15 remote chains...] -- 4:18:06

      Average standard deviation of split frequencies: 0.066758

      13520000 -- [-21712.753] [...15 remote chains...] -- 4:18:00
      13540000 -- [-21747.385] [...15 remote chains...] -- 4:17:55
      13560000 -- [-21737.675] [...15 remote chains...] -- 4:17:46
      13580000 -- [-21745.085] [...15 remote chains...] -- 4:17:40
      13600000 -- [-21742.553] [...15 remote chains...] -- 4:17:35

      Average standard deviation of split frequencies: 0.066229

      13620000 -- [-21740.915] [...15 remote chains...] -- 4:17:26
      13640000 -- [-21726.475] [...15 remote chains...] -- 4:17:20
      13660000 -- [-21730.834] [...15 remote chains...] -- 4:17:15
      13680000 -- [-21735.316] [...15 remote chains...] -- 4:17:06
      13700000 -- [-21738.753] [...15 remote chains...] -- 4:17:00

      Average standard deviation of split frequencies: 0.066139

      13720000 -- [-21726.387] [...15 remote chains...] -- 4:16:55
      13740000 -- [-21710.341] [...15 remote chains...] -- 4:16:46
      13760000 -- [-21714.573] [...15 remote chains...] -- 4:16:41
      13780000 -- [-21737.162] [...15 remote chains...] -- 4:16:32
      13800000 -- [-21733.810] [...15 remote chains...] -- 4:16:26

      Average standard deviation of split frequencies: 0.066190

      13820000 -- [-21720.830] [...15 remote chains...] -- 4:16:21
      13840000 -- [-21727.452] [...15 remote chains...] -- 4:16:12
      13860000 -- [-21728.419] [...15 remote chains...] -- 4:16:06
      13880000 -- (-21749.714) [...15 remote chains...] -- 4:16:01
      13900000 -- [-21724.672] [...15 remote chains...] -- 4:15:52

      Average standard deviation of split frequencies: 0.066432

      13920000 -- [-21720.471] [...15 remote chains...] -- 4:15:46
      13940000 -- [-21726.450] [...15 remote chains...] -- 4:15:37
      13960000 -- [-21733.250] [...15 remote chains...] -- 4:15:32
      13980000 -- [-21732.407] [...15 remote chains...] -- 4:15:26
      14000000 -- [-21719.561] [...15 remote chains...] -- 4:15:21

      Average standard deviation of split frequencies: 0.066365

      14020000 -- [-21719.782] [...15 remote chains...] -- 4:15:12
      14040000 -- [-21715.227] [...15 remote chains...] -- 4:15:06
      14060000 -- (-21736.849) [...15 remote chains...] -- 4:15:01
      14080000 -- (-21732.519) [...15 remote chains...] -- 4:14:52
      14100000 -- [-21734.063] [...15 remote chains...] -- 4:14:46

      Average standard deviation of split frequencies: 0.065989

      14120000 -- (-21727.047) [...15 remote chains...] -- 4:14:41
      14140000 -- (-21746.363) [...15 remote chains...] -- 4:14:32
      14160000 -- [-21742.954] [...15 remote chains...] -- 4:14:27
      14180000 -- [-21725.871] [...15 remote chains...] -- 4:14:18
      14200000 -- (-21753.773) [...15 remote chains...] -- 4:14:12

      Average standard deviation of split frequencies: 0.066128

      14220000 -- (-21738.738) [...15 remote chains...] -- 4:14:07
      14240000 -- (-21783.738) [...15 remote chains...] -- 4:13:58
      14260000 -- (-21727.750) [...15 remote chains...] -- 4:13:52
      14280000 -- (-21754.390) [...15 remote chains...] -- 4:13:47
      14300000 -- (-21717.161) [...15 remote chains...] -- 4:13:38

      Average standard deviation of split frequencies: 0.066692

      14320000 -- (-21728.423) [...15 remote chains...] -- 4:13:32
      14340000 -- (-21726.487) [...15 remote chains...] -- 4:13:27
      14360000 -- (-21742.188) [...15 remote chains...] -- 4:13:18
      14380000 -- [-21746.106] [...15 remote chains...] -- 4:13:12
      14400000 -- (-21738.224) [...15 remote chains...] -- 4:13:07

      Average standard deviation of split frequencies: 0.066784

      14420000 -- (-21752.572) [...15 remote chains...] -- 4:12:58
      14440000 -- (-21724.002) [...15 remote chains...] -- 4:12:52
      14460000 -- [-21748.676] [...15 remote chains...] -- 4:12:44
      14480000 -- [-21723.841] [...15 remote chains...] -- 4:12:38
      14500000 -- [-21749.676] [...15 remote chains...] -- 4:12:33

      Average standard deviation of split frequencies: 0.066840

      14520000 -- [-21710.582] [...15 remote chains...] -- 4:12:24
      14540000 -- (-21722.106) [...15 remote chains...] -- 4:12:18
      14560000 -- (-21738.300) [...15 remote chains...] -- 4:12:13
      14580000 -- [-21725.820] [...15 remote chains...] -- 4:12:04
      14600000 -- [-21720.654] [...15 remote chains...] -- 4:11:58

      Average standard deviation of split frequencies: 0.066787

      14620000 -- [-21734.308] [...15 remote chains...] -- 4:11:53
      14640000 -- [-21721.858] [...15 remote chains...] -- 4:11:44
      14660000 -- (-21740.131) [...15 remote chains...] -- 4:11:38
      14680000 -- (-21720.695) [...15 remote chains...] -- 4:11:33
      14700000 -- [-21730.659] [...15 remote chains...] -- 4:11:24

      Average standard deviation of split frequencies: 0.066474

      14720000 -- (-21751.859) [...15 remote chains...] -- 4:11:18
      14740000 -- (-21739.799) [...15 remote chains...] -- 4:11:13
      14760000 -- (-21756.825) [...15 remote chains...] -- 4:11:04
      14780000 -- (-21743.263) [...15 remote chains...] -- 4:10:59
      14800000 -- (-21736.856) [...15 remote chains...] -- 4:10:50

      Average standard deviation of split frequencies: 0.066185

      14820000 -- (-21751.988) [...15 remote chains...] -- 4:10:44
      14840000 -- [-21726.245] [...15 remote chains...] -- 4:10:39
      14860000 -- (-21738.857) [...15 remote chains...] -- 4:10:30
      14880000 -- (-21747.757) [...15 remote chains...] -- 4:10:24
      14900000 -- (-21762.890) [...15 remote chains...] -- 4:10:19

      Average standard deviation of split frequencies: 0.066089

      14920000 -- (-21742.371) [...15 remote chains...] -- 4:10:10
      14940000 -- (-21729.555) [...15 remote chains...] -- 4:10:04
      14960000 -- (-21769.208) [...15 remote chains...] -- 4:09:56
      14980000 -- (-21724.776) [...15 remote chains...] -- 4:09:50
      15000000 -- [-21736.008] [...15 remote chains...] -- 4:09:45

      Average standard deviation of split frequencies: 0.065704

      15020000 -- [-21752.167] [...15 remote chains...] -- 4:09:36
      15040000 -- (-21721.536) [...15 remote chains...] -- 4:09:30
      15060000 -- [-21720.020] [...15 remote chains...] -- 4:09:25
      15080000 -- (-21718.846) [...15 remote chains...] -- 4:09:19
      15100000 -- [-21730.616] [...15 remote chains...] -- 4:09:10

      Average standard deviation of split frequencies: 0.065236

      15120000 -- (-21737.743) [...15 remote chains...] -- 4:09:05
      15140000 -- (-21743.417) [...15 remote chains...] -- 4:08:59
      15160000 -- (-21729.952) [...15 remote chains...] -- 4:08:50
      15180000 -- [-21699.218] [...15 remote chains...] -- 4:08:45
      15200000 -- [-21729.318] [...15 remote chains...] -- 4:08:39

      Average standard deviation of split frequencies: 0.065503

      15220000 -- (-21724.078) [...15 remote chains...] -- 4:08:30
      15240000 -- (-21713.682) [...15 remote chains...] -- 4:08:25
      15260000 -- (-21716.434) [...15 remote chains...] -- 4:08:19
      15280000 -- (-21728.111) [...15 remote chains...] -- 4:08:11
      15300000 -- (-21753.553) [...15 remote chains...] -- 4:08:05

      Average standard deviation of split frequencies: 0.065490

      15320000 -- [-21721.416] [...15 remote chains...] -- 4:07:59
      15340000 -- [-21721.789] [...15 remote chains...] -- 4:07:51
      15360000 -- [-21708.732] [...15 remote chains...] -- 4:07:45
      15380000 -- (-21732.335) [...15 remote chains...] -- 4:07:39
      15400000 -- [-21731.821] [...15 remote chains...] -- 4:07:31

      Average standard deviation of split frequencies: 0.065705

      15420000 -- [-21754.005] [...15 remote chains...] -- 4:07:25
      15440000 -- (-21742.492) [...15 remote chains...] -- 4:07:19
      15460000 -- (-21741.186) [...15 remote chains...] -- 4:07:11
      15480000 -- (-21741.817) [...15 remote chains...] -- 4:07:05
      15500000 -- (-21732.509) [...15 remote chains...] -- 4:06:59

      Average standard deviation of split frequencies: 0.065343

      15520000 -- (-21735.582) [...15 remote chains...] -- 4:06:51
      15540000 -- [-21730.436] [...15 remote chains...] -- 4:06:45
      15560000 -- [-21724.717] [...15 remote chains...] -- 4:06:40
      15580000 -- [-21714.598] [...15 remote chains...] -- 4:06:34
      15600000 -- (-21726.716) [...15 remote chains...] -- 4:06:25

      Average standard deviation of split frequencies: 0.065477

      15620000 -- (-21757.256) [...15 remote chains...] -- 4:06:20
      15640000 -- (-21742.858) [...15 remote chains...] -- 4:06:14
      15660000 -- (-21720.928) [...15 remote chains...] -- 4:06:05
      15680000 -- (-21730.746) [...15 remote chains...] -- 4:06:00
      15700000 -- [-21716.161] [...15 remote chains...] -- 4:05:54

      Average standard deviation of split frequencies: 0.065402

      15720000 -- [-21723.956] [...15 remote chains...] -- 4:05:48
      15740000 -- [-21717.358] [...15 remote chains...] -- 4:05:40
      15760000 -- [-21713.224] [...15 remote chains...] -- 4:05:34
      15780000 -- [-21728.584] [...15 remote chains...] -- 4:05:28
      15800000 -- [-21714.549] [...15 remote chains...] -- 4:05:23

      Average standard deviation of split frequencies: 0.065243

      15820000 -- [-21726.997] [...15 remote chains...] -- 4:05:14
      15840000 -- (-21772.023) [...15 remote chains...] -- 4:05:08
      15860000 -- [-21740.283] [...15 remote chains...] -- 4:05:03
      15880000 -- [-21730.143] [...15 remote chains...] -- 4:04:54
      15900000 -- [-21725.998] [...15 remote chains...] -- 4:04:48

      Average standard deviation of split frequencies: 0.064589

      15920000 -- [-21736.024] [...15 remote chains...] -- 4:04:43
      15940000 -- [-21717.474] [...15 remote chains...] -- 4:04:34
      15960000 -- [-21734.349] [...15 remote chains...] -- 4:04:28
      15980000 -- [-21727.938] [...15 remote chains...] -- 4:04:23
      16000000 -- [-21715.926] [...15 remote chains...] -- 4:04:14

      Average standard deviation of split frequencies: 0.064266

      16020000 -- [-21744.015] [...15 remote chains...] -- 4:04:09
      16040000 -- [-21745.722] [...15 remote chains...] -- 4:04:03
      16060000 -- [-21744.401] [...15 remote chains...] -- 4:03:57
      16080000 -- [-21732.463] [...15 remote chains...] -- 4:03:51
      16100000 -- [-21726.264] [...15 remote chains...] -- 4:03:43

      Average standard deviation of split frequencies: 0.064342

      16120000 -- [-21734.242] [...15 remote chains...] -- 4:03:37
      16140000 -- [-21735.033] [...15 remote chains...] -- 4:03:31
      16160000 -- [-21729.880] [...15 remote chains...] -- 4:03:26
      16180000 -- [-21716.929] [...15 remote chains...] -- 4:03:17
      16200000 -- [-21719.277] [...15 remote chains...] -- 4:03:11

      Average standard deviation of split frequencies: 0.064367

      16220000 -- [-21706.865] [...15 remote chains...] -- 4:03:06
      16240000 -- [-21718.830] [...15 remote chains...] -- 4:03:00
      16260000 -- [-21721.927] [...15 remote chains...] -- 4:02:54
      16280000 -- [-21713.757] [...15 remote chains...] -- 4:02:46
      16300000 -- [-21720.235] [...15 remote chains...] -- 4:02:40

      Average standard deviation of split frequencies: 0.063898

      16320000 -- [-21729.095] [...15 remote chains...] -- 4:02:34
      16340000 -- [-21733.363] [...15 remote chains...] -- 4:02:28
      16360000 -- [-21731.880] [...15 remote chains...] -- 4:02:20
      16380000 -- [-21741.197] [...15 remote chains...] -- 4:02:14
      16400000 -- [-21713.369] [...15 remote chains...] -- 4:02:08

      Average standard deviation of split frequencies: 0.063637

      16420000 -- [-21727.280] [...15 remote chains...] -- 4:02:03
      16440000 -- [-21729.481] [...15 remote chains...] -- 4:01:54
      16460000 -- [-21716.437] [...15 remote chains...] -- 4:01:48
      16480000 -- [-21717.991] [...15 remote chains...] -- 4:01:43
      16500000 -- [-21729.988] [...15 remote chains...] -- 4:01:34

      Average standard deviation of split frequencies: 0.063813

      16520000 -- [-21733.300] [...15 remote chains...] -- 4:01:28
      16540000 -- (-21729.808) [...15 remote chains...] -- 4:01:23
      16560000 -- [-21740.093] [...15 remote chains...] -- 4:01:14
      16580000 -- [-21721.550] [...15 remote chains...] -- 4:01:08
      16600000 -- [-21732.807] [...15 remote chains...] -- 4:01:03

      Average standard deviation of split frequencies: 0.063821

      16620000 -- [-21735.285] [...15 remote chains...] -- 4:00:57
      16640000 -- [-21737.879] [...15 remote chains...] -- 4:00:48
      16660000 -- [-21723.415] [...15 remote chains...] -- 4:00:43
      16680000 -- [-21707.107] [...15 remote chains...] -- 4:00:37
      16700000 -- [-21723.142] [...15 remote chains...] -- 4:00:29

      Average standard deviation of split frequencies: 0.063533

      16720000 -- [-21719.660] [...15 remote chains...] -- 4:00:23
      16740000 -- [-21733.913] [...15 remote chains...] -- 4:00:17
      16760000 -- [-21729.824] [...15 remote chains...] -- 4:00:09
      16780000 -- [-21732.699] [...15 remote chains...] -- 4:00:03
      16800000 -- [-21728.163] [...15 remote chains...] -- 3:59:57

      Average standard deviation of split frequencies: 0.063095

      16820000 -- [-21729.009] [...15 remote chains...] -- 3:59:49
      16840000 -- [-21714.923] [...15 remote chains...] -- 3:59:43
      16860000 -- [-21716.763] [...15 remote chains...] -- 3:59:37
      16880000 -- [-21716.179] [...15 remote chains...] -- 3:59:31
      16900000 -- [-21715.879] [...15 remote chains...] -- 3:59:23

      Average standard deviation of split frequencies: 0.062507

      16920000 -- [-21718.921] [...15 remote chains...] -- 3:59:17
      16940000 -- [-21738.804] [...15 remote chains...] -- 3:59:11
      16960000 -- [-21723.767] [...15 remote chains...] -- 3:59:03
      16980000 -- [-21712.212] [...15 remote chains...] -- 3:58:57
      17000000 -- [-21737.821] [...15 remote chains...] -- 3:58:51

      Average standard deviation of split frequencies: 0.061863

      17020000 -- [-21717.080] [...15 remote chains...] -- 3:58:43
      17040000 -- [-21727.613] [...15 remote chains...] -- 3:58:37
      17060000 -- (-21739.764) [...15 remote chains...] -- 3:58:31
      17080000 -- (-21749.078) [...15 remote chains...] -- 3:58:23
      17100000 -- [-21742.138] [...15 remote chains...] -- 3:58:17

      Average standard deviation of split frequencies: 0.060982

      17120000 -- [-21712.350] [...15 remote chains...] -- 3:58:11
      17140000 -- (-21747.438) [...15 remote chains...] -- 3:58:03
      17160000 -- [-21727.115] [...15 remote chains...] -- 3:57:57
      17180000 -- [-21715.790] [...15 remote chains...] -- 3:57:49
      17200000 -- [-21718.884] [...15 remote chains...] -- 3:57:43

      Average standard deviation of split frequencies: 0.061481

      17220000 -- [-21715.685] [...15 remote chains...] -- 3:57:37
      17240000 -- [-21716.223] [...15 remote chains...] -- 3:57:29
      17260000 -- (-21734.711) [...15 remote chains...] -- 3:57:23
      17280000 -- (-21743.419) [...15 remote chains...] -- 3:57:17
      17300000 -- (-21729.938) [...15 remote chains...] -- 3:57:09

      Average standard deviation of split frequencies: 0.060405

      17320000 -- [-21710.973] [...15 remote chains...] -- 3:57:03
      17340000 -- [-21719.084] [...15 remote chains...] -- 3:56:57
      17360000 -- [-21737.778] [...15 remote chains...] -- 3:56:49
      17380000 -- [-21717.554] [...15 remote chains...] -- 3:56:43
      17400000 -- [-21705.890] [...15 remote chains...] -- 3:56:37

      Average standard deviation of split frequencies: 0.060421

      17420000 -- [-21710.569] [...15 remote chains...] -- 3:56:29
      17440000 -- [-21709.497] [...15 remote chains...] -- 3:56:23
      17460000 -- [-21719.907] [...15 remote chains...] -- 3:56:17
      17480000 -- [-21718.040] [...15 remote chains...] -- 3:56:09
      17500000 -- [-21729.011] [...15 remote chains...] -- 3:56:03

      Average standard deviation of split frequencies: 0.059717

      17520000 -- [-21710.437] [...15 remote chains...] -- 3:55:57
      17540000 -- [-21721.254] [...15 remote chains...] -- 3:55:51
      17560000 -- [-21734.699] [...15 remote chains...] -- 3:55:43
      17580000 -- [-21730.349] [...15 remote chains...] -- 3:55:37
      17600000 -- (-21742.011) [...15 remote chains...] -- 3:55:29

      Average standard deviation of split frequencies: 0.058876

      17620000 -- [-21712.039] [...15 remote chains...] -- 3:55:23
      17640000 -- [-21723.387] [...15 remote chains...] -- 3:55:17
      17660000 -- [-21735.125] [...15 remote chains...] -- 3:55:09
      17680000 -- [-21723.444] [...15 remote chains...] -- 3:55:03
      17700000 -- [-21722.352] [...15 remote chains...] -- 3:54:57

      Average standard deviation of split frequencies: 0.058551

      17720000 -- [-21724.768] [...15 remote chains...] -- 3:54:49
      17740000 -- [-21712.603] [...15 remote chains...] -- 3:54:43
      17760000 -- [-21723.497] [...15 remote chains...] -- 3:54:37
      17780000 -- [-21705.483] [...15 remote chains...] -- 3:54:29
      17800000 -- [-21718.618] [...15 remote chains...] -- 3:54:23

      Average standard deviation of split frequencies: 0.058340

      17820000 -- [-21741.465] [...15 remote chains...] -- 3:54:15
      17840000 -- [-21741.783] [...15 remote chains...] -- 3:54:09
      17860000 -- [-21733.690] [...15 remote chains...] -- 3:54:03
      17880000 -- [-21735.503] [...15 remote chains...] -- 3:53:55
      17900000 -- [-21732.208] [...15 remote chains...] -- 3:53:49

      Average standard deviation of split frequencies: 0.058201

      17920000 -- [-21710.005] [...15 remote chains...] -- 3:53:43
      17940000 -- [-21716.840] [...15 remote chains...] -- 3:53:35
      17960000 -- [-21734.169] [...15 remote chains...] -- 3:53:29
      17980000 -- [-21732.818] [...15 remote chains...] -- 3:53:23
      18000000 -- [-21739.590] [...15 remote chains...] -- 3:53:17

      Average standard deviation of split frequencies: 0.057771

      18020000 -- [-21718.915] [...15 remote chains...] -- 3:53:09
      18040000 -- [-21726.927] [...15 remote chains...] -- 3:53:03
      18060000 -- [-21722.481] [...15 remote chains...] -- 3:52:57
      18080000 -- [-21750.998] [...15 remote chains...] -- 3:52:49
      18100000 -- [-21712.337] [...15 remote chains...] -- 3:52:43

      Average standard deviation of split frequencies: 0.057557

      18120000 -- [-21706.617] [...15 remote chains...] -- 3:52:37
      18140000 -- [-21735.156] [...15 remote chains...] -- 3:52:29
      18160000 -- (-21711.711) [...15 remote chains...] -- 3:52:23
      18180000 -- [-21733.950] [...15 remote chains...] -- 3:52:17
      18200000 -- (-21750.691) [...15 remote chains...] -- 3:52:11

      Average standard deviation of split frequencies: 0.057688

      18220000 -- [-21725.573] [...15 remote chains...] -- 3:52:03
      18240000 -- [-21725.800] [...15 remote chains...] -- 3:51:57
      18260000 -- [-21728.278] [...15 remote chains...] -- 3:51:51
      18280000 -- [-21717.174] [...15 remote chains...] -- 3:51:43
      18300000 -- [-21715.348] [...15 remote chains...] -- 3:51:37

      Average standard deviation of split frequencies: 0.057509

      18320000 -- [-21725.635] [...15 remote chains...] -- 3:51:31
      18340000 -- [-21735.356] [...15 remote chains...] -- 3:51:23
      18360000 -- [-21717.846] [...15 remote chains...] -- 3:51:17
      18380000 -- [-21706.041] [...15 remote chains...] -- 3:51:09
      18400000 -- [-21723.332] [...15 remote chains...] -- 3:51:03

      Average standard deviation of split frequencies: 0.057811

      18420000 -- [-21714.106] [...15 remote chains...] -- 3:50:57
      18440000 -- [-21711.310] [...15 remote chains...] -- 3:50:49
      18460000 -- [-21716.861] [...15 remote chains...] -- 3:50:43
      18480000 -- [-21729.362] [...15 remote chains...] -- 3:50:37
      18500000 -- [-21709.534] [...15 remote chains...] -- 3:50:29

      Average standard deviation of split frequencies: 0.058206

      18520000 -- [-21733.187] [...15 remote chains...] -- 3:50:23
      18540000 -- [-21726.545] [...15 remote chains...] -- 3:50:15
      18560000 -- [-21705.363] [...15 remote chains...] -- 3:50:09
      18580000 -- (-21725.511) [...15 remote chains...] -- 3:50:03
      18600000 -- [-21735.867] [...15 remote chains...] -- 3:49:55

      Average standard deviation of split frequencies: 0.058231

      18620000 -- (-21722.325) [...15 remote chains...] -- 3:49:49
      18640000 -- (-21721.788) [...15 remote chains...] -- 3:49:43
      18660000 -- [-21723.199] [...15 remote chains...] -- 3:49:35
      18680000 -- [-21732.246] [...15 remote chains...] -- 3:49:29
      18700000 -- (-21740.016) [...15 remote chains...] -- 3:49:23

      Average standard deviation of split frequencies: 0.058546

      18720000 -- (-21711.811) [...15 remote chains...] -- 3:49:15
      18740000 -- (-21749.741) [...15 remote chains...] -- 3:49:09
      18760000 -- (-21711.055) [...15 remote chains...] -- 3:49:03
      18780000 -- [-21728.037] [...15 remote chains...] -- 3:48:55
      18800000 -- [-21733.480] [...15 remote chains...] -- 3:48:49

      Average standard deviation of split frequencies: 0.058569

      18820000 -- [-21736.910] [...15 remote chains...] -- 3:48:43
      18840000 -- [-21746.145] [...15 remote chains...] -- 3:48:35
      18860000 -- (-21754.307) [...15 remote chains...] -- 3:48:29
      18880000 -- [-21733.237] [...15 remote chains...] -- 3:48:23
      18900000 -- (-21745.978) [...15 remote chains...] -- 3:48:15

      Average standard deviation of split frequencies: 0.058558

      18920000 -- [-21739.253] [...15 remote chains...] -- 3:48:09
      18940000 -- [-21737.546] [...15 remote chains...] -- 3:48:03
      18960000 -- [-21706.874] [...15 remote chains...] -- 3:47:55
      18980000 -- [-21729.365] [...15 remote chains...] -- 3:47:49
      19000000 -- [-21724.010] [...15 remote chains...] -- 3:47:41

      Average standard deviation of split frequencies: 0.058451

      19020000 -- [-21720.099] [...15 remote chains...] -- 3:47:35
      19040000 -- [-21730.408] [...15 remote chains...] -- 3:47:29
      19060000 -- (-21742.564) [...15 remote chains...] -- 3:47:21
      19080000 -- (-21736.080) [...15 remote chains...] -- 3:47:15
      19100000 -- (-21731.173) [...15 remote chains...] -- 3:47:09

      Average standard deviation of split frequencies: 0.058531

      19120000 -- (-21750.017) [...15 remote chains...] -- 3:47:01
      19140000 -- (-21720.200) [...15 remote chains...] -- 3:46:55
      19160000 -- (-21726.534) [...15 remote chains...] -- 3:46:47
      19180000 -- (-21734.184) [...15 remote chains...] -- 3:46:41
      19200000 -- (-21736.441) [...15 remote chains...] -- 3:46:35

      Average standard deviation of split frequencies: 0.058591

      19220000 -- (-21764.164) [...15 remote chains...] -- 3:46:27
      19240000 -- [-21744.081] [...15 remote chains...] -- 3:46:21
      19260000 -- [-21751.332] [...15 remote chains...] -- 3:46:15
      19280000 -- (-21738.282) [...15 remote chains...] -- 3:46:07
      19300000 -- [-21728.245] [...15 remote chains...] -- 3:46:01

      Average standard deviation of split frequencies: 0.058786

      19320000 -- [-21717.772] [...15 remote chains...] -- 3:45:55
      19340000 -- [-21726.744] [...15 remote chains...] -- 3:45:47
      19360000 -- [-21738.295] [...15 remote chains...] -- 3:45:41
      19380000 -- (-21760.467) [...15 remote chains...] -- 3:45:35
      19400000 -- [-21752.771] [...15 remote chains...] -- 3:45:27

      Average standard deviation of split frequencies: 0.058856

      19420000 -- [-21727.195] [...15 remote chains...] -- 3:45:21
      19440000 -- [-21736.706] [...15 remote chains...] -- 3:45:15
      19460000 -- [-21757.082] [...15 remote chains...] -- 3:45:07
      19480000 -- [-21721.664] [...15 remote chains...] -- 3:45:01
      19500000 -- [-21725.114] [...15 remote chains...] -- 3:44:55

      Average standard deviation of split frequencies: 0.059425

      19520000 -- [-21702.360] [...15 remote chains...] -- 3:44:47
      19540000 -- [-21726.909] [...15 remote chains...] -- 3:44:41
      19560000 -- [-21733.200] [...15 remote chains...] -- 3:44:35
      19580000 -- (-21728.119) [...15 remote chains...] -- 3:44:29
      19600000 -- (-21768.718) [...15 remote chains...] -- 3:44:21

      Average standard deviation of split frequencies: 0.059826

      19620000 -- (-21748.201) [...15 remote chains...] -- 3:44:15
      19640000 -- (-21751.275) [...15 remote chains...] -- 3:44:09
      19660000 -- (-21732.880) [...15 remote chains...] -- 3:44:01
      19680000 -- (-21726.516) [...15 remote chains...] -- 3:43:55
      19700000 -- (-21732.751) [...15 remote chains...] -- 3:43:49

      Average standard deviation of split frequencies: 0.060127

      19720000 -- (-21747.147) [...15 remote chains...] -- 3:43:41
      19740000 -- [-21728.555] [...15 remote chains...] -- 3:43:35
      19760000 -- (-21726.863) [...15 remote chains...] -- 3:43:29
      19780000 -- (-21730.549) [...15 remote chains...] -- 3:43:23
      19800000 -- (-21736.674) [...15 remote chains...] -- 3:43:15

      Average standard deviation of split frequencies: 0.060344

      19820000 -- (-21721.947) [...15 remote chains...] -- 3:43:09
      19840000 -- (-21726.194) [...15 remote chains...] -- 3:43:03
      19860000 -- (-21731.250) [...15 remote chains...] -- 3:42:55
      19880000 -- (-21726.709) [...15 remote chains...] -- 3:42:49
      19900000 -- [-21730.302] [...15 remote chains...] -- 3:42:43

      Average standard deviation of split frequencies: 0.060232

      19920000 -- (-21729.616) [...15 remote chains...] -- 3:42:35
      19940000 -- [-21718.775] [...15 remote chains...] -- 3:42:29
      19960000 -- (-21716.893) [...15 remote chains...] -- 3:42:23
      19980000 -- [-21714.551] [...15 remote chains...] -- 3:42:15
      20000000 -- (-21733.603) [...15 remote chains...] -- 3:42:10

      Average standard deviation of split frequencies: 0.060344

      20020000 -- (-21739.221) [...15 remote chains...] -- 3:42:04
      20040000 -- (-21726.566) [...15 remote chains...] -- 3:41:58
      20060000 -- (-21739.305) [...15 remote chains...] -- 3:41:50
      20080000 -- [-21724.126] [...15 remote chains...] -- 3:41:44
      20100000 -- [-21718.877] [...15 remote chains...] -- 3:41:38

      Average standard deviation of split frequencies: 0.060361

      20120000 -- [-21710.492] [...15 remote chains...] -- 3:41:30
      20140000 -- [-21742.908] [...15 remote chains...] -- 3:41:24
      20160000 -- [-21744.994] [...15 remote chains...] -- 3:41:18
      20180000 -- [-21721.533] [...15 remote chains...] -- 3:41:10
      20200000 -- (-21729.679) [...15 remote chains...] -- 3:41:04

      Average standard deviation of split frequencies: 0.060252

      20220000 -- (-21719.739) [...15 remote chains...] -- 3:40:58
      20240000 -- (-21749.712) [...15 remote chains...] -- 3:40:52
      20260000 -- (-21717.966) [...15 remote chains...] -- 3:40:44
      20280000 -- (-21737.445) [...15 remote chains...] -- 3:40:38
      20300000 -- (-21746.257) [...15 remote chains...] -- 3:40:30

      Average standard deviation of split frequencies: 0.060937

      20320000 -- (-21754.870) [...15 remote chains...] -- 3:40:24
      20340000 -- (-21742.262) [...15 remote chains...] -- 3:40:18
      20360000 -- [-21713.620] [...15 remote chains...] -- 3:40:10
      20380000 -- [-21731.163] [...15 remote chains...] -- 3:40:04
      20400000 -- [-21730.194] [...15 remote chains...] -- 3:39:58

      Average standard deviation of split frequencies: 0.061395

      20420000 -- (-21727.155) [...15 remote chains...] -- 3:39:50
      20440000 -- [-21712.047] [...15 remote chains...] -- 3:39:44
      20460000 -- [-21722.946] [...15 remote chains...] -- 3:39:38
      20480000 -- [-21735.847] [...15 remote chains...] -- 3:39:30
      20500000 -- [-21702.978] [...15 remote chains...] -- 3:39:24

      Average standard deviation of split frequencies: 0.061363

      20520000 -- [-21718.248] [...15 remote chains...] -- 3:39:18
      20540000 -- [-21714.995] [...15 remote chains...] -- 3:39:10
      20560000 -- (-21736.156) [...15 remote chains...] -- 3:39:04
      20580000 -- [-21717.460] [...15 remote chains...] -- 3:38:58
      20600000 -- [-21717.015] [...15 remote chains...] -- 3:38:50

      Average standard deviation of split frequencies: 0.061302

      20620000 -- [-21725.297] [...15 remote chains...] -- 3:38:44
      20640000 -- (-21733.738) [...15 remote chains...] -- 3:38:38
      20660000 -- (-21736.020) [...15 remote chains...] -- 3:38:30
      20680000 -- [-21706.089] [...15 remote chains...] -- 3:38:24
      20700000 -- [-21720.018] [...15 remote chains...] -- 3:38:18

      Average standard deviation of split frequencies: 0.061668

      20720000 -- [-21727.994] [...15 remote chains...] -- 3:38:10
      20740000 -- (-21752.514) [...15 remote chains...] -- 3:38:04
      20760000 -- [-21714.975] [...15 remote chains...] -- 3:37:58
      20780000 -- (-21725.070) [...15 remote chains...] -- 3:37:50
      20800000 -- [-21725.062] [...15 remote chains...] -- 3:37:44

      Average standard deviation of split frequencies: 0.061734

      20820000 -- (-21734.333) [...15 remote chains...] -- 3:37:38
      20840000 -- [-21709.008] [...15 remote chains...] -- 3:37:32
      20860000 -- [-21719.614] [...15 remote chains...] -- 3:37:24
      20880000 -- [-21704.781] [...15 remote chains...] -- 3:37:18
      20900000 -- [-21734.687] [...15 remote chains...] -- 3:37:12

      Average standard deviation of split frequencies: 0.061671

      20920000 -- (-21700.181) [...15 remote chains...] -- 3:37:04
      20940000 -- (-21726.833) [...15 remote chains...] -- 3:36:58
      20960000 -- [-21713.483] [...15 remote chains...] -- 3:36:52
      20980000 -- (-21726.041) [...15 remote chains...] -- 3:36:44
      21000000 -- [-21726.515] [...15 remote chains...] -- 3:36:38

      Average standard deviation of split frequencies: 0.061587

      21020000 -- [-21715.361] [...15 remote chains...] -- 3:36:32
      21040000 -- [-21720.164] [...15 remote chains...] -- 3:36:24
      21060000 -- [-21727.116] [...15 remote chains...] -- 3:36:18
      21080000 -- [-21728.602] [...15 remote chains...] -- 3:36:12
      21100000 -- [-21726.583] [...15 remote chains...] -- 3:36:04

      Average standard deviation of split frequencies: 0.061348

      21120000 -- [-21720.874] [...15 remote chains...] -- 3:35:58
      21140000 -- (-21727.993) [...15 remote chains...] -- 3:35:52
      21160000 -- (-21712.549) [...15 remote chains...] -- 3:35:44
      21180000 -- [-21735.630] [...15 remote chains...] -- 3:35:38
      21200000 -- [-21735.641] [...15 remote chains...] -- 3:35:32

      Average standard deviation of split frequencies: 0.061195

      21220000 -- [-21731.023] [...15 remote chains...] -- 3:35:24
      21240000 -- [-21746.656] [...15 remote chains...] -- 3:35:18
      21260000 -- [-21729.452] [...15 remote chains...] -- 3:35:10
      21280000 -- [-21727.036] [...15 remote chains...] -- 3:35:04
      21300000 -- [-21725.106] [...15 remote chains...] -- 3:34:58

      Average standard deviation of split frequencies: 0.060690

      21320000 -- [-21725.692] [...15 remote chains...] -- 3:34:50
      21340000 -- [-21702.000] [...15 remote chains...] -- 3:34:44
      21360000 -- [-21735.778] [...15 remote chains...] -- 3:34:38
      21380000 -- [-21733.970] [...15 remote chains...] -- 3:34:32
      21400000 -- [-21712.737] [...15 remote chains...] -- 3:34:24

      Average standard deviation of split frequencies: 0.060160

      21420000 -- [-21715.399] [...15 remote chains...] -- 3:34:18
      21440000 -- [-21740.516] [...15 remote chains...] -- 3:34:10
      21460000 -- (-21741.673) [...15 remote chains...] -- 3:34:04
      21480000 -- (-21735.287) [...15 remote chains...] -- 3:33:58
      21500000 -- [-21727.911] [...15 remote chains...] -- 3:33:50

      Average standard deviation of split frequencies: 0.059897

      21520000 -- (-21724.970) [...15 remote chains...] -- 3:33:44
      21540000 -- (-21758.732) [...15 remote chains...] -- 3:33:38
      21560000 -- [-21731.123] [...15 remote chains...] -- 3:33:32
      21580000 -- [-21708.698] [...15 remote chains...] -- 3:33:24
      21600000 -- [-21721.429] [...15 remote chains...] -- 3:33:18

      Average standard deviation of split frequencies: 0.059519

      21620000 -- (-21720.917) [...15 remote chains...] -- 3:33:12
      21640000 -- [-21746.279] [...15 remote chains...] -- 3:33:04
      21660000 -- [-21713.414] [...15 remote chains...] -- 3:32:58
      21680000 -- [-21730.685] [...15 remote chains...] -- 3:32:52
      21700000 -- [-21738.940] [...15 remote chains...] -- 3:32:44

      Average standard deviation of split frequencies: 0.058979

      21720000 -- [-21716.348] [...15 remote chains...] -- 3:32:38
      21740000 -- [-21714.277] [...15 remote chains...] -- 3:32:32
      21760000 -- [-21722.835] [...15 remote chains...] -- 3:32:24
      21780000 -- (-21723.826) [...15 remote chains...] -- 3:32:18
      21800000 -- [-21717.455] [...15 remote chains...] -- 3:32:10

      Average standard deviation of split frequencies: 0.058784

      21820000 -- [-21718.129] [...15 remote chains...] -- 3:32:04
      21840000 -- (-21742.137) [...15 remote chains...] -- 3:31:58
      21860000 -- [-21717.573] [...15 remote chains...] -- 3:31:50
      21880000 -- [-21736.699] [...15 remote chains...] -- 3:31:44
      21900000 -- (-21743.669) [...15 remote chains...] -- 3:31:38

      Average standard deviation of split frequencies: 0.058772

      21920000 -- [-21744.766] [...15 remote chains...] -- 3:31:30
      21940000 -- [-21730.500] [...15 remote chains...] -- 3:31:24
      21960000 -- [-21721.606] [...15 remote chains...] -- 3:31:18
      21980000 -- [-21717.359] [...15 remote chains...] -- 3:31:10
      22000000 -- [-21721.251] [...15 remote chains...] -- 3:31:04

      Average standard deviation of split frequencies: 0.058481

      22020000 -- [-21729.480] [...15 remote chains...] -- 3:30:58
      22040000 -- [-21729.826] [...15 remote chains...] -- 3:30:50
      22060000 -- [-21732.021] [...15 remote chains...] -- 3:30:44
      22080000 -- [-21735.428] [...15 remote chains...] -- 3:30:38
      22100000 -- (-21723.156) [...15 remote chains...] -- 3:30:30

      Average standard deviation of split frequencies: 0.058587

      22120000 -- [-21701.211] [...15 remote chains...] -- 3:30:24
      22140000 -- [-21698.658] [...15 remote chains...] -- 3:30:18
      22160000 -- (-21732.371) [...15 remote chains...] -- 3:30:10
      22180000 -- [-21725.515] [...15 remote chains...] -- 3:30:04
      22200000 -- [-21725.463] [...15 remote chains...] -- 3:29:58

      Average standard deviation of split frequencies: 0.058365

      22220000 -- [-21717.473] [...15 remote chains...] -- 3:29:50
      22240000 -- (-21734.177) [...15 remote chains...] -- 3:29:44
      22260000 -- [-21726.993] [...15 remote chains...] -- 3:29:38
      22280000 -- [-21719.988] [...15 remote chains...] -- 3:29:30
      22300000 -- [-21703.436] [...15 remote chains...] -- 3:29:24

      Average standard deviation of split frequencies: 0.057476

      22320000 -- (-21719.277) [...15 remote chains...] -- 3:29:18
      22340000 -- [-21738.810] [...15 remote chains...] -- 3:29:10
      22360000 -- [-21741.999] [...15 remote chains...] -- 3:29:04
      22380000 -- [-21722.464] [...15 remote chains...] -- 3:28:58
      22400000 -- [-21721.885] [...15 remote chains...] -- 3:28:50

      Average standard deviation of split frequencies: 0.057128

      22420000 -- [-21743.772] [...15 remote chains...] -- 3:28:44
      22440000 -- [-21725.692] [...15 remote chains...] -- 3:28:38
      22460000 -- [-21704.516] [...15 remote chains...] -- 3:28:30
      22480000 -- [-21701.189] [...15 remote chains...] -- 3:28:24
      22500000 -- [-21739.528] [...15 remote chains...] -- 3:28:18

      Average standard deviation of split frequencies: 0.056922

      22520000 -- [-21704.230] [...15 remote chains...] -- 3:28:10
      22540000 -- [-21700.982] [...15 remote chains...] -- 3:28:04
      22560000 -- [-21703.212] [...15 remote chains...] -- 3:27:58
      22580000 -- [-21722.209] [...15 remote chains...] -- 3:27:50
      22600000 -- [-21730.104] [...15 remote chains...] -- 3:27:44

      Average standard deviation of split frequencies: 0.056484

      22620000 -- [-21719.561] [...15 remote chains...] -- 3:27:36
      22640000 -- [-21731.909] [...15 remote chains...] -- 3:27:30
      22660000 -- [-21713.545] [...15 remote chains...] -- 3:27:24
      22680000 -- [-21725.475] [...15 remote chains...] -- 3:27:16
      22700000 -- [-21729.104] [...15 remote chains...] -- 3:27:10

      Average standard deviation of split frequencies: 0.056135

      22720000 -- [-21718.933] [...15 remote chains...] -- 3:27:04
      22740000 -- [-21710.705] [...15 remote chains...] -- 3:26:56
      22760000 -- [-21730.298] [...15 remote chains...] -- 3:26:50
      22780000 -- [-21720.231] [...15 remote chains...] -- 3:26:44
      22800000 -- [-21727.502] [...15 remote chains...] -- 3:26:36

      Average standard deviation of split frequencies: 0.055541

      22820000 -- [-21730.775] [...15 remote chains...] -- 3:26:30
      22840000 -- [-21735.408] [...15 remote chains...] -- 3:26:24
      22860000 -- [-21733.720] [...15 remote chains...] -- 3:26:18
      22880000 -- [-21737.801] [...15 remote chains...] -- 3:26:10
      22900000 -- [-21735.684] [...15 remote chains...] -- 3:26:04

      Average standard deviation of split frequencies: 0.055245

      22920000 -- [-21718.525] [...15 remote chains...] -- 3:25:56
      22940000 -- [-21716.456] [...15 remote chains...] -- 3:25:50
      22960000 -- [-21728.105] [...15 remote chains...] -- 3:25:44
      22980000 -- [-21720.562] [...15 remote chains...] -- 3:25:36
      23000000 -- [-21710.716] [...15 remote chains...] -- 3:25:30

      Average standard deviation of split frequencies: 0.055066

      23020000 -- [-21720.246] [...15 remote chains...] -- 3:25:24
      23040000 -- [-21713.197] [...15 remote chains...] -- 3:25:16
      23060000 -- [-21728.980] [...15 remote chains...] -- 3:25:10
      23080000 -- (-21736.540) [...15 remote chains...] -- 3:25:04
      23100000 -- [-21753.367] [...15 remote chains...] -- 3:24:56

      Average standard deviation of split frequencies: 0.054636

      23120000 -- [-21739.908] [...15 remote chains...] -- 3:24:50
      23140000 -- [-21739.337] [...15 remote chains...] -- 3:24:44
      23160000 -- [-21719.546] [...15 remote chains...] -- 3:24:36
      23180000 -- [-21723.945] [...15 remote chains...] -- 3:24:30
      23200000 -- [-21737.850] [...15 remote chains...] -- 3:24:24

      Average standard deviation of split frequencies: 0.054543

      23220000 -- [-21738.393] [...15 remote chains...] -- 3:24:16
      23240000 -- [-21739.028] [...15 remote chains...] -- 3:24:10
      23260000 -- [-21735.117] [...15 remote chains...] -- 3:24:04
      23280000 -- [-21720.094] [...15 remote chains...] -- 3:23:56
      23300000 -- [-21733.325] [...15 remote chains...] -- 3:23:50

      Average standard deviation of split frequencies: 0.054237

      23320000 -- [-21708.350] [...15 remote chains...] -- 3:23:44
      23340000 -- [-21726.140] [...15 remote chains...] -- 3:23:36
      23360000 -- [-21732.320] [...15 remote chains...] -- 3:23:30
      23380000 -- [-21731.708] [...15 remote chains...] -- 3:23:24
      23400000 -- (-21729.566) [...15 remote chains...] -- 3:23:16

      Average standard deviation of split frequencies: 0.053578

      23420000 -- [-21711.935] [...15 remote chains...] -- 3:23:10
      23440000 -- [-21710.330] [...15 remote chains...] -- 3:23:03
      23460000 -- [-21736.424] [...15 remote chains...] -- 3:22:56
      23480000 -- (-21735.371) [...15 remote chains...] -- 3:22:50
      23500000 -- [-21723.487] [...15 remote chains...] -- 3:22:43

      Average standard deviation of split frequencies: 0.053604

      23520000 -- [-21721.500] [...15 remote chains...] -- 3:22:36
      23540000 -- [-21727.343] [...15 remote chains...] -- 3:22:30
      23560000 -- [-21723.815] [...15 remote chains...] -- 3:22:23
      23580000 -- [-21708.674] [...15 remote chains...] -- 3:22:16
      23600000 -- [-21724.337] [...15 remote chains...] -- 3:22:10

      Average standard deviation of split frequencies: 0.053423

      23620000 -- [-21734.590] [...15 remote chains...] -- 3:22:03
      23640000 -- [-21702.385] [...15 remote chains...] -- 3:21:56
      23660000 -- [-21738.469] [...15 remote chains...] -- 3:21:50
      23680000 -- (-21736.361) [...15 remote chains...] -- 3:21:44
      23700000 -- [-21704.253] [...15 remote chains...] -- 3:21:36

      Average standard deviation of split frequencies: 0.053017

      23720000 -- [-21746.455] [...15 remote chains...] -- 3:21:30
      23740000 -- [-21724.859] [...15 remote chains...] -- 3:21:24
      23760000 -- (-21735.250) [...15 remote chains...] -- 3:21:16
      23780000 -- [-21733.696] [...15 remote chains...] -- 3:21:10
      23800000 -- (-21721.387) [...15 remote chains...] -- 3:21:04

      Average standard deviation of split frequencies: 0.052725

      23820000 -- [-21724.125] [...15 remote chains...] -- 3:20:56
      23840000 -- (-21727.020) [...15 remote chains...] -- 3:20:50
      23860000 -- (-21716.065) [...15 remote chains...] -- 3:20:44
      23880000 -- (-21736.881) [...15 remote chains...] -- 3:20:36
      23900000 -- (-21727.062) [...15 remote chains...] -- 3:20:30

      Average standard deviation of split frequencies: 0.052475

      23920000 -- [-21717.706] [...15 remote chains...] -- 3:20:24
      23940000 -- (-21739.331) [...15 remote chains...] -- 3:20:16
      23960000 -- [-21737.891] [...15 remote chains...] -- 3:20:10
      23980000 -- [-21738.985] [...15 remote chains...] -- 3:20:04
      24000000 -- [-21721.359] [...15 remote chains...] -- 3:19:57

      Average standard deviation of split frequencies: 0.051797

      24020000 -- [-21727.692] [...15 remote chains...] -- 3:19:50
      24040000 -- [-21718.966] [...15 remote chains...] -- 3:19:44
      24060000 -- [-21739.572] [...15 remote chains...] -- 3:19:37
      24080000 -- [-21736.678] [...15 remote chains...] -- 3:19:30
      24100000 -- [-21723.800] [...15 remote chains...] -- 3:19:24

      Average standard deviation of split frequencies: 0.051323

      24120000 -- [-21718.072] [...15 remote chains...] -- 3:19:17
      24140000 -- [-21716.670] [...15 remote chains...] -- 3:19:10
      24160000 -- (-21745.049) [...15 remote chains...] -- 3:19:04
      24180000 -- [-21731.990] [...15 remote chains...] -- 3:18:57
      24200000 -- [-21695.518] [...15 remote chains...] -- 3:18:50

      Average standard deviation of split frequencies: 0.050926

      24220000 -- (-21719.342) [...15 remote chains...] -- 3:18:44
      24240000 -- (-21739.082) [...15 remote chains...] -- 3:18:37
      24260000 -- (-21730.950) [...15 remote chains...] -- 3:18:30
      24280000 -- [-21721.639] [...15 remote chains...] -- 3:18:24
      24300000 -- [-21721.400] [...15 remote chains...] -- 3:18:17

      Average standard deviation of split frequencies: 0.050708

      24320000 -- [-21714.656] [...15 remote chains...] -- 3:18:10
      24340000 -- [-21724.340] [...15 remote chains...] -- 3:18:04
      24360000 -- [-21740.476] [...15 remote chains...] -- 3:17:57
      24380000 -- (-21738.023) [...15 remote chains...] -- 3:17:50
      24400000 -- (-21732.000) [...15 remote chains...] -- 3:17:44

      Average standard deviation of split frequencies: 0.050571

      24420000 -- (-21731.685) [...15 remote chains...] -- 3:17:37
      24440000 -- (-21716.483) [...15 remote chains...] -- 3:17:30
      24460000 -- (-21724.310) [...15 remote chains...] -- 3:17:24
      24480000 -- [-21708.010] [...15 remote chains...] -- 3:17:17
      24500000 -- (-21727.094) [...15 remote chains...] -- 3:17:10

      Average standard deviation of split frequencies: 0.050371

      24520000 -- (-21722.265) [...15 remote chains...] -- 3:17:04
      24540000 -- (-21743.516) [...15 remote chains...] -- 3:16:57
      24560000 -- (-21736.521) [...15 remote chains...] -- 3:16:50
      24580000 -- (-21728.369) [...15 remote chains...] -- 3:16:44
      24600000 -- (-21726.066) [...15 remote chains...] -- 3:16:37

      Average standard deviation of split frequencies: 0.050374

      24620000 -- (-21750.729) [...15 remote chains...] -- 3:16:30
      24640000 -- [-21722.535] [...15 remote chains...] -- 3:16:24
      24660000 -- (-21752.295) [...15 remote chains...] -- 3:16:17
      24680000 -- (-21746.830) [...15 remote chains...] -- 3:16:10
      24700000 -- [-21720.419] [...15 remote chains...] -- 3:16:04

      Average standard deviation of split frequencies: 0.050336

      24720000 -- [-21709.923] [...15 remote chains...] -- 3:15:57
      24740000 -- [-21709.543] [...15 remote chains...] -- 3:15:50
      24760000 -- (-21745.730) [...15 remote chains...] -- 3:15:44
      24780000 -- [-21730.000] [...15 remote chains...] -- 3:15:37
      24800000 -- [-21732.551] [...15 remote chains...] -- 3:15:30

      Average standard deviation of split frequencies: 0.050180

      24820000 -- [-21733.241] [...15 remote chains...] -- 3:15:23
      24840000 -- [-21726.941] [...15 remote chains...] -- 3:15:17
      24860000 -- (-21730.300) [...15 remote chains...] -- 3:15:10
      24880000 -- (-21750.097) [...15 remote chains...] -- 3:15:03
      24900000 -- (-21734.094) [...15 remote chains...] -- 3:14:57

      Average standard deviation of split frequencies: 0.049968

      24920000 -- [-21720.875] [...15 remote chains...] -- 3:14:50
      24940000 -- (-21722.141) [...15 remote chains...] -- 3:14:43
      24960000 -- (-21726.157) [...15 remote chains...] -- 3:14:37
      24980000 -- (-21725.673) [...15 remote chains...] -- 3:14:30
      25000000 -- (-21725.044) [...15 remote chains...] -- 3:14:24

      Average standard deviation of split frequencies: 0.049922

      25020000 -- (-21733.804) [...15 remote chains...] -- 3:14:17
      25040000 -- [-21717.925] [...15 remote chains...] -- 3:14:11
      25060000 -- [-21748.189] [...15 remote chains...] -- 3:14:04
      25080000 -- [-21731.441] [...15 remote chains...] -- 3:13:57
      25100000 -- [-21726.969] [...15 remote chains...] -- 3:13:51

      Average standard deviation of split frequencies: 0.049656

      25120000 -- [-21708.385] [...15 remote chains...] -- 3:13:44
      25140000 -- [-21741.939] [...15 remote chains...] -- 3:13:37
      25160000 -- [-21729.991] [...15 remote chains...] -- 3:13:31
      25180000 -- [-21717.133] [...15 remote chains...] -- 3:13:24
      25200000 -- [-21726.734] [...15 remote chains...] -- 3:13:17

      Average standard deviation of split frequencies: 0.049221

      25220000 -- [-21714.266] [...15 remote chains...] -- 3:13:11
      25240000 -- [-21711.911] [...15 remote chains...] -- 3:13:03
      25260000 -- (-21710.400) [...15 remote chains...] -- 3:12:57
      25280000 -- [-21728.211] [...15 remote chains...] -- 3:12:51
      25300000 -- [-21723.247] [...15 remote chains...] -- 3:12:43

      Average standard deviation of split frequencies: 0.048718

      25320000 -- (-21747.073) [...15 remote chains...] -- 3:12:37
      25340000 -- (-21735.948) [...15 remote chains...] -- 3:12:31
      25360000 -- (-21739.850) [...15 remote chains...] -- 3:12:23
      25380000 -- (-21742.806) [...15 remote chains...] -- 3:12:17
      25400000 -- [-21731.808] [...15 remote chains...] -- 3:12:11

      Average standard deviation of split frequencies: 0.048310

      25420000 -- (-21721.180) [...15 remote chains...] -- 3:12:03
      25440000 -- (-21724.019) [...15 remote chains...] -- 3:11:57
      25460000 -- [-21717.260] [...15 remote chains...] -- 3:11:51
      25480000 -- [-21715.918] [...15 remote chains...] -- 3:11:43
      25500000 -- [-21725.634] [...15 remote chains...] -- 3:11:37

      Average standard deviation of split frequencies: 0.047931

      25520000 -- [-21718.832] [...15 remote chains...] -- 3:11:29
      25540000 -- [-21724.461] [...15 remote chains...] -- 3:11:23
      25560000 -- (-21746.811) [...15 remote chains...] -- 3:11:17
      25580000 -- (-21761.294) [...15 remote chains...] -- 3:11:09
      25600000 -- (-21751.045) [...15 remote chains...] -- 3:11:03

      Average standard deviation of split frequencies: 0.047960

      25620000 -- [-21729.027] [...15 remote chains...] -- 3:10:57
      25640000 -- [-21745.326] [...15 remote chains...] -- 3:10:49
      25660000 -- (-21742.616) [...15 remote chains...] -- 3:10:43
      25680000 -- [-21758.911] [...15 remote chains...] -- 3:10:37
      25700000 -- [-21724.650] [...15 remote chains...] -- 3:10:31

      Average standard deviation of split frequencies: 0.048017

      25720000 -- [-21716.276] [...15 remote chains...] -- 3:10:23
      25740000 -- [-21732.333] [...15 remote chains...] -- 3:10:17
      25760000 -- [-21722.743] [...15 remote chains...] -- 3:10:11
      25780000 -- (-21730.957) [...15 remote chains...] -- 3:10:03
      25800000 -- (-21754.891) [...15 remote chains...] -- 3:09:57

      Average standard deviation of split frequencies: 0.047656

      25820000 -- (-21728.937) [...15 remote chains...] -- 3:09:51
      25840000 -- (-21728.773) [...15 remote chains...] -- 3:09:43
      25860000 -- [-21737.463] [...15 remote chains...] -- 3:09:37
      25880000 -- [-21719.963] [...15 remote chains...] -- 3:09:31
      25900000 -- (-21758.332) [...15 remote chains...] -- 3:09:23

      Average standard deviation of split frequencies: 0.047441

      25920000 -- (-21748.593) [...15 remote chains...] -- 3:09:17
      25940000 -- [-21733.028] [...15 remote chains...] -- 3:09:11
      25960000 -- [-21727.427] [...15 remote chains...] -- 3:09:03
      25980000 -- [-21710.364] [...15 remote chains...] -- 3:08:57
      26000000 -- [-21732.306] [...15 remote chains...] -- 3:08:51

      Average standard deviation of split frequencies: 0.047116

      26020000 -- [-21729.703] [...15 remote chains...] -- 3:08:44
      26040000 -- [-21720.783] [...15 remote chains...] -- 3:08:37
      26060000 -- (-21720.601) [...15 remote chains...] -- 3:08:31
      26080000 -- (-21718.181) [...15 remote chains...] -- 3:08:24
      26100000 -- [-21734.077] [...15 remote chains...] -- 3:08:18

      Average standard deviation of split frequencies: 0.046993

      26120000 -- (-21723.734) [...15 remote chains...] -- 3:08:11
      26140000 -- (-21725.322) [...15 remote chains...] -- 3:08:04
      26160000 -- (-21747.640) [...15 remote chains...] -- 3:07:58
      26180000 -- (-21717.633) [...15 remote chains...] -- 3:07:51
      26200000 -- [-21712.548] [...15 remote chains...] -- 3:07:44

      Average standard deviation of split frequencies: 0.047171

      26220000 -- [-21723.305] [...15 remote chains...] -- 3:07:38
      26240000 -- [-21739.181] [...15 remote chains...] -- 3:07:31
      26260000 -- (-21721.064) [...15 remote chains...] -- 3:07:24
      26280000 -- [-21725.656] [...15 remote chains...] -- 3:07:18
      26300000 -- (-21742.320) [...15 remote chains...] -- 3:07:12

      Average standard deviation of split frequencies: 0.046995

      26320000 -- (-21728.024) [...15 remote chains...] -- 3:07:04
      26340000 -- (-21721.833) [...15 remote chains...] -- 3:06:58
      26360000 -- [-21722.377] [...15 remote chains...] -- 3:06:52
      26380000 -- [-21722.614] [...15 remote chains...] -- 3:06:44
      26400000 -- [-21725.118] [...15 remote chains...] -- 3:06:38

      Average standard deviation of split frequencies: 0.047029

      26420000 -- [-21721.688] [...15 remote chains...] -- 3:06:32
      26440000 -- [-21732.600] [...15 remote chains...] -- 3:06:24
      26460000 -- [-21739.232] [...15 remote chains...] -- 3:06:18
      26480000 -- [-21718.959] [...15 remote chains...] -- 3:06:12
      26500000 -- (-21746.939) [...15 remote chains...] -- 3:06:06

      Average standard deviation of split frequencies: 0.047393

      26520000 -- [-21709.057] [...15 remote chains...] -- 3:05:58
      26540000 -- [-21711.221] [...15 remote chains...] -- 3:05:52
      26560000 -- [-21718.572] [...15 remote chains...] -- 3:05:46
      26580000 -- (-21726.652) [...15 remote chains...] -- 3:05:38
      26600000 -- [-21713.458] [...15 remote chains...] -- 3:05:32

      Average standard deviation of split frequencies: 0.047518

      26620000 -- [-21710.063] [...15 remote chains...] -- 3:05:26
      26640000 -- [-21719.062] [...15 remote chains...] -- 3:05:20
      26660000 -- [-21712.560] [...15 remote chains...] -- 3:05:12
      26680000 -- [-21738.906] [...15 remote chains...] -- 3:05:06
      26700000 -- [-21743.637] [...15 remote chains...] -- 3:05:00

      Average standard deviation of split frequencies: 0.047954

      26720000 -- (-21719.104) [...15 remote chains...] -- 3:04:52
      26740000 -- (-21727.484) [...15 remote chains...] -- 3:04:46
      26760000 -- [-21725.136] [...15 remote chains...] -- 3:04:40
      26780000 -- [-21733.841] [...15 remote chains...] -- 3:04:32
      26800000 -- (-21758.467) [...15 remote chains...] -- 3:04:26

      Average standard deviation of split frequencies: 0.047792

      26820000 -- [-21722.321] [...15 remote chains...] -- 3:04:20
      26840000 -- (-21728.310) [...15 remote chains...] -- 3:04:13
      26860000 -- [-21716.216] [...15 remote chains...] -- 3:04:06
      26880000 -- (-21763.229) [...15 remote chains...] -- 3:04:00
      26900000 -- [-21721.268] [...15 remote chains...] -- 3:03:53

      Average standard deviation of split frequencies: 0.047929

      26920000 -- [-21730.150] [...15 remote chains...] -- 3:03:46
      26940000 -- [-21751.024] [...15 remote chains...] -- 3:03:40
      26960000 -- (-21737.217) [...15 remote chains...] -- 3:03:33
      26980000 -- (-21761.505) [...15 remote chains...] -- 3:03:26
      27000000 -- (-21742.329) [...15 remote chains...] -- 3:03:20

      Average standard deviation of split frequencies: 0.048100

      27020000 -- (-21747.445) [...15 remote chains...] -- 3:03:13
      27040000 -- (-21749.204) [...15 remote chains...] -- 3:03:06
      27060000 -- (-21739.420) [...15 remote chains...] -- 3:03:00
      27080000 -- (-21738.432) [...15 remote chains...] -- 3:02:53
      27100000 -- (-21735.281) [...15 remote chains...] -- 3:02:47

      Average standard deviation of split frequencies: 0.048287

      27120000 -- (-21754.579) [...15 remote chains...] -- 3:02:40
      27140000 -- (-21737.936) [...15 remote chains...] -- 3:02:33
      27160000 -- (-21745.379) [...15 remote chains...] -- 3:02:27
      27180000 -- (-21717.198) [...15 remote chains...] -- 3:02:20
      27200000 -- (-21733.457) [...15 remote chains...] -- 3:02:13

      Average standard deviation of split frequencies: 0.048446

      27220000 -- (-21724.184) [...15 remote chains...] -- 3:02:07
      27240000 -- (-21722.584) [...15 remote chains...] -- 3:02:00
      27260000 -- [-21700.474] [...15 remote chains...] -- 3:01:53
      27280000 -- (-21735.825) [...15 remote chains...] -- 3:01:47
      27300000 -- (-21726.957) [...15 remote chains...] -- 3:01:41

      Average standard deviation of split frequencies: 0.048301

      27320000 -- (-21744.306) [...15 remote chains...] -- 3:01:33
      27340000 -- (-21748.240) [...15 remote chains...] -- 3:01:27
      27360000 -- (-21734.346) [...15 remote chains...] -- 3:01:21
      27380000 -- [-21734.144] [...15 remote chains...] -- 3:01:13
      27400000 -- [-21740.999] [...15 remote chains...] -- 3:01:07

      Average standard deviation of split frequencies: 0.048173

      27420000 -- (-21741.113) [...15 remote chains...] -- 3:01:01
      27440000 -- [-21716.552] [...15 remote chains...] -- 3:00:54
      27460000 -- [-21751.531] [...15 remote chains...] -- 3:00:47
      27480000 -- [-21726.039] [...15 remote chains...] -- 3:00:41
      27500000 -- [-21747.577] [...15 remote chains...] -- 3:00:34

      Average standard deviation of split frequencies: 0.047783

      27520000 -- [-21711.250] [...15 remote chains...] -- 3:00:27
      27540000 -- [-21726.036] [...15 remote chains...] -- 3:00:21
      27560000 -- (-21720.728) [...15 remote chains...] -- 3:00:14
      27580000 -- [-21722.446] [...15 remote chains...] -- 3:00:08
      27600000 -- (-21746.601) [...15 remote chains...] -- 3:00:01

      Average standard deviation of split frequencies: 0.047511

      27620000 -- (-21735.089) [...15 remote chains...] -- 2:59:54
      27640000 -- [-21736.364] [...15 remote chains...] -- 2:59:48
      27660000 -- [-21729.951] [...15 remote chains...] -- 2:59:41
      27680000 -- [-21707.361] [...15 remote chains...] -- 2:59:34
      27700000 -- [-21719.308] [...15 remote chains...] -- 2:59:28

      Average standard deviation of split frequencies: 0.047327

      27720000 -- [-21727.855] [...15 remote chains...] -- 2:59:21
      27740000 -- (-21727.381) [...15 remote chains...] -- 2:59:14
      27760000 -- (-21746.700) [...15 remote chains...] -- 2:59:08
      27780000 -- (-21728.103) [...15 remote chains...] -- 2:59:02
      27800000 -- (-21731.913) [...15 remote chains...] -- 2:58:54

      Average standard deviation of split frequencies: 0.047651

      27820000 -- [-21725.338] [...15 remote chains...] -- 2:58:48
      27840000 -- (-21755.117) [...15 remote chains...] -- 2:58:42
      27860000 -- (-21735.464) [...15 remote chains...] -- 2:58:34
      27880000 -- (-21714.960) [...15 remote chains...] -- 2:58:28
      27900000 -- (-21727.941) [...15 remote chains...] -- 2:58:22

      Average standard deviation of split frequencies: 0.047730

      27920000 -- (-21745.091) [...15 remote chains...] -- 2:58:14
      27940000 -- (-21734.529) [...15 remote chains...] -- 2:58:08
      27960000 -- (-21735.152) [...15 remote chains...] -- 2:58:01
      27980000 -- (-21739.820) [...15 remote chains...] -- 2:57:54
      28000000 -- (-21724.043) [...15 remote chains...] -- 2:57:48

      Average standard deviation of split frequencies: 0.047821

      28020000 -- (-21756.184) [...15 remote chains...] -- 2:57:41
      28040000 -- (-21758.416) [...15 remote chains...] -- 2:57:34
      28060000 -- (-21749.175) [...15 remote chains...] -- 2:57:28
      28080000 -- [-21742.853] [...15 remote chains...] -- 2:57:21
      28100000 -- (-21750.333) [...15 remote chains...] -- 2:57:14

      Average standard deviation of split frequencies: 0.047663

      28120000 -- (-21736.303) [...15 remote chains...] -- 2:57:08
      28140000 -- (-21746.189) [...15 remote chains...] -- 2:57:01
      28160000 -- (-21715.404) [...15 remote chains...] -- 2:56:54
      28180000 -- (-21729.095) [...15 remote chains...] -- 2:56:48
      28200000 -- [-21725.281] [...15 remote chains...] -- 2:56:41

      Average standard deviation of split frequencies: 0.047943

      28220000 -- (-21752.279) [...15 remote chains...] -- 2:56:34
      28240000 -- [-21723.675] [...15 remote chains...] -- 2:56:28
      28260000 -- [-21719.776] [...15 remote chains...] -- 2:56:21
      28280000 -- (-21743.946) [...15 remote chains...] -- 2:56:14
      28300000 -- (-21749.763) [...15 remote chains...] -- 2:56:08

      Average standard deviation of split frequencies: 0.048337

      28320000 -- (-21773.275) [...15 remote chains...] -- 2:56:01
      28340000 -- (-21734.241) [...15 remote chains...] -- 2:55:54
      28360000 -- (-21738.477) [...15 remote chains...] -- 2:55:47
      28380000 -- (-21745.476) [...15 remote chains...] -- 2:55:41
      28400000 -- (-21725.978) [...15 remote chains...] -- 2:55:34

      Average standard deviation of split frequencies: 0.048751

      28420000 -- (-21746.321) [...15 remote chains...] -- 2:55:27
      28440000 -- (-21757.403) [...15 remote chains...] -- 2:55:21
      28460000 -- [-21720.784] [...15 remote chains...] -- 2:55:14
      28480000 -- [-21728.151] [...15 remote chains...] -- 2:55:07
      28500000 -- (-21741.721) [...15 remote chains...] -- 2:55:01

      Average standard deviation of split frequencies: 0.048893

      28520000 -- [-21730.149] [...15 remote chains...] -- 2:54:54
      28540000 -- (-21723.667) [...15 remote chains...] -- 2:54:47
      28560000 -- [-21716.995] [...15 remote chains...] -- 2:54:41
      28580000 -- [-21742.637] [...15 remote chains...] -- 2:54:34
      28600000 -- (-21741.945) [...15 remote chains...] -- 2:54:28

      Average standard deviation of split frequencies: 0.048896

      28620000 -- (-21734.692) [...15 remote chains...] -- 2:54:21
      28640000 -- (-21739.388) [...15 remote chains...] -- 2:54:14
      28660000 -- [-21711.389] [...15 remote chains...] -- 2:54:07
      28680000 -- [-21728.773] [...15 remote chains...] -- 2:54:01
      28700000 -- [-21725.891] [...15 remote chains...] -- 2:53:54

      Average standard deviation of split frequencies: 0.049114

      28720000 -- (-21728.953) [...15 remote chains...] -- 2:53:47
      28740000 -- [-21732.944] [...15 remote chains...] -- 2:53:41
      28760000 -- [-21719.540] [...15 remote chains...] -- 2:53:34
      28780000 -- [-21719.634] [...15 remote chains...] -- 2:53:28
      28800000 -- (-21714.674) [...15 remote chains...] -- 2:53:21

      Average standard deviation of split frequencies: 0.048965

      28820000 -- (-21764.848) [...15 remote chains...] -- 2:53:14
      28840000 -- [-21714.732] [...15 remote chains...] -- 2:53:08
      28860000 -- [-21717.247] [...15 remote chains...] -- 2:53:01
      28880000 -- [-21741.010] [...15 remote chains...] -- 2:52:54
      28900000 -- [-21742.111] [...15 remote chains...] -- 2:52:48

      Average standard deviation of split frequencies: 0.049193

      28920000 -- [-21716.310] [...15 remote chains...] -- 2:52:41
      28940000 -- [-21712.286] [...15 remote chains...] -- 2:52:34
      28960000 -- [-21706.445] [...15 remote chains...] -- 2:52:28
      28980000 -- [-21714.013] [...15 remote chains...] -- 2:52:21
      29000000 -- (-21731.189) [...15 remote chains...] -- 2:52:14

      Average standard deviation of split frequencies: 0.049252

      29020000 -- [-21750.413] [...15 remote chains...] -- 2:52:08
      29040000 -- [-21720.279] [...15 remote chains...] -- 2:52:01
      29060000 -- [-21714.284] [...15 remote chains...] -- 2:51:54
      29080000 -- [-21717.201] [...15 remote chains...] -- 2:51:48
      29100000 -- [-21734.050] [...15 remote chains...] -- 2:51:41

      Average standard deviation of split frequencies: 0.049118

      29120000 -- [-21715.894] [...15 remote chains...] -- 2:51:34
      29140000 -- [-21710.034] [...15 remote chains...] -- 2:51:28
      29160000 -- [-21724.834] [...15 remote chains...] -- 2:51:21
      29180000 -- [-21710.831] [...15 remote chains...] -- 2:51:14
      29200000 -- [-21723.635] [...15 remote chains...] -- 2:51:08

      Average standard deviation of split frequencies: 0.049146

      29220000 -- [-21737.558] [...15 remote chains...] -- 2:51:01
      29240000 -- [-21721.267] [...15 remote chains...] -- 2:50:54
      29260000 -- [-21728.384] [...15 remote chains...] -- 2:50:48
      29280000 -- [-21745.233] [...15 remote chains...] -- 2:50:41
      29300000 -- [-21735.502] [...15 remote chains...] -- 2:50:34

      Average standard deviation of split frequencies: 0.049104

      29320000 -- [-21720.527] [...15 remote chains...] -- 2:50:28
      29340000 -- [-21717.590] [...15 remote chains...] -- 2:50:21
      29360000 -- [-21725.373] [...15 remote chains...] -- 2:50:14
      29380000 -- [-21714.694] [...15 remote chains...] -- 2:50:08
      29400000 -- [-21724.969] [...15 remote chains...] -- 2:50:01

      Average standard deviation of split frequencies: 0.049173

      29420000 -- [-21718.950] [...15 remote chains...] -- 2:49:54
      29440000 -- [-21706.218] [...15 remote chains...] -- 2:49:48
      29460000 -- [-21716.689] [...15 remote chains...] -- 2:49:41
      29480000 -- [-21717.774] [...15 remote chains...] -- 2:49:34
      29500000 -- [-21731.190] [...15 remote chains...] -- 2:49:27

      Average standard deviation of split frequencies: 0.049223

      29520000 -- [-21726.610] [...15 remote chains...] -- 2:49:21
      29540000 -- [-21742.100] [...15 remote chains...] -- 2:49:14
      29560000 -- [-21720.481] [...15 remote chains...] -- 2:49:07
      29580000 -- [-21735.557] [...15 remote chains...] -- 2:49:01
      29600000 -- [-21732.717] [...15 remote chains...] -- 2:48:54

      Average standard deviation of split frequencies: 0.049429

      29620000 -- [-21741.328] [...15 remote chains...] -- 2:48:47
      29640000 -- [-21727.153] [...15 remote chains...] -- 2:48:41
      29660000 -- (-21744.270) [...15 remote chains...] -- 2:48:33
      29680000 -- (-21760.883) [...15 remote chains...] -- 2:48:27
      29700000 -- (-21748.846) [...15 remote chains...] -- 2:48:21

      Average standard deviation of split frequencies: 0.049561

      29720000 -- [-21722.481] [...15 remote chains...] -- 2:48:13
      29740000 -- (-21733.286) [...15 remote chains...] -- 2:48:07
      29760000 -- (-21718.664) [...15 remote chains...] -- 2:48:01
      29780000 -- (-21748.907) [...15 remote chains...] -- 2:47:53
      29800000 -- [-21736.479] [...15 remote chains...] -- 2:47:47

      Average standard deviation of split frequencies: 0.049635

      29820000 -- [-21731.240] [...15 remote chains...] -- 2:47:41
      29840000 -- (-21725.741) [...15 remote chains...] -- 2:47:33
      29860000 -- (-21773.524) [...15 remote chains...] -- 2:47:27
      29880000 -- (-21738.446) [...15 remote chains...] -- 2:47:20
      29900000 -- (-21772.864) [...15 remote chains...] -- 2:47:13

      Average standard deviation of split frequencies: 0.050281

      29920000 -- (-21754.920) [...15 remote chains...] -- 2:47:07
      29940000 -- [-21733.244] [...15 remote chains...] -- 2:47:00
      29960000 -- (-21729.803) [...15 remote chains...] -- 2:46:53
      29980000 -- [-21715.080] [...15 remote chains...] -- 2:46:47
      30000000 -- [-21740.805] [...15 remote chains...] -- 2:46:40

      Average standard deviation of split frequencies: 0.050539

      30020000 -- [-21730.337] [...15 remote chains...] -- 2:46:33
      30040000 -- (-21732.291) [...15 remote chains...] -- 2:46:26
      30060000 -- [-21741.298] [...15 remote chains...] -- 2:46:20
      30080000 -- [-21727.602] [...15 remote chains...] -- 2:46:13
      30100000 -- [-21724.383] [...15 remote chains...] -- 2:46:06

      Average standard deviation of split frequencies: 0.050942

      30120000 -- (-21761.638) [...15 remote chains...] -- 2:46:00
      30140000 -- [-21710.877] [...15 remote chains...] -- 2:45:53
      30160000 -- [-21724.052] [...15 remote chains...] -- 2:45:46
      30180000 -- (-21760.590) [...15 remote chains...] -- 2:45:40
      30200000 -- (-21730.382) [...15 remote chains...] -- 2:45:32

      Average standard deviation of split frequencies: 0.051432

      30220000 -- (-21760.904) [...15 remote chains...] -- 2:45:26
      30240000 -- [-21729.525] [...15 remote chains...] -- 2:45:20
      30260000 -- (-21724.774) [...15 remote chains...] -- 2:45:12
      30280000 -- (-21720.089) [...15 remote chains...] -- 2:45:06
      30300000 -- [-21731.189] [...15 remote chains...] -- 2:45:00

      Average standard deviation of split frequencies: 0.051871

      30320000 -- [-21725.934] [...15 remote chains...] -- 2:44:52
      30340000 -- [-21741.236] [...15 remote chains...] -- 2:44:46
      30360000 -- [-21726.968] [...15 remote chains...] -- 2:44:39
      30380000 -- [-21718.783] [...15 remote chains...] -- 2:44:32
      30400000 -- [-21744.476] [...15 remote chains...] -- 2:44:26

      Average standard deviation of split frequencies: 0.052094

      30420000 -- [-21726.731] [...15 remote chains...] -- 2:44:19
      30440000 -- [-21712.091] [...15 remote chains...] -- 2:44:12
      30460000 -- [-21720.564] [...15 remote chains...] -- 2:44:05
      30480000 -- (-21727.986) [...15 remote chains...] -- 2:43:59
      30500000 -- (-21726.899) [...15 remote chains...] -- 2:43:52

      Average standard deviation of split frequencies: 0.051911

      30520000 -- (-21741.675) [...15 remote chains...] -- 2:43:45
      30540000 -- (-21743.110) [...15 remote chains...] -- 2:43:39
      30560000 -- (-21702.365) [...15 remote chains...] -- 2:43:32
      30580000 -- (-21745.365) [...15 remote chains...] -- 2:43:25
      30600000 -- (-21724.499) [...15 remote chains...] -- 2:43:19

      Average standard deviation of split frequencies: 0.052074

      30620000 -- (-21730.789) [...15 remote chains...] -- 2:43:12
      30640000 -- (-21745.692) [...15 remote chains...] -- 2:43:05
      30660000 -- (-21762.956) [...15 remote chains...] -- 2:42:59
      30680000 -- [-21724.602] [...15 remote chains...] -- 2:42:52
      30700000 -- [-21711.754] [...15 remote chains...] -- 2:42:45

      Average standard deviation of split frequencies: 0.052477

      30720000 -- [-21722.144] [...15 remote chains...] -- 2:42:39
      30740000 -- (-21751.508) [...15 remote chains...] -- 2:42:32
      30760000 -- (-21715.208) [...15 remote chains...] -- 2:42:26
      30780000 -- [-21720.741] [...15 remote chains...] -- 2:42:19
      30800000 -- [-21747.473] [...15 remote chains...] -- 2:42:12

      Average standard deviation of split frequencies: 0.053017

      30820000 -- (-21754.292) [...15 remote chains...] -- 2:42:06
      30840000 -- (-21735.026) [...15 remote chains...] -- 2:41:59
      30860000 -- [-21734.912] [...15 remote chains...] -- 2:41:52
      30880000 -- [-21723.767] [...15 remote chains...] -- 2:41:46
      30900000 -- [-21733.696] [...15 remote chains...] -- 2:41:39

      Average standard deviation of split frequencies: 0.053006

      30920000 -- (-21743.605) [...15 remote chains...] -- 2:41:32
      30940000 -- (-21752.305) [...15 remote chains...] -- 2:41:26
      30960000 -- (-21722.672) [...15 remote chains...] -- 2:41:19
      30980000 -- [-21716.430] [...15 remote chains...] -- 2:41:12
      31000000 -- (-21720.170) [...15 remote chains...] -- 2:41:06

      Average standard deviation of split frequencies: 0.053166

      31020000 -- (-21740.736) [...15 remote chains...] -- 2:40:59
      31040000 -- (-21741.434) [...15 remote chains...] -- 2:40:52
      31060000 -- (-21725.635) [...15 remote chains...] -- 2:40:46
      31080000 -- [-21711.412] [...15 remote chains...] -- 2:40:39
      31100000 -- (-21735.579) [...15 remote chains...] -- 2:40:32

      Average standard deviation of split frequencies: 0.053445

      31120000 -- (-21732.117) [...15 remote chains...] -- 2:40:26
      31140000 -- (-21759.478) [...15 remote chains...] -- 2:40:19
      31160000 -- [-21729.008] [...15 remote chains...] -- 2:40:12
      31180000 -- [-21721.617] [...15 remote chains...] -- 2:40:05
      31200000 -- [-21723.449] [...15 remote chains...] -- 2:39:59

      Average standard deviation of split frequencies: 0.053608

      31220000 -- (-21713.913) [...15 remote chains...] -- 2:39:52
      31240000 -- (-21703.224) [...15 remote chains...] -- 2:39:45
      31260000 -- (-21714.619) [...15 remote chains...] -- 2:39:39
      31280000 -- (-21733.165) [...15 remote chains...] -- 2:39:32
      31300000 -- [-21735.091] [...15 remote chains...] -- 2:39:25

      Average standard deviation of split frequencies: 0.053956

      31320000 -- [-21716.781] [...15 remote chains...] -- 2:39:19
      31340000 -- [-21730.518] [...15 remote chains...] -- 2:39:12
      31360000 -- [-21729.375] [...15 remote chains...] -- 2:39:05
      31380000 -- [-21717.811] [...15 remote chains...] -- 2:38:59
      31400000 -- (-21736.325) [...15 remote chains...] -- 2:38:52

      Average standard deviation of split frequencies: 0.054019

      31420000 -- (-21719.883) [...15 remote chains...] -- 2:38:46
      31440000 -- (-21715.309) [...15 remote chains...] -- 2:38:39
      31460000 -- (-21756.905) [...15 remote chains...] -- 2:38:32
      31480000 -- (-21734.271) [...15 remote chains...] -- 2:38:26
      31500000 -- (-21743.954) [...15 remote chains...] -- 2:38:19

      Average standard deviation of split frequencies: 0.054176

      31520000 -- (-21716.589) [...15 remote chains...] -- 2:38:12
      31540000 -- (-21743.762) [...15 remote chains...] -- 2:38:06
      31560000 -- [-21721.590] [...15 remote chains...] -- 2:37:59
      31580000 -- [-21714.166] [...15 remote chains...] -- 2:37:52
      31600000 -- [-21696.837] [...15 remote chains...] -- 2:37:46

      Average standard deviation of split frequencies: 0.054256

      31620000 -- [-21744.957] [...15 remote chains...] -- 2:37:39
      31640000 -- [-21712.514] [...15 remote chains...] -- 2:37:32
      31660000 -- [-21724.984] [...15 remote chains...] -- 2:37:26
      31680000 -- [-21742.370] [...15 remote chains...] -- 2:37:20
      31700000 -- [-21724.105] [...15 remote chains...] -- 2:37:12

      Average standard deviation of split frequencies: 0.054234

      31720000 -- [-21718.197] [...15 remote chains...] -- 2:37:06
      31740000 -- [-21736.472] [...15 remote chains...] -- 2:37:00
      31760000 -- (-21735.160) [...15 remote chains...] -- 2:36:52
      31780000 -- (-21714.339) [...15 remote chains...] -- 2:36:46
      31800000 -- (-21693.137) [...15 remote chains...] -- 2:36:40

      Average standard deviation of split frequencies: 0.054219

      31820000 -- [-21709.022] [...15 remote chains...] -- 2:36:32
      31840000 -- [-21714.269] [...15 remote chains...] -- 2:36:26
      31860000 -- [-21719.551] [...15 remote chains...] -- 2:36:20
      31880000 -- [-21741.152] [...15 remote chains...] -- 2:36:12
      31900000 -- [-21712.578] [...15 remote chains...] -- 2:36:06

      Average standard deviation of split frequencies: 0.053772

      31920000 -- [-21718.697] [...15 remote chains...] -- 2:36:00
      31940000 -- [-21736.535] [...15 remote chains...] -- 2:35:52
      31960000 -- (-21725.203) [...15 remote chains...] -- 2:35:46
      31980000 -- [-21733.393] [...15 remote chains...] -- 2:35:40
      32000000 -- (-21717.167) [...15 remote chains...] -- 2:35:33

      Average standard deviation of split frequencies: 0.053526

      32020000 -- (-21730.710) [...15 remote chains...] -- 2:35:26
      32040000 -- [-21707.808] [...15 remote chains...] -- 2:35:20
      32060000 -- (-21714.566) [...15 remote chains...] -- 2:35:13
      32080000 -- [-21732.330] [...15 remote chains...] -- 2:35:06
      32100000 -- [-21714.592] [...15 remote chains...] -- 2:35:00

      Average standard deviation of split frequencies: 0.053473

      32120000 -- [-21732.112] [...15 remote chains...] -- 2:34:53
      32140000 -- [-21746.435] [...15 remote chains...] -- 2:34:47
      32160000 -- (-21732.889) [...15 remote chains...] -- 2:34:40
      32180000 -- (-21727.265) [...15 remote chains...] -- 2:34:33
      32200000 -- (-21714.407) [...15 remote chains...] -- 2:34:26

      Average standard deviation of split frequencies: 0.053198

      32220000 -- [-21717.309] [...15 remote chains...] -- 2:34:20
      32240000 -- [-21726.144] [...15 remote chains...] -- 2:34:13
      32260000 -- [-21745.088] [...15 remote chains...] -- 2:34:06
      32280000 -- [-21715.585] [...15 remote chains...] -- 2:34:00
      32300000 -- [-21711.966] [...15 remote chains...] -- 2:33:53

      Average standard deviation of split frequencies: 0.053411

      32320000 -- [-21728.758] [...15 remote chains...] -- 2:33:47
      32340000 -- [-21712.283] [...15 remote chains...] -- 2:33:40
      32360000 -- [-21727.681] [...15 remote chains...] -- 2:33:33
      32380000 -- (-21734.751) [...15 remote chains...] -- 2:33:27
      32400000 -- [-21733.730] [...15 remote chains...] -- 2:33:20

      Average standard deviation of split frequencies: 0.053255

      32420000 -- [-21726.634] [...15 remote chains...] -- 2:33:13
      32440000 -- [-21732.162] [...15 remote chains...] -- 2:33:07
      32460000 -- [-21735.435] [...15 remote chains...] -- 2:33:00
      32480000 -- [-21701.398] [...15 remote chains...] -- 2:32:53
      32500000 -- [-21722.707] [...15 remote chains...] -- 2:32:46

      Average standard deviation of split frequencies: 0.053158

      32520000 -- (-21727.083) [...15 remote chains...] -- 2:32:40
      32540000 -- (-21726.185) [...15 remote chains...] -- 2:32:33
      32560000 -- [-21746.718] [...15 remote chains...] -- 2:32:26
      32580000 -- (-21732.641) [...15 remote chains...] -- 2:32:20
      32600000 -- [-21738.467] [...15 remote chains...] -- 2:32:13

      Average standard deviation of split frequencies: 0.052996

      32620000 -- [-21737.250] [...15 remote chains...] -- 2:32:06
      32640000 -- [-21726.758] [...15 remote chains...] -- 2:32:00
      32660000 -- [-21701.994] [...15 remote chains...] -- 2:31:53
      32680000 -- [-21746.107] [...15 remote chains...] -- 2:31:46
      32700000 -- [-21742.411] [...15 remote chains...] -- 2:31:40

      Average standard deviation of split frequencies: 0.053310

      32720000 -- [-21703.511] [...15 remote chains...] -- 2:31:33
      32740000 -- [-21719.649] [...15 remote chains...] -- 2:31:27
      32760000 -- [-21706.487] [...15 remote chains...] -- 2:31:20
      32780000 -- [-21733.056] [...15 remote chains...] -- 2:31:13
      32800000 -- (-21732.066) [...15 remote chains...] -- 2:31:07

      Average standard deviation of split frequencies: 0.053276

      32820000 -- [-21719.402] [...15 remote chains...] -- 2:31:00
      32840000 -- [-21721.545] [...15 remote chains...] -- 2:30:53
      32860000 -- [-21739.217] [...15 remote chains...] -- 2:30:47
      32880000 -- (-21710.946) [...15 remote chains...] -- 2:30:40
      32900000 -- [-21724.474] [...15 remote chains...] -- 2:30:33

      Average standard deviation of split frequencies: 0.053203

      32920000 -- [-21721.128] [...15 remote chains...] -- 2:30:27
      32940000 -- [-21712.373] [...15 remote chains...] -- 2:30:20
      32960000 -- [-21749.489] [...15 remote chains...] -- 2:30:13
      32980000 -- [-21710.528] [...15 remote chains...] -- 2:30:07
      33000000 -- [-21727.041] [...15 remote chains...] -- 2:30:00

      Average standard deviation of split frequencies: 0.053269

      33020000 -- [-21737.143] [...15 remote chains...] -- 2:29:53
      33040000 -- [-21718.530] [...15 remote chains...] -- 2:29:47
      33060000 -- [-21708.890] [...15 remote chains...] -- 2:29:40
      33080000 -- [-21711.878] [...15 remote chains...] -- 2:29:33
      33100000 -- [-21708.810] [...15 remote chains...] -- 2:29:27

      Average standard deviation of split frequencies: 0.053140

      33120000 -- [-21705.474] [...15 remote chains...] -- 2:29:20
      33140000 -- [-21717.010] [...15 remote chains...] -- 2:29:13
      33160000 -- [-21740.427] [...15 remote chains...] -- 2:29:07
      33180000 -- [-21737.642] [...15 remote chains...] -- 2:29:00
      33200000 -- [-21722.805] [...15 remote chains...] -- 2:28:53

      Average standard deviation of split frequencies: 0.053044

      33220000 -- (-21731.517) [...15 remote chains...] -- 2:28:47
      33240000 -- (-21715.596) [...15 remote chains...] -- 2:28:40
      33260000 -- (-21745.410) [...15 remote chains...] -- 2:28:33
      33280000 -- [-21737.890] [...15 remote chains...] -- 2:28:27
      33300000 -- [-21729.456] [...15 remote chains...] -- 2:28:20

      Average standard deviation of split frequencies: 0.053103

      33320000 -- [-21726.417] [...15 remote chains...] -- 2:28:13
      33340000 -- (-21733.737) [...15 remote chains...] -- 2:28:07
      33360000 -- [-21727.755] [...15 remote chains...] -- 2:28:00
      33380000 -- [-21718.454] [...15 remote chains...] -- 2:27:53
      33400000 -- [-21719.992] [...15 remote chains...] -- 2:27:47

      Average standard deviation of split frequencies: 0.053056

      33420000 -- [-21722.161] [...15 remote chains...] -- 2:27:40
      33440000 -- [-21710.174] [...15 remote chains...] -- 2:27:33
      33460000 -- [-21711.932] [...15 remote chains...] -- 2:27:27
      33480000 -- (-21719.652) [...15 remote chains...] -- 2:27:20
      33500000 -- (-21733.429) [...15 remote chains...] -- 2:27:13

      Average standard deviation of split frequencies: 0.053083

      33520000 -- (-21721.381) [...15 remote chains...] -- 2:27:07
      33540000 -- (-21727.896) [...15 remote chains...] -- 2:27:00
      33560000 -- [-21740.648] [...15 remote chains...] -- 2:26:53
      33580000 -- [-21726.875] [...15 remote chains...] -- 2:26:47
      33600000 -- (-21728.445) [...15 remote chains...] -- 2:26:40

      Average standard deviation of split frequencies: 0.053173

      33620000 -- [-21724.585] [...15 remote chains...] -- 2:26:33
      33640000 -- [-21727.069] [...15 remote chains...] -- 2:26:27
      33660000 -- (-21740.715) [...15 remote chains...] -- 2:26:20
      33680000 -- [-21733.455] [...15 remote chains...] -- 2:26:13
      33700000 -- [-21709.444] [...15 remote chains...] -- 2:26:07

      Average standard deviation of split frequencies: 0.053365

      33720000 -- [-21717.327] [...15 remote chains...] -- 2:26:00
      33740000 -- (-21718.355) [...15 remote chains...] -- 2:25:53
      33760000 -- [-21715.795] [...15 remote chains...] -- 2:25:47
      33780000 -- (-21731.981) [...15 remote chains...] -- 2:25:40
      33800000 -- (-21725.689) [...15 remote chains...] -- 2:25:33

      Average standard deviation of split frequencies: 0.053619

      33820000 -- [-21716.550] [...15 remote chains...] -- 2:25:27
      33840000 -- [-21722.524] [...15 remote chains...] -- 2:25:20
      33860000 -- [-21722.623] [...15 remote chains...] -- 2:25:13
      33880000 -- [-21725.610] [...15 remote chains...] -- 2:25:07
      33900000 -- [-21715.144] [...15 remote chains...] -- 2:25:00

      Average standard deviation of split frequencies: 0.053664

      33920000 -- [-21734.440] [...15 remote chains...] -- 2:24:54
      33940000 -- [-21724.625] [...15 remote chains...] -- 2:24:47
      33960000 -- (-21735.695) [...15 remote chains...] -- 2:24:40
      33980000 -- [-21730.716] [...15 remote chains...] -- 2:24:33
      34000000 -- [-21750.034] [...15 remote chains...] -- 2:24:27

      Average standard deviation of split frequencies: 0.053519

      34020000 -- [-21736.572] [...15 remote chains...] -- 2:24:20
      34040000 -- [-21738.900] [...15 remote chains...] -- 2:24:14
      34060000 -- [-21737.685] [...15 remote chains...] -- 2:24:07
      34080000 -- [-21738.255] [...15 remote chains...] -- 2:24:00
      34100000 -- [-21729.138] [...15 remote chains...] -- 2:23:54

      Average standard deviation of split frequencies: 0.053305

      34120000 -- [-21714.508] [...15 remote chains...] -- 2:23:47
      34140000 -- [-21711.376] [...15 remote chains...] -- 2:23:40
      34160000 -- (-21733.710) [...15 remote chains...] -- 2:23:34
      34180000 -- [-21728.203] [...15 remote chains...] -- 2:23:27
      34200000 -- [-21723.579] [...15 remote chains...] -- 2:23:20

      Average standard deviation of split frequencies: 0.053039

      34220000 -- [-21727.319] [...15 remote chains...] -- 2:23:14
      34240000 -- [-21709.637] [...15 remote chains...] -- 2:23:07
      34260000 -- [-21718.219] [...15 remote chains...] -- 2:23:00
      34280000 -- [-21712.004] [...15 remote chains...] -- 2:22:54
      34300000 -- [-21735.382] [...15 remote chains...] -- 2:22:47

      Average standard deviation of split frequencies: 0.052792

      34320000 -- (-21717.368) [...15 remote chains...] -- 2:22:41
      34340000 -- [-21739.152] [...15 remote chains...] -- 2:22:34
      34360000 -- [-21723.830] [...15 remote chains...] -- 2:22:27
      34380000 -- [-21731.672] [...15 remote chains...] -- 2:22:21
      34400000 -- [-21730.441] [...15 remote chains...] -- 2:22:14

      Average standard deviation of split frequencies: 0.052725

      34420000 -- [-21717.603] [...15 remote chains...] -- 2:22:07
      34440000 -- [-21733.392] [...15 remote chains...] -- 2:22:00
      34460000 -- [-21722.044] [...15 remote chains...] -- 2:21:54
      34480000 -- [-21710.718] [...15 remote chains...] -- 2:21:47
      34500000 -- (-21718.393) [...15 remote chains...] -- 2:21:40

      Average standard deviation of split frequencies: 0.052565

      34520000 -- [-21732.817] [...15 remote chains...] -- 2:21:34
      34540000 -- (-21727.265) [...15 remote chains...] -- 2:21:27
      34560000 -- [-21710.815] [...15 remote chains...] -- 2:21:20
      34580000 -- [-21716.535] [...15 remote chains...] -- 2:21:14
      34600000 -- (-21745.168) [...15 remote chains...] -- 2:21:07

      Average standard deviation of split frequencies: 0.052366

      34620000 -- (-21724.352) [...15 remote chains...] -- 2:21:00
      34640000 -- [-21724.576] [...15 remote chains...] -- 2:20:54
      34660000 -- [-21718.705] [...15 remote chains...] -- 2:20:47
      34680000 -- (-21725.924) [...15 remote chains...] -- 2:20:40
      34700000 -- [-21746.857] [...15 remote chains...] -- 2:20:34

      Average standard deviation of split frequencies: 0.052284

      34720000 -- [-21715.923] [...15 remote chains...] -- 2:20:27
      34740000 -- [-21730.708] [...15 remote chains...] -- 2:20:20
      34760000 -- [-21722.230] [...15 remote chains...] -- 2:20:14
      34780000 -- [-21716.473] [...15 remote chains...] -- 2:20:07
      34800000 -- [-21729.415] [...15 remote chains...] -- 2:20:00

      Average standard deviation of split frequencies: 0.052171

      34820000 -- [-21716.239] [...15 remote chains...] -- 2:19:54
      34840000 -- [-21731.658] [...15 remote chains...] -- 2:19:47
      34860000 -- [-21702.725] [...15 remote chains...] -- 2:19:40
      34880000 -- [-21740.280] [...15 remote chains...] -- 2:19:34
      34900000 -- [-21717.051] [...15 remote chains...] -- 2:19:27

      Average standard deviation of split frequencies: 0.052144

      34920000 -- [-21721.611] [...15 remote chains...] -- 2:19:20
      34940000 -- [-21724.470] [...15 remote chains...] -- 2:19:14
      34960000 -- [-21724.298] [...15 remote chains...] -- 2:19:07
      34980000 -- [-21711.548] [...15 remote chains...] -- 2:19:00
      35000000 -- [-21733.037] [...15 remote chains...] -- 2:18:54

      Average standard deviation of split frequencies: 0.051914

      35020000 -- [-21739.476] [...15 remote chains...] -- 2:18:47
      35040000 -- [-21719.951] [...15 remote chains...] -- 2:18:41
      35060000 -- [-21737.111] [...15 remote chains...] -- 2:18:34
      35080000 -- [-21733.640] [...15 remote chains...] -- 2:18:27
      35100000 -- [-21724.435] [...15 remote chains...] -- 2:18:21

      Average standard deviation of split frequencies: 0.051877

      35120000 -- [-21708.249] [...15 remote chains...] -- 2:18:14
      35140000 -- [-21722.237] [...15 remote chains...] -- 2:18:07
      35160000 -- (-21741.533) [...15 remote chains...] -- 2:18:01
      35180000 -- [-21718.496] [...15 remote chains...] -- 2:17:54
      35200000 -- [-21711.374] [...15 remote chains...] -- 2:17:47

      Average standard deviation of split frequencies: 0.051758

      35220000 -- [-21719.046] [...15 remote chains...] -- 2:17:41
      35240000 -- [-21714.895] [...15 remote chains...] -- 2:17:34
      35260000 -- (-21737.409) [...15 remote chains...] -- 2:17:27
      35280000 -- (-21722.026) [...15 remote chains...] -- 2:17:21
      35300000 -- (-21723.024) [...15 remote chains...] -- 2:17:14

      Average standard deviation of split frequencies: 0.051700

      35320000 -- (-21716.185) [...15 remote chains...] -- 2:17:07
      35340000 -- (-21736.638) [...15 remote chains...] -- 2:17:01
      35360000 -- (-21763.577) [...15 remote chains...] -- 2:16:54
      35380000 -- (-21754.836) [...15 remote chains...] -- 2:16:47
      35400000 -- (-21740.470) [...15 remote chains...] -- 2:16:41

      Average standard deviation of split frequencies: 0.051602

      35420000 -- (-21787.228) [...15 remote chains...] -- 2:16:34
      35440000 -- (-21741.406) [...15 remote chains...] -- 2:16:27
      35460000 -- [-21739.842] [...15 remote chains...] -- 2:16:21
      35480000 -- [-21733.714] [...15 remote chains...] -- 2:16:14
      35500000 -- (-21734.545) [...15 remote chains...] -- 2:16:07

      Average standard deviation of split frequencies: 0.051684

      35520000 -- (-21746.373) [...15 remote chains...] -- 2:16:01
      35540000 -- (-21743.242) [...15 remote chains...] -- 2:15:54
      35560000 -- (-21738.229) [...15 remote chains...] -- 2:15:47
      35580000 -- (-21732.129) [...15 remote chains...] -- 2:15:41
      35600000 -- (-21740.726) [...15 remote chains...] -- 2:15:34

      Average standard deviation of split frequencies: 0.051927

      35620000 -- (-21745.894) [...15 remote chains...] -- 2:15:27
      35640000 -- [-21731.610] [...15 remote chains...] -- 2:15:21
      35660000 -- [-21729.298] [...15 remote chains...] -- 2:15:14
      35680000 -- [-21727.306] [...15 remote chains...] -- 2:15:08
      35700000 -- [-21730.904] [...15 remote chains...] -- 2:15:01

      Average standard deviation of split frequencies: 0.051854

      35720000 -- [-21702.121] [...15 remote chains...] -- 2:14:54
      35740000 -- [-21715.587] [...15 remote chains...] -- 2:14:48
      35760000 -- [-21734.069] [...15 remote chains...] -- 2:14:41
      35780000 -- (-21704.812) [...15 remote chains...] -- 2:14:34
      35800000 -- [-21722.304] [...15 remote chains...] -- 2:14:28

      Average standard deviation of split frequencies: 0.051887

      35820000 -- (-21709.128) [...15 remote chains...] -- 2:14:22
      35840000 -- [-21712.082] [...15 remote chains...] -- 2:14:14
      35860000 -- [-21730.261] [...15 remote chains...] -- 2:14:08
      35880000 -- (-21747.564) [...15 remote chains...] -- 2:14:02
      35900000 -- [-21723.524] [...15 remote chains...] -- 2:13:54

      Average standard deviation of split frequencies: 0.051584

      35920000 -- (-21724.810) [...15 remote chains...] -- 2:13:48
      35940000 -- (-21733.933) [...15 remote chains...] -- 2:13:42
      35960000 -- (-21735.563) [...15 remote chains...] -- 2:13:34
      35980000 -- [-21709.438] [...15 remote chains...] -- 2:13:28
      36000000 -- [-21731.173] [...15 remote chains...] -- 2:13:22

      Average standard deviation of split frequencies: 0.051378

      36020000 -- (-21763.875) [...15 remote chains...] -- 2:13:14
      36040000 -- [-21738.184] [...15 remote chains...] -- 2:13:08
      36060000 -- (-21741.759) [...15 remote chains...] -- 2:13:01
      36080000 -- (-21731.659) [...15 remote chains...] -- 2:12:54
      36100000 -- [-21716.123] [...15 remote chains...] -- 2:12:48

      Average standard deviation of split frequencies: 0.051186

      36120000 -- [-21743.787] [...15 remote chains...] -- 2:12:41
      36140000 -- [-21726.428] [...15 remote chains...] -- 2:12:34
      36160000 -- [-21719.839] [...15 remote chains...] -- 2:12:28
      36180000 -- (-21730.387) [...15 remote chains...] -- 2:12:21
      36200000 -- [-21717.391] [...15 remote chains...] -- 2:12:14

      Average standard deviation of split frequencies: 0.051010

      36220000 -- [-21718.521] [...15 remote chains...] -- 2:12:08
      36240000 -- [-21720.307] [...15 remote chains...] -- 2:12:01
      36260000 -- (-21744.232) [...15 remote chains...] -- 2:11:54
      36280000 -- (-21725.665) [...15 remote chains...] -- 2:11:48
      36300000 -- [-21721.254] [...15 remote chains...] -- 2:11:41

      Average standard deviation of split frequencies: 0.050854

      36320000 -- (-21732.522) [...15 remote chains...] -- 2:11:34
      36340000 -- [-21741.236] [...15 remote chains...] -- 2:11:28
      36360000 -- (-21728.935) [...15 remote chains...] -- 2:11:21
      36380000 -- (-21726.021) [...15 remote chains...] -- 2:11:14
      36400000 -- (-21727.056) [...15 remote chains...] -- 2:11:08

      Average standard deviation of split frequencies: 0.050852

      36420000 -- (-21737.879) [...15 remote chains...] -- 2:11:01
      36440000 -- (-21738.872) [...15 remote chains...] -- 2:10:54
      36460000 -- (-21711.018) [...15 remote chains...] -- 2:10:47
      36480000 -- [-21722.406] [...15 remote chains...] -- 2:10:41
      36500000 -- (-21704.905) [...15 remote chains...] -- 2:10:34

      Average standard deviation of split frequencies: 0.051000

      36520000 -- (-21726.771) [...15 remote chains...] -- 2:10:27
      36540000 -- (-21743.414) [...15 remote chains...] -- 2:10:21
      36560000 -- (-21726.653) [...15 remote chains...] -- 2:10:14
      36580000 -- (-21725.654) [...15 remote chains...] -- 2:10:07
      36600000 -- [-21733.697] [...15 remote chains...] -- 2:10:01

      Average standard deviation of split frequencies: 0.051018

      36620000 -- (-21728.054) [...15 remote chains...] -- 2:09:54
      36640000 -- (-21729.266) [...15 remote chains...] -- 2:09:47
      36660000 -- (-21753.584) [...15 remote chains...] -- 2:09:41
      36680000 -- (-21713.503) [...15 remote chains...] -- 2:09:34
      36700000 -- (-21731.544) [...15 remote chains...] -- 2:09:27

      Average standard deviation of split frequencies: 0.050777

      36720000 -- [-21732.876] [...15 remote chains...] -- 2:09:21
      36740000 -- (-21724.759) [...15 remote chains...] -- 2:09:14
      36760000 -- (-21729.219) [...15 remote chains...] -- 2:09:07
      36780000 -- (-21731.886) [...15 remote chains...] -- 2:09:01
      36800000 -- (-21733.665) [...15 remote chains...] -- 2:08:54

      Average standard deviation of split frequencies: 0.050834

      36820000 -- (-21749.907) [...15 remote chains...] -- 2:08:47
      36840000 -- (-21705.991) [...15 remote chains...] -- 2:08:41
      36860000 -- [-21700.295] [...15 remote chains...] -- 2:08:34
      36880000 -- [-21710.415] [...15 remote chains...] -- 2:08:27
      36900000 -- (-21725.435) [...15 remote chains...] -- 2:08:21

      Average standard deviation of split frequencies: 0.050664

      36920000 -- (-21721.755) [...15 remote chains...] -- 2:08:14
      36940000 -- (-21720.032) [...15 remote chains...] -- 2:08:07
      36960000 -- (-21721.566) [...15 remote chains...] -- 2:08:01
      36980000 -- [-21718.119] [...15 remote chains...] -- 2:07:54
      37000000 -- [-21701.230] [...15 remote chains...] -- 2:07:47

      Average standard deviation of split frequencies: 0.050750

      37020000 -- [-21712.588] [...15 remote chains...] -- 2:07:41
      37040000 -- [-21724.380] [...15 remote chains...] -- 2:07:34
      37060000 -- [-21709.694] [...15 remote chains...] -- 2:07:27
      37080000 -- [-21730.058] [...15 remote chains...] -- 2:07:21
      37100000 -- [-21742.717] [...15 remote chains...] -- 2:07:14

      Average standard deviation of split frequencies: 0.050721

      37120000 -- [-21738.918] [...15 remote chains...] -- 2:07:07
      37140000 -- [-21726.305] [...15 remote chains...] -- 2:07:01
      37160000 -- (-21723.801) [...15 remote chains...] -- 2:06:54
      37180000 -- (-21729.713) [...15 remote chains...] -- 2:06:47
      37200000 -- (-21711.988) [...15 remote chains...] -- 2:06:41

      Average standard deviation of split frequencies: 0.050581

      37220000 -- [-21704.425] [...15 remote chains...] -- 2:06:34
      37240000 -- (-21728.408) [...15 remote chains...] -- 2:06:28
      37260000 -- (-21736.837) [...15 remote chains...] -- 2:06:21
      37280000 -- (-21737.556) [...15 remote chains...] -- 2:06:14
      37300000 -- (-21762.396) [...15 remote chains...] -- 2:06:08

      Average standard deviation of split frequencies: 0.050546

      37320000 -- (-21753.095) [...15 remote chains...] -- 2:06:01
      37340000 -- (-21736.830) [...15 remote chains...] -- 2:05:54
      37360000 -- (-21737.918) [...15 remote chains...] -- 2:05:48
      37380000 -- (-21740.839) [...15 remote chains...] -- 2:05:41
      37400000 -- (-21736.480) [...15 remote chains...] -- 2:05:34

      Average standard deviation of split frequencies: 0.050545

      37420000 -- (-21731.927) [...15 remote chains...] -- 2:05:27
      37440000 -- (-21744.091) [...15 remote chains...] -- 2:05:21
      37460000 -- [-21723.885] [...15 remote chains...] -- 2:05:14
      37480000 -- [-21735.861] [...15 remote chains...] -- 2:05:07
      37500000 -- [-21731.279] [...15 remote chains...] -- 2:05:01

      Average standard deviation of split frequencies: 0.050590

      37520000 -- [-21735.958] [...15 remote chains...] -- 2:04:54
      37540000 -- [-21713.023] [...15 remote chains...] -- 2:04:47
      37560000 -- [-21719.004] [...15 remote chains...] -- 2:04:41
      37580000 -- [-21743.929] [...15 remote chains...] -- 2:04:34
      37600000 -- [-21726.013] [...15 remote chains...] -- 2:04:27

      Average standard deviation of split frequencies: 0.050586

      37620000 -- [-21730.140] [...15 remote chains...] -- 2:04:21
      37640000 -- (-21752.295) [...15 remote chains...] -- 2:04:14
      37660000 -- (-21726.657) [...15 remote chains...] -- 2:04:07
      37680000 -- [-21714.137] [...15 remote chains...] -- 2:04:01
      37700000 -- [-21710.958] [...15 remote chains...] -- 2:03:54

      Average standard deviation of split frequencies: 0.050615

      37720000 -- [-21732.717] [...15 remote chains...] -- 2:03:47
      37740000 -- (-21734.553) [...15 remote chains...] -- 2:03:41
      37760000 -- [-21725.054] [...15 remote chains...] -- 2:03:34
      37780000 -- [-21714.627] [...15 remote chains...] -- 2:03:27
      37800000 -- [-21720.964] [...15 remote chains...] -- 2:03:21

      Average standard deviation of split frequencies: 0.050648

      37820000 -- [-21725.508] [...15 remote chains...] -- 2:03:14
      37840000 -- (-21739.445) [...15 remote chains...] -- 2:03:08
      37860000 -- [-21745.286] [...15 remote chains...] -- 2:03:01
      37880000 -- (-21735.729) [...15 remote chains...] -- 2:02:54
      37900000 -- (-21717.379) [...15 remote chains...] -- 2:02:47

      Average standard deviation of split frequencies: 0.050698

      37920000 -- (-21722.623) [...15 remote chains...] -- 2:02:41
      37940000 -- [-21737.338] [...15 remote chains...] -- 2:02:34
      37960000 -- (-21760.138) [...15 remote chains...] -- 2:02:27
      37980000 -- (-21736.759) [...15 remote chains...] -- 2:02:21
      38000000 -- (-21789.729) [...15 remote chains...] -- 2:02:14

      Average standard deviation of split frequencies: 0.050718

      38020000 -- (-21749.211) [...15 remote chains...] -- 2:02:07
      38040000 -- (-21723.824) [...15 remote chains...] -- 2:02:01
      38060000 -- (-21744.209) [...15 remote chains...] -- 2:01:54
      38080000 -- (-21729.772) [...15 remote chains...] -- 2:01:47
      38100000 -- [-21727.835] [...15 remote chains...] -- 2:01:41

      Average standard deviation of split frequencies: 0.050847

      38120000 -- [-21751.184] [...15 remote chains...] -- 2:01:34
      38140000 -- [-21728.059] [...15 remote chains...] -- 2:01:27
      38160000 -- (-21733.587) [...15 remote chains...] -- 2:01:21
      38180000 -- [-21737.050] [...15 remote chains...] -- 2:01:14
      38200000 -- [-21721.091] [...15 remote chains...] -- 2:01:07

      Average standard deviation of split frequencies: 0.051079

      38220000 -- [-21704.512] [...15 remote chains...] -- 2:01:01
      38240000 -- [-21732.824] [...15 remote chains...] -- 2:00:54
      38260000 -- [-21734.527] [...15 remote chains...] -- 2:00:47
      38280000 -- [-21709.755] [...15 remote chains...] -- 2:00:41
      38300000 -- [-21741.181] [...15 remote chains...] -- 2:00:34

      Average standard deviation of split frequencies: 0.051033

      38320000 -- [-21736.740] [...15 remote chains...] -- 2:00:28
      38340000 -- (-21720.629) [...15 remote chains...] -- 2:00:21
      38360000 -- [-21739.124] [...15 remote chains...] -- 2:00:14
      38380000 -- (-21713.193) [...15 remote chains...] -- 2:00:08
      38400000 -- (-21745.079) [...15 remote chains...] -- 2:00:01

      Average standard deviation of split frequencies: 0.050814

      38420000 -- [-21711.510] [...15 remote chains...] -- 1:59:54
      38440000 -- [-21727.547] [...15 remote chains...] -- 1:59:48
      38460000 -- [-21717.155] [...15 remote chains...] -- 1:59:41
      38480000 -- [-21730.289] [...15 remote chains...] -- 1:59:34
      38500000 -- [-21720.909] [...15 remote chains...] -- 1:59:28

      Average standard deviation of split frequencies: 0.050973

      38520000 -- [-21717.823] [...15 remote chains...] -- 1:59:21
      38540000 -- (-21747.888) [...15 remote chains...] -- 1:59:14
      38560000 -- (-21754.474) [...15 remote chains...] -- 1:59:08
      38580000 -- (-21759.338) [...15 remote chains...] -- 1:59:01
      38600000 -- [-21734.778] [...15 remote chains...] -- 1:58:54

      Average standard deviation of split frequencies: 0.051079

      38620000 -- [-21726.485] [...15 remote chains...] -- 1:58:48
      38640000 -- (-21740.336) [...15 remote chains...] -- 1:58:41
      38660000 -- (-21756.574) [...15 remote chains...] -- 1:58:34
      38680000 -- (-21760.792) [...15 remote chains...] -- 1:58:28
      38700000 -- (-21727.601) [...15 remote chains...] -- 1:58:21

      Average standard deviation of split frequencies: 0.051474

      38720000 -- (-21748.739) [...15 remote chains...] -- 1:58:14
      38740000 -- (-21730.242) [...15 remote chains...] -- 1:58:08
      38760000 -- [-21728.298] [...15 remote chains...] -- 1:58:01
      38780000 -- [-21748.662] [...15 remote chains...] -- 1:57:55
      38800000 -- [-21733.043] [...15 remote chains...] -- 1:57:48

      Average standard deviation of split frequencies: 0.051219

      38820000 -- [-21744.341] [...15 remote chains...] -- 1:57:41
      38840000 -- (-21768.444) [...15 remote chains...] -- 1:57:35
      38860000 -- [-21753.885] [...15 remote chains...] -- 1:57:28
      38880000 -- (-21742.550) [...15 remote chains...] -- 1:57:21
      38900000 -- (-21734.190) [...15 remote chains...] -- 1:57:15

      Average standard deviation of split frequencies: 0.051185

      38920000 -- (-21737.104) [...15 remote chains...] -- 1:57:08
      38940000 -- (-21747.174) [...15 remote chains...] -- 1:57:01
      38960000 -- [-21731.106] [...15 remote chains...] -- 1:56:55
      38980000 -- [-21731.851] [...15 remote chains...] -- 1:56:48
      39000000 -- [-21746.783] [...15 remote chains...] -- 1:56:41

      Average standard deviation of split frequencies: 0.051264

      39020000 -- [-21729.056] [...15 remote chains...] -- 1:56:35
      39040000 -- [-21736.736] [...15 remote chains...] -- 1:56:28
      39060000 -- [-21737.195] [...15 remote chains...] -- 1:56:21
      39080000 -- [-21723.690] [...15 remote chains...] -- 1:56:15
      39100000 -- [-21742.775] [...15 remote chains...] -- 1:56:08

      Average standard deviation of split frequencies: 0.051282

      39120000 -- (-21744.490) [...15 remote chains...] -- 1:56:02
      39140000 -- [-21724.518] [...15 remote chains...] -- 1:55:55
      39160000 -- [-21723.626] [...15 remote chains...] -- 1:55:48
      39180000 -- [-21740.069] [...15 remote chains...] -- 1:55:42
      39200000 -- [-21729.759] [...15 remote chains...] -- 1:55:35

      Average standard deviation of split frequencies: 0.051213

      39220000 -- [-21722.935] [...15 remote chains...] -- 1:55:28
      39240000 -- [-21724.058] [...15 remote chains...] -- 1:55:22
      39260000 -- [-21746.908] [...15 remote chains...] -- 1:55:15
      39280000 -- [-21718.625] [...15 remote chains...] -- 1:55:09
      39300000 -- [-21712.378] [...15 remote chains...] -- 1:55:02

      Average standard deviation of split frequencies: 0.051056

      39320000 -- [-21720.325] [...15 remote chains...] -- 1:54:55
      39340000 -- [-21737.928] [...15 remote chains...] -- 1:54:49
      39360000 -- [-21725.141] [...15 remote chains...] -- 1:54:42
      39380000 -- [-21716.432] [...15 remote chains...] -- 1:54:35
      39400000 -- [-21711.760] [...15 remote chains...] -- 1:54:29

      Average standard deviation of split frequencies: 0.050672

      39420000 -- [-21723.800] [...15 remote chains...] -- 1:54:22
      39440000 -- [-21734.532] [...15 remote chains...] -- 1:54:15
      39460000 -- [-21725.020] [...15 remote chains...] -- 1:54:09
      39480000 -- [-21725.801] [...15 remote chains...] -- 1:54:02
      39500000 -- [-21738.554] [...15 remote chains...] -- 1:53:55

      Average standard deviation of split frequencies: 0.050518

      39520000 -- [-21728.044] [...15 remote chains...] -- 1:53:49
      39540000 -- [-21728.753] [...15 remote chains...] -- 1:53:42
      39560000 -- [-21727.395] [...15 remote chains...] -- 1:53:35
      39580000 -- [-21731.037] [...15 remote chains...] -- 1:53:29
      39600000 -- (-21759.993) [...15 remote chains...] -- 1:53:22

      Average standard deviation of split frequencies: 0.050794

      39620000 -- [-21723.771] [...15 remote chains...] -- 1:53:15
      39640000 -- [-21714.417] [...15 remote chains...] -- 1:53:09
      39660000 -- [-21708.832] [...15 remote chains...] -- 1:53:02
      39680000 -- [-21716.339] [...15 remote chains...] -- 1:52:55
      39700000 -- (-21719.322) [...15 remote chains...] -- 1:52:49

      Average standard deviation of split frequencies: 0.050587

      39720000 -- (-21727.655) [...15 remote chains...] -- 1:52:42
      39740000 -- [-21705.660] [...15 remote chains...] -- 1:52:35
      39760000 -- [-21704.514] [...15 remote chains...] -- 1:52:29
      39780000 -- [-21715.516] [...15 remote chains...] -- 1:52:22
      39800000 -- [-21688.123] [...15 remote chains...] -- 1:52:15

      Average standard deviation of split frequencies: 0.050392

      39820000 -- [-21714.835] [...15 remote chains...] -- 1:52:09
      39840000 -- [-21730.879] [...15 remote chains...] -- 1:52:02
      39860000 -- [-21741.996] [...15 remote chains...] -- 1:51:55
      39880000 -- (-21746.325) [...15 remote chains...] -- 1:51:49
      39900000 -- [-21741.554] [...15 remote chains...] -- 1:51:42

      Average standard deviation of split frequencies: 0.050320

      39920000 -- [-21734.632] [...15 remote chains...] -- 1:51:35
      39940000 -- [-21740.229] [...15 remote chains...] -- 1:51:29
      39960000 -- [-21725.892] [...15 remote chains...] -- 1:51:22
      39980000 -- [-21755.786] [...15 remote chains...] -- 1:51:15
      40000000 -- [-21726.130] [...15 remote chains...] -- 1:51:09

      Average standard deviation of split frequencies: 0.050188

      40020000 -- [-21724.557] [...15 remote chains...] -- 1:51:01
      40040000 -- [-21740.549] [...15 remote chains...] -- 1:50:55
      40060000 -- [-21749.528] [...15 remote chains...] -- 1:50:48
      40080000 -- [-21727.115] [...15 remote chains...] -- 1:50:42
      40100000 -- [-21740.249] [...15 remote chains...] -- 1:50:35

      Average standard deviation of split frequencies: 0.049785

      40120000 -- [-21726.984] [...15 remote chains...] -- 1:50:28
      40140000 -- [-21709.304] [...15 remote chains...] -- 1:50:22
      40160000 -- [-21712.476] [...15 remote chains...] -- 1:50:15
      40180000 -- [-21741.216] [...15 remote chains...] -- 1:50:08
      40200000 -- [-21721.632] [...15 remote chains...] -- 1:50:02

      Average standard deviation of split frequencies: 0.049564

      40220000 -- [-21718.439] [...15 remote chains...] -- 1:49:55
      40240000 -- [-21722.041] [...15 remote chains...] -- 1:49:48
      40260000 -- (-21728.520) [...15 remote chains...] -- 1:49:42
      40280000 -- [-21731.309] [...15 remote chains...] -- 1:49:35
      40300000 -- [-21734.393] [...15 remote chains...] -- 1:49:28

      Average standard deviation of split frequencies: 0.049681

      40320000 -- [-21711.848] [...15 remote chains...] -- 1:49:22
      40340000 -- [-21740.909] [...15 remote chains...] -- 1:49:15
      40360000 -- [-21718.338] [...15 remote chains...] -- 1:49:08
      40380000 -- [-21718.294] [...15 remote chains...] -- 1:49:02
      40400000 -- [-21724.015] [...15 remote chains...] -- 1:48:55

      Average standard deviation of split frequencies: 0.049571

      40420000 -- [-21719.778] [...15 remote chains...] -- 1:48:48
      40440000 -- (-21704.937) [...15 remote chains...] -- 1:48:42
      40460000 -- (-21729.901) [...15 remote chains...] -- 1:48:35
      40480000 -- [-21716.514] [...15 remote chains...] -- 1:48:28
      40500000 -- (-21767.985) [...15 remote chains...] -- 1:48:22

      Average standard deviation of split frequencies: 0.049590

      40520000 -- (-21730.037) [...15 remote chains...] -- 1:48:15
      40540000 -- [-21705.037] [...15 remote chains...] -- 1:48:08
      40560000 -- [-21722.652] [...15 remote chains...] -- 1:48:02
      40580000 -- [-21743.013] [...15 remote chains...] -- 1:47:55
      40600000 -- [-21734.794] [...15 remote chains...] -- 1:47:48

      Average standard deviation of split frequencies: 0.049882

      40620000 -- [-21709.589] [...15 remote chains...] -- 1:47:42
      40640000 -- [-21732.979] [...15 remote chains...] -- 1:47:35
      40660000 -- [-21736.693] [...15 remote chains...] -- 1:47:28
      40680000 -- [-21718.322] [...15 remote chains...] -- 1:47:22
      40700000 -- [-21741.613] [...15 remote chains...] -- 1:47:15

      Average standard deviation of split frequencies: 0.049564

      40720000 -- [-21733.150] [...15 remote chains...] -- 1:47:08
      40740000 -- [-21711.272] [...15 remote chains...] -- 1:47:02
      40760000 -- (-21730.174) [...15 remote chains...] -- 1:46:55
      40780000 -- (-21748.270) [...15 remote chains...] -- 1:46:48
      40800000 -- (-21720.946) [...15 remote chains...] -- 1:46:41

      Average standard deviation of split frequencies: 0.049573

      40820000 -- (-21718.246) [...15 remote chains...] -- 1:46:35
      40840000 -- (-21738.333) [...15 remote chains...] -- 1:46:28
      40860000 -- (-21728.725) [...15 remote chains...] -- 1:46:21
      40880000 -- (-21748.841) [...15 remote chains...] -- 1:46:15
      40900000 -- (-21742.866) [...15 remote chains...] -- 1:46:08

      Average standard deviation of split frequencies: 0.049762

      40920000 -- [-21745.113] [...15 remote chains...] -- 1:46:01
      40940000 -- (-21740.767) [...15 remote chains...] -- 1:45:55
      40960000 -- (-21735.462) [...15 remote chains...] -- 1:45:48
      40980000 -- (-21743.472) [...15 remote chains...] -- 1:45:41
      41000000 -- (-21728.317) [...15 remote chains...] -- 1:45:35

      Average standard deviation of split frequencies: 0.049791

      41020000 -- (-21739.593) [...15 remote chains...] -- 1:45:28
      41040000 -- (-21760.786) [...15 remote chains...] -- 1:45:21
      41060000 -- (-21731.015) [...15 remote chains...] -- 1:45:15
      41080000 -- (-21734.478) [...15 remote chains...] -- 1:45:08
      41100000 -- (-21729.266) [...15 remote chains...] -- 1:45:01

      Average standard deviation of split frequencies: 0.049791

      41120000 -- [-21717.945] [...15 remote chains...] -- 1:44:55
      41140000 -- [-21724.804] [...15 remote chains...] -- 1:44:48
      41160000 -- [-21728.898] [...15 remote chains...] -- 1:44:41
      41180000 -- [-21732.891] [...15 remote chains...] -- 1:44:35
      41200000 -- [-21733.234] [...15 remote chains...] -- 1:44:28

      Average standard deviation of split frequencies: 0.049433

      41220000 -- [-21735.836] [...15 remote chains...] -- 1:44:21
      41240000 -- (-21745.574) [...15 remote chains...] -- 1:44:15
      41260000 -- (-21742.730) [...15 remote chains...] -- 1:44:08
      41280000 -- (-21738.082) [...15 remote chains...] -- 1:44:01
      41300000 -- (-21771.856) [...15 remote chains...] -- 1:43:55

      Average standard deviation of split frequencies: 0.049736

      41320000 -- (-21750.724) [...15 remote chains...] -- 1:43:48
      41340000 -- (-21757.183) [...15 remote chains...] -- 1:43:41
      41360000 -- (-21743.036) [...15 remote chains...] -- 1:43:35
      41380000 -- [-21750.610] [...15 remote chains...] -- 1:43:28
      41400000 -- (-21761.064) [...15 remote chains...] -- 1:43:21

      Average standard deviation of split frequencies: 0.049509

      41420000 -- (-21727.141) [...15 remote chains...] -- 1:43:15
      41440000 -- (-21728.073) [...15 remote chains...] -- 1:43:08
      41460000 -- (-21732.568) [...15 remote chains...] -- 1:43:01
      41480000 -- (-21729.347) [...15 remote chains...] -- 1:42:55
      41500000 -- [-21725.453] [...15 remote chains...] -- 1:42:48

      Average standard deviation of split frequencies: 0.049440

      41520000 -- [-21723.837] [...15 remote chains...] -- 1:42:41
      41540000 -- [-21723.693] [...15 remote chains...] -- 1:42:34
      41560000 -- [-21737.421] [...15 remote chains...] -- 1:42:28
      41580000 -- (-21736.857) [...15 remote chains...] -- 1:42:21
      41600000 -- (-21729.369) [...15 remote chains...] -- 1:42:14

      Average standard deviation of split frequencies: 0.049027

      41620000 -- [-21727.942] [...15 remote chains...] -- 1:42:08
      41640000 -- [-21720.722] [...15 remote chains...] -- 1:42:01
      41660000 -- [-21726.475] [...15 remote chains...] -- 1:41:54
      41680000 -- (-21720.708) [...15 remote chains...] -- 1:41:48
      41700000 -- (-21725.036) [...15 remote chains...] -- 1:41:41

      Average standard deviation of split frequencies: 0.048969

      41720000 -- [-21731.616] [...15 remote chains...] -- 1:41:34
      41740000 -- (-21743.503) [...15 remote chains...] -- 1:41:28
      41760000 -- (-21745.442) [...15 remote chains...] -- 1:41:21
      41780000 -- [-21728.962] [...15 remote chains...] -- 1:41:14
      41800000 -- (-21704.873) [...15 remote chains...] -- 1:41:08

      Average standard deviation of split frequencies: 0.048998

      41820000 -- [-21707.341] [...15 remote chains...] -- 1:41:01
      41840000 -- (-21748.399) [...15 remote chains...] -- 1:40:54
      41860000 -- [-21726.759] [...15 remote chains...] -- 1:40:48
      41880000 -- (-21732.977) [...15 remote chains...] -- 1:40:41
      41900000 -- (-21755.834) [...15 remote chains...] -- 1:40:35

      Average standard deviation of split frequencies: 0.048703

      41920000 -- (-21741.151) [...15 remote chains...] -- 1:40:28
      41940000 -- [-21728.976] [...15 remote chains...] -- 1:40:21
      41960000 -- [-21754.054] [...15 remote chains...] -- 1:40:15
      41980000 -- [-21717.302] [...15 remote chains...] -- 1:40:08
      42000000 -- [-21733.660] [...15 remote chains...] -- 1:40:01

      Average standard deviation of split frequencies: 0.048868

      42020000 -- (-21732.600) [...15 remote chains...] -- 1:39:55
      42040000 -- (-21760.474) [...15 remote chains...] -- 1:39:48
      42060000 -- [-21741.502] [...15 remote chains...] -- 1:39:41
      42080000 -- [-21741.641] [...15 remote chains...] -- 1:39:35
      42100000 -- [-21773.341] [...15 remote chains...] -- 1:39:28

      Average standard deviation of split frequencies: 0.048708

      42120000 -- (-21763.549) [...15 remote chains...] -- 1:39:21
      42140000 -- (-21758.313) [...15 remote chains...] -- 1:39:15
      42160000 -- (-21729.989) [...15 remote chains...] -- 1:39:08
      42180000 -- (-21708.901) [...15 remote chains...] -- 1:39:01
      42200000 -- [-21734.507] [...15 remote chains...] -- 1:38:55

      Average standard deviation of split frequencies: 0.048639

      42220000 -- [-21719.254] [...15 remote chains...] -- 1:38:48
      42240000 -- [-21720.824] [...15 remote chains...] -- 1:38:41
      42260000 -- [-21718.204] [...15 remote chains...] -- 1:38:34
      42280000 -- (-21746.531) [...15 remote chains...] -- 1:38:28
      42300000 -- (-21746.143) [...15 remote chains...] -- 1:38:21

      Average standard deviation of split frequencies: 0.048586

      42320000 -- [-21712.257] [...15 remote chains...] -- 1:38:14
      42340000 -- (-21732.863) [...15 remote chains...] -- 1:38:08
      42360000 -- [-21717.172] [...15 remote chains...] -- 1:38:01
      42380000 -- (-21714.425) [...15 remote chains...] -- 1:37:54
      42400000 -- (-21763.905) [...15 remote chains...] -- 1:37:48

      Average standard deviation of split frequencies: 0.048544

      42420000 -- [-21709.250] [...15 remote chains...] -- 1:37:41
      42440000 -- (-21753.811) [...15 remote chains...] -- 1:37:34
      42460000 -- (-21733.048) [...15 remote chains...] -- 1:37:28
      42480000 -- [-21716.546] [...15 remote chains...] -- 1:37:21
      42500000 -- [-21709.204] [...15 remote chains...] -- 1:37:14

      Average standard deviation of split frequencies: 0.048449

      42520000 -- [-21738.314] [...15 remote chains...] -- 1:37:08
      42540000 -- [-21721.309] [...15 remote chains...] -- 1:37:01
      42560000 -- [-21732.651] [...15 remote chains...] -- 1:36:54
      42580000 -- [-21722.947] [...15 remote chains...] -- 1:36:48
      42600000 -- [-21726.153] [...15 remote chains...] -- 1:36:41

      Average standard deviation of split frequencies: 0.048206

      42620000 -- [-21723.171] [...15 remote chains...] -- 1:36:35
      42640000 -- [-21736.328] [...15 remote chains...] -- 1:36:28
      42660000 -- [-21720.984] [...15 remote chains...] -- 1:36:21
      42680000 -- [-21717.310] [...15 remote chains...] -- 1:36:15
      42700000 -- [-21710.687] [...15 remote chains...] -- 1:36:08

      Average standard deviation of split frequencies: 0.048123

      42720000 -- [-21720.448] [...15 remote chains...] -- 1:36:01
      42740000 -- [-21727.264] [...15 remote chains...] -- 1:35:55
      42760000 -- [-21721.753] [...15 remote chains...] -- 1:35:48
      42780000 -- [-21716.360] [...15 remote chains...] -- 1:35:41
      42800000 -- [-21709.124] [...15 remote chains...] -- 1:35:35

      Average standard deviation of split frequencies: 0.047966

      42820000 -- (-21726.975) [...15 remote chains...] -- 1:35:28
      42840000 -- [-21710.354] [...15 remote chains...] -- 1:35:22
      42860000 -- [-21743.789] [...15 remote chains...] -- 1:35:15
      42880000 -- [-21723.981] [...15 remote chains...] -- 1:35:08
      42900000 -- [-21728.685] [...15 remote chains...] -- 1:35:01

      Average standard deviation of split frequencies: 0.047697

      42920000 -- [-21710.640] [...15 remote chains...] -- 1:34:55
      42940000 -- [-21711.310] [...15 remote chains...] -- 1:34:48
      42960000 -- [-21722.052] [...15 remote chains...] -- 1:34:41
      42980000 -- [-21720.001] [...15 remote chains...] -- 1:34:35
      43000000 -- [-21742.773] [...15 remote chains...] -- 1:34:28

      Average standard deviation of split frequencies: 0.047746

      43020000 -- [-21713.292] [...15 remote chains...] -- 1:34:21
      43040000 -- (-21736.868) [...15 remote chains...] -- 1:34:15
      43060000 -- [-21734.830] [...15 remote chains...] -- 1:34:08
      43080000 -- [-21713.538] [...15 remote chains...] -- 1:34:01
      43100000 -- (-21748.043) [...15 remote chains...] -- 1:33:55

      Average standard deviation of split frequencies: 0.047827

      43120000 -- (-21736.910) [...15 remote chains...] -- 1:33:48
      43140000 -- [-21718.429] [...15 remote chains...] -- 1:33:41
      43160000 -- (-21727.537) [...15 remote chains...] -- 1:33:35
      43180000 -- (-21748.166) [...15 remote chains...] -- 1:33:28
      43200000 -- [-21720.189] [...15 remote chains...] -- 1:33:21

      Average standard deviation of split frequencies: 0.047927

      43220000 -- [-21709.127] [...15 remote chains...] -- 1:33:15
      43240000 -- [-21704.118] [...15 remote chains...] -- 1:33:08
      43260000 -- (-21740.594) [...15 remote chains...] -- 1:33:01
      43280000 -- (-21717.336) [...15 remote chains...] -- 1:32:55
      43300000 -- (-21720.535) [...15 remote chains...] -- 1:32:48

      Average standard deviation of split frequencies: 0.048180

      43320000 -- (-21738.017) [...15 remote chains...] -- 1:32:41
      43340000 -- (-21748.271) [...15 remote chains...] -- 1:32:35
      43360000 -- [-21739.058] [...15 remote chains...] -- 1:32:28
      43380000 -- (-21742.906) [...15 remote chains...] -- 1:32:22
      43400000 -- (-21759.525) [...15 remote chains...] -- 1:32:15

      Average standard deviation of split frequencies: 0.048299

      43420000 -- (-21770.189) [...15 remote chains...] -- 1:32:08
      43440000 -- (-21755.993) [...15 remote chains...] -- 1:32:02
      43460000 -- [-21732.068] [...15 remote chains...] -- 1:31:55
      43480000 -- [-21730.855] [...15 remote chains...] -- 1:31:48
      43500000 -- [-21727.645] [...15 remote chains...] -- 1:31:42

      Average standard deviation of split frequencies: 0.048439

      43520000 -- [-21744.529] [...15 remote chains...] -- 1:31:35
      43540000 -- [-21751.267] [...15 remote chains...] -- 1:31:28
      43560000 -- [-21728.979] [...15 remote chains...] -- 1:31:22
      43580000 -- [-21724.026] [...15 remote chains...] -- 1:31:15
      43600000 -- [-21724.700] [...15 remote chains...] -- 1:31:09

      Average standard deviation of split frequencies: 0.048419

      43620000 -- [-21726.946] [...15 remote chains...] -- 1:31:02
      43640000 -- [-21734.898] [...15 remote chains...] -- 1:30:55
      43660000 -- [-21719.293] [...15 remote chains...] -- 1:30:49
      43680000 -- [-21737.450] [...15 remote chains...] -- 1:30:42
      43700000 -- [-21729.538] [...15 remote chains...] -- 1:30:35

      Average standard deviation of split frequencies: 0.048424

      43720000 -- [-21710.030] [...15 remote chains...] -- 1:30:29
      43740000 -- [-21726.773] [...15 remote chains...] -- 1:30:22
      43760000 -- [-21705.705] [...15 remote chains...] -- 1:30:15
      43780000 -- (-21731.253) [...15 remote chains...] -- 1:30:09
      43800000 -- [-21732.234] [...15 remote chains...] -- 1:30:02

      Average standard deviation of split frequencies: 0.048544

      43820000 -- [-21737.079] [...15 remote chains...] -- 1:29:55
      43840000 -- [-21717.518] [...15 remote chains...] -- 1:29:49
      43860000 -- [-21729.264] [...15 remote chains...] -- 1:29:42
      43880000 -- [-21757.864] [...15 remote chains...] -- 1:29:35
      43900000 -- [-21758.909] [...15 remote chains...] -- 1:29:29

      Average standard deviation of split frequencies: 0.048608

      43920000 -- (-21733.741) [...15 remote chains...] -- 1:29:22
      43940000 -- [-21757.616] [...15 remote chains...] -- 1:29:15
      43960000 -- [-21733.024] [...15 remote chains...] -- 1:29:09
      43980000 -- [-21754.307] [...15 remote chains...] -- 1:29:02
      44000000 -- [-21740.383] [...15 remote chains...] -- 1:28:55

      Average standard deviation of split frequencies: 0.048581

      44020000 -- [-21721.918] [...15 remote chains...] -- 1:28:49
      44040000 -- [-21717.998] [...15 remote chains...] -- 1:28:42
      44060000 -- [-21728.641] [...15 remote chains...] -- 1:28:35
      44080000 -- [-21717.639] [...15 remote chains...] -- 1:28:29
      44100000 -- (-21732.811) [...15 remote chains...] -- 1:28:22

      Average standard deviation of split frequencies: 0.048531

      44120000 -- (-21735.910) [...15 remote chains...] -- 1:28:15
      44140000 -- (-21737.764) [...15 remote chains...] -- 1:28:09
      44160000 -- (-21737.716) [...15 remote chains...] -- 1:28:02
      44180000 -- (-21734.006) [...15 remote chains...] -- 1:27:55
      44200000 -- (-21728.359) [...15 remote chains...] -- 1:27:49

      Average standard deviation of split frequencies: 0.048339

      44220000 -- (-21732.329) [...15 remote chains...] -- 1:27:42
      44240000 -- [-21718.280] [...15 remote chains...] -- 1:27:35
      44260000 -- [-21742.488] [...15 remote chains...] -- 1:27:29
      44280000 -- [-21741.866] [...15 remote chains...] -- 1:27:22
      44300000 -- [-21730.066] [...15 remote chains...] -- 1:27:15

      Average standard deviation of split frequencies: 0.048266

      44320000 -- [-21723.560] [...15 remote chains...] -- 1:27:09
      44340000 -- (-21729.220) [...15 remote chains...] -- 1:27:02
      44360000 -- [-21731.854] [...15 remote chains...] -- 1:26:55
      44380000 -- [-21714.371] [...15 remote chains...] -- 1:26:49
      44400000 -- (-21717.054) [...15 remote chains...] -- 1:26:42

      Average standard deviation of split frequencies: 0.048088

      44420000 -- [-21713.087] [...15 remote chains...] -- 1:26:35
      44440000 -- (-21750.454) [...15 remote chains...] -- 1:26:29
      44460000 -- [-21736.570] [...15 remote chains...] -- 1:26:22
      44480000 -- [-21725.309] [...15 remote chains...] -- 1:26:15
      44500000 -- (-21729.147) [...15 remote chains...] -- 1:26:08

      Average standard deviation of split frequencies: 0.048191

      44520000 -- (-21729.995) [...15 remote chains...] -- 1:26:02
      44540000 -- (-21725.935) [...15 remote chains...] -- 1:25:55
      44560000 -- [-21726.715] [...15 remote chains...] -- 1:25:49
      44580000 -- (-21723.288) [...15 remote chains...] -- 1:25:42
      44600000 -- [-21729.658] [...15 remote chains...] -- 1:25:35

      Average standard deviation of split frequencies: 0.048474

      44620000 -- [-21714.599] [...15 remote chains...] -- 1:25:29
      44640000 -- [-21731.466] [...15 remote chains...] -- 1:25:22
      44660000 -- [-21725.593] [...15 remote chains...] -- 1:25:15
      44680000 -- [-21710.481] [...15 remote chains...] -- 1:25:09
      44700000 -- (-21728.364) [...15 remote chains...] -- 1:25:02

      Average standard deviation of split frequencies: 0.048432

      44720000 -- (-21705.598) [...15 remote chains...] -- 1:24:55
      44740000 -- [-21740.295] [...15 remote chains...] -- 1:24:49
      44760000 -- [-21730.402] [...15 remote chains...] -- 1:24:42
      44780000 -- [-21732.993] [...15 remote chains...] -- 1:24:35
      44800000 -- [-21713.413] [...15 remote chains...] -- 1:24:29

      Average standard deviation of split frequencies: 0.048275

      44820000 -- [-21726.342] [...15 remote chains...] -- 1:24:22
      44840000 -- (-21731.576) [...15 remote chains...] -- 1:24:15
      44860000 -- [-21733.857] [...15 remote chains...] -- 1:24:09
      44880000 -- [-21715.356] [...15 remote chains...] -- 1:24:02
      44900000 -- [-21710.918] [...15 remote chains...] -- 1:23:55

      Average standard deviation of split frequencies: 0.047967

      44920000 -- [-21698.955] [...15 remote chains...] -- 1:23:49
      44940000 -- [-21713.324] [...15 remote chains...] -- 1:23:42
      44960000 -- [-21732.299] [...15 remote chains...] -- 1:23:35
      44980000 -- [-21729.433] [...15 remote chains...] -- 1:23:29
      45000000 -- [-21713.969] [...15 remote chains...] -- 1:23:22

      Average standard deviation of split frequencies: 0.047845

      45020000 -- [-21712.499] [...15 remote chains...] -- 1:23:15
      45040000 -- [-21718.301] [...15 remote chains...] -- 1:23:09
      45060000 -- [-21717.910] [...15 remote chains...] -- 1:23:02
      45080000 -- [-21725.306] [...15 remote chains...] -- 1:22:55
      45100000 -- [-21729.995] [...15 remote chains...] -- 1:22:49

      Average standard deviation of split frequencies: 0.047649

      45120000 -- [-21718.240] [...15 remote chains...] -- 1:22:42
      45140000 -- [-21730.112] [...15 remote chains...] -- 1:22:35
      45160000 -- [-21704.588] [...15 remote chains...] -- 1:22:29
      45180000 -- [-21719.382] [...15 remote chains...] -- 1:22:22
      45200000 -- [-21704.215] [...15 remote chains...] -- 1:22:15

      Average standard deviation of split frequencies: 0.047504

      45220000 -- [-21720.940] [...15 remote chains...] -- 1:22:09
      45240000 -- [-21736.221] [...15 remote chains...] -- 1:22:02
      45260000 -- [-21721.334] [...15 remote chains...] -- 1:21:55
      45280000 -- [-21718.905] [...15 remote chains...] -- 1:21:49
      45300000 -- [-21725.612] [...15 remote chains...] -- 1:21:42

      Average standard deviation of split frequencies: 0.047351

      45320000 -- [-21718.544] [...15 remote chains...] -- 1:21:35
      45340000 -- [-21724.671] [...15 remote chains...] -- 1:21:29
      45360000 -- [-21737.870] [...15 remote chains...] -- 1:21:22
      45380000 -- (-21738.935) [...15 remote chains...] -- 1:21:16
      45400000 -- [-21697.052] [...15 remote chains...] -- 1:21:09

      Average standard deviation of split frequencies: 0.047197

      45420000 -- (-21724.140) [...15 remote chains...] -- 1:21:02
      45440000 -- (-21744.411) [...15 remote chains...] -- 1:20:56
      45460000 -- (-21743.662) [...15 remote chains...] -- 1:20:49
      45480000 -- [-21727.343] [...15 remote chains...] -- 1:20:42
      45500000 -- [-21713.706] [...15 remote chains...] -- 1:20:35

      Average standard deviation of split frequencies: 0.047215

      45520000 -- (-21717.696) [...15 remote chains...] -- 1:20:29
      45540000 -- [-21713.570] [...15 remote chains...] -- 1:20:22
      45560000 -- (-21738.080) [...15 remote chains...] -- 1:20:15
      45580000 -- [-21724.624] [...15 remote chains...] -- 1:20:09
      45600000 -- [-21718.351] [...15 remote chains...] -- 1:20:02

      Average standard deviation of split frequencies: 0.047241

      45620000 -- [-21731.045] [...15 remote chains...] -- 1:19:55
      45640000 -- [-21733.341] [...15 remote chains...] -- 1:19:49
      45660000 -- (-21726.194) [...15 remote chains...] -- 1:19:42
      45680000 -- [-21730.594] [...15 remote chains...] -- 1:19:35
      45700000 -- [-21707.781] [...15 remote chains...] -- 1:19:29

      Average standard deviation of split frequencies: 0.047242

      45720000 -- [-21700.391] [...15 remote chains...] -- 1:19:22
      45740000 -- [-21726.109] [...15 remote chains...] -- 1:19:15
      45760000 -- [-21729.598] [...15 remote chains...] -- 1:19:09
      45780000 -- [-21723.518] [...15 remote chains...] -- 1:19:02
      45800000 -- [-21731.744] [...15 remote chains...] -- 1:18:56

      Average standard deviation of split frequencies: 0.047206

      45820000 -- [-21738.221] [...15 remote chains...] -- 1:18:49
      45840000 -- [-21737.093] [...15 remote chains...] -- 1:18:42
      45860000 -- [-21714.758] [...15 remote chains...] -- 1:18:36
      45880000 -- [-21733.655] [...15 remote chains...] -- 1:18:29
      45900000 -- (-21743.368) [...15 remote chains...] -- 1:18:22

      Average standard deviation of split frequencies: 0.047402

      45920000 -- [-21720.935] [...15 remote chains...] -- 1:18:16
      45940000 -- (-21743.667) [...15 remote chains...] -- 1:18:09
      45960000 -- (-21739.633) [...15 remote chains...] -- 1:18:02
      45980000 -- (-21734.309) [...15 remote chains...] -- 1:17:56
      46000000 -- [-21717.506] [...15 remote chains...] -- 1:17:49

      Average standard deviation of split frequencies: 0.047212

      46020000 -- [-21726.983] [...15 remote chains...] -- 1:17:42
      46040000 -- (-21744.486) [...15 remote chains...] -- 1:17:36
      46060000 -- [-21718.101] [...15 remote chains...] -- 1:17:29
      46080000 -- [-21731.103] [...15 remote chains...] -- 1:17:22
      46100000 -- [-21720.386] [...15 remote chains...] -- 1:17:16

      Average standard deviation of split frequencies: 0.047128

      46120000 -- [-21737.291] [...15 remote chains...] -- 1:17:09
      46140000 -- [-21747.442] [...15 remote chains...] -- 1:17:02
      46160000 -- [-21696.269] [...15 remote chains...] -- 1:16:56
      46180000 -- [-21716.113] [...15 remote chains...] -- 1:16:49
      46200000 -- [-21716.911] [...15 remote chains...] -- 1:16:42

      Average standard deviation of split frequencies: 0.046907

      46220000 -- [-21729.327] [...15 remote chains...] -- 1:16:36
      46240000 -- [-21728.657] [...15 remote chains...] -- 1:16:29
      46260000 -- [-21713.709] [...15 remote chains...] -- 1:16:22
      46280000 -- [-21736.728] [...15 remote chains...] -- 1:16:16
      46300000 -- [-21720.660] [...15 remote chains...] -- 1:16:09

      Average standard deviation of split frequencies: 0.046973

      46320000 -- [-21715.382] [...15 remote chains...] -- 1:16:02
      46340000 -- [-21743.927] [...15 remote chains...] -- 1:15:56
      46360000 -- [-21727.628] [...15 remote chains...] -- 1:15:49
      46380000 -- [-21706.865] [...15 remote chains...] -- 1:15:42
      46400000 -- [-21723.681] [...15 remote chains...] -- 1:15:36

      Average standard deviation of split frequencies: 0.046771

      46420000 -- [-21718.468] [...15 remote chains...] -- 1:15:29
      46440000 -- [-21727.635] [...15 remote chains...] -- 1:15:22
      46460000 -- (-21735.730) [...15 remote chains...] -- 1:15:16
      46480000 -- [-21702.584] [...15 remote chains...] -- 1:15:09
      46500000 -- (-21727.902) [...15 remote chains...] -- 1:15:02

      Average standard deviation of split frequencies: 0.046584

      46520000 -- [-21746.982] [...15 remote chains...] -- 1:14:56
      46540000 -- (-21727.697) [...15 remote chains...] -- 1:14:49
      46560000 -- (-21739.584) [...15 remote chains...] -- 1:14:42
      46580000 -- [-21738.105] [...15 remote chains...] -- 1:14:36
      46600000 -- [-21743.901] [...15 remote chains...] -- 1:14:29

      Average standard deviation of split frequencies: 0.047038

      46620000 -- [-21747.960] [...15 remote chains...] -- 1:14:22
      46640000 -- [-21715.177] [...15 remote chains...] -- 1:14:16
      46660000 -- [-21725.896] [...15 remote chains...] -- 1:14:09
      46680000 -- [-21732.129] [...15 remote chains...] -- 1:14:02
      46700000 -- [-21734.932] [...15 remote chains...] -- 1:13:55

      Average standard deviation of split frequencies: 0.047343

      46720000 -- [-21730.616] [...15 remote chains...] -- 1:13:49
      46740000 -- (-21749.140) [...15 remote chains...] -- 1:13:42
      46760000 -- [-21707.693] [...15 remote chains...] -- 1:13:36
      46780000 -- [-21735.151] [...15 remote chains...] -- 1:13:29
      46800000 -- [-21728.612] [...15 remote chains...] -- 1:13:22

      Average standard deviation of split frequencies: 0.047347

      46820000 -- [-21724.617] [...15 remote chains...] -- 1:13:15
      46840000 -- [-21731.647] [...15 remote chains...] -- 1:13:09
      46860000 -- [-21730.990] [...15 remote chains...] -- 1:13:02
      46880000 -- [-21714.728] [...15 remote chains...] -- 1:12:55
      46900000 -- [-21734.296] [...15 remote chains...] -- 1:12:49

      Average standard deviation of split frequencies: 0.047321

      46920000 -- [-21734.418] [...15 remote chains...] -- 1:12:42
      46940000 -- (-21734.528) [...15 remote chains...] -- 1:12:35
      46960000 -- [-21756.413] [...15 remote chains...] -- 1:12:29
      46980000 -- [-21707.020] [...15 remote chains...] -- 1:12:22
      47000000 -- [-21726.228] [...15 remote chains...] -- 1:12:16

      Average standard deviation of split frequencies: 0.047574

      47020000 -- (-21718.787) [...15 remote chains...] -- 1:12:09
      47040000 -- [-21722.665] [...15 remote chains...] -- 1:12:02
      47060000 -- [-21721.784] [...15 remote chains...] -- 1:11:56
      47080000 -- (-21765.016) [...15 remote chains...] -- 1:11:49
      47100000 -- [-21731.752] [...15 remote chains...] -- 1:11:42

      Average standard deviation of split frequencies: 0.047412

      47120000 -- [-21730.429] [...15 remote chains...] -- 1:11:36
      47140000 -- [-21725.624] [...15 remote chains...] -- 1:11:29
      47160000 -- [-21744.461] [...15 remote chains...] -- 1:11:22
      47180000 -- [-21715.444] [...15 remote chains...] -- 1:11:16
      47200000 -- [-21721.959] [...15 remote chains...] -- 1:11:09

      Average standard deviation of split frequencies: 0.047572

      47220000 -- [-21747.399] [...15 remote chains...] -- 1:11:02
      47240000 -- [-21723.194] [...15 remote chains...] -- 1:10:56
      47260000 -- [-21733.353] [...15 remote chains...] -- 1:10:49
      47280000 -- [-21746.458] [...15 remote chains...] -- 1:10:42
      47300000 -- [-21717.838] [...15 remote chains...] -- 1:10:36

      Average standard deviation of split frequencies: 0.047852

      47320000 -- [-21726.740] [...15 remote chains...] -- 1:10:29
      47340000 -- [-21736.900] [...15 remote chains...] -- 1:10:22
      47360000 -- [-21748.445] [...15 remote chains...] -- 1:10:16
      47380000 -- [-21711.495] [...15 remote chains...] -- 1:10:09
      47400000 -- [-21741.074] [...15 remote chains...] -- 1:10:02

      Average standard deviation of split frequencies: 0.047912

      47420000 -- [-21722.467] [...15 remote chains...] -- 1:09:56
      47440000 -- (-21759.526) [...15 remote chains...] -- 1:09:49
      47460000 -- [-21725.619] [...15 remote chains...] -- 1:09:42
      47480000 -- [-21718.519] [...15 remote chains...] -- 1:09:36
      47500000 -- [-21725.510] [...15 remote chains...] -- 1:09:29

      Average standard deviation of split frequencies: 0.047988

      47520000 -- [-21737.621] [...15 remote chains...] -- 1:09:22
      47540000 -- [-21713.789] [...15 remote chains...] -- 1:09:16
      47560000 -- (-21734.396) [...15 remote chains...] -- 1:09:09
      47580000 -- [-21719.086] [...15 remote chains...] -- 1:09:02
      47600000 -- (-21746.605) [...15 remote chains...] -- 1:08:56

      Average standard deviation of split frequencies: 0.048008

      47620000 -- [-21724.144] [...15 remote chains...] -- 1:08:49
      47640000 -- (-21734.446) [...15 remote chains...] -- 1:08:42
      47660000 -- [-21730.089] [...15 remote chains...] -- 1:08:36
      47680000 -- (-21732.889) [...15 remote chains...] -- 1:08:29
      47700000 -- (-21752.571) [...15 remote chains...] -- 1:08:22

      Average standard deviation of split frequencies: 0.048042

      47720000 -- (-21723.785) [...15 remote chains...] -- 1:08:15
      47740000 -- [-21723.158] [...15 remote chains...] -- 1:08:09
      47760000 -- [-21722.547] [...15 remote chains...] -- 1:08:02
      47780000 -- [-21736.620] [...15 remote chains...] -- 1:07:55
      47800000 -- (-21723.597) [...15 remote chains...] -- 1:07:49

      Average standard deviation of split frequencies: 0.048016

      47820000 -- (-21732.478) [...15 remote chains...] -- 1:07:42
      47840000 -- (-21728.183) [...15 remote chains...] -- 1:07:35
      47860000 -- [-21730.667] [...15 remote chains...] -- 1:07:29
      47880000 -- (-21734.022) [...15 remote chains...] -- 1:07:22
      47900000 -- (-21719.824) [...15 remote chains...] -- 1:07:15

      Average standard deviation of split frequencies: 0.048197

      47920000 -- [-21716.972] [...15 remote chains...] -- 1:07:09
      47940000 -- [-21714.108] [...15 remote chains...] -- 1:07:02
      47960000 -- (-21763.327) [...15 remote chains...] -- 1:06:55
      47980000 -- (-21757.408) [...15 remote chains...] -- 1:06:49
      48000000 -- (-21752.287) [...15 remote chains...] -- 1:06:42

      Average standard deviation of split frequencies: 0.048336

      48020000 -- (-21724.970) [...15 remote chains...] -- 1:06:35
      48040000 -- (-21742.523) [...15 remote chains...] -- 1:06:29
      48060000 -- (-21737.653) [...15 remote chains...] -- 1:06:22
      48080000 -- (-21742.555) [...15 remote chains...] -- 1:06:15
      48100000 -- (-21743.540) [...15 remote chains...] -- 1:06:09

      Average standard deviation of split frequencies: 0.048683

      48120000 -- (-21733.219) [...15 remote chains...] -- 1:06:02
      48140000 -- (-21746.903) [...15 remote chains...] -- 1:05:56
      48160000 -- [-21726.410] [...15 remote chains...] -- 1:05:49
      48180000 -- (-21720.823) [...15 remote chains...] -- 1:05:42
      48200000 -- (-21739.756) [...15 remote chains...] -- 1:05:36

      Average standard deviation of split frequencies: 0.048687

      48220000 -- [-21724.053] [...15 remote chains...] -- 1:05:29
      48240000 -- (-21718.973) [...15 remote chains...] -- 1:05:22
      48260000 -- (-21726.424) [...15 remote chains...] -- 1:05:16
      48280000 -- (-21750.612) [...15 remote chains...] -- 1:05:09
      48300000 -- (-21725.567) [...15 remote chains...] -- 1:05:02

      Average standard deviation of split frequencies: 0.048191

      48320000 -- [-21716.440] [...15 remote chains...] -- 1:04:56
      48340000 -- [-21709.731] [...15 remote chains...] -- 1:04:49
      48360000 -- [-21732.074] [...15 remote chains...] -- 1:04:42
      48380000 -- [-21710.590] [...15 remote chains...] -- 1:04:36
      48400000 -- [-21718.086] [...15 remote chains...] -- 1:04:29

      Average standard deviation of split frequencies: 0.048293

      48420000 -- [-21700.116] [...15 remote chains...] -- 1:04:23
      48440000 -- [-21719.065] [...15 remote chains...] -- 1:04:16
      48460000 -- [-21747.631] [...15 remote chains...] -- 1:04:09
      48480000 -- [-21730.826] [...15 remote chains...] -- 1:04:03
      48500000 -- (-21754.323) [...15 remote chains...] -- 1:03:56

      Average standard deviation of split frequencies: 0.048441

      48520000 -- [-21736.312] [...15 remote chains...] -- 1:03:49
      48540000 -- (-21730.484) [...15 remote chains...] -- 1:03:43
      48560000 -- [-21737.536] [...15 remote chains...] -- 1:03:36
      48580000 -- [-21738.714] [...15 remote chains...] -- 1:03:29
      48600000 -- [-21746.473] [...15 remote chains...] -- 1:03:23

      Average standard deviation of split frequencies: 0.048422

      48620000 -- [-21745.525] [...15 remote chains...] -- 1:03:16
      48640000 -- [-21732.140] [...15 remote chains...] -- 1:03:09
      48660000 -- [-21721.608] [...15 remote chains...] -- 1:03:03
      48680000 -- [-21734.861] [...15 remote chains...] -- 1:02:56
      48700000 -- [-21728.701] [...15 remote chains...] -- 1:02:49

      Average standard deviation of split frequencies: 0.047990

      48720000 -- [-21731.457] [...15 remote chains...] -- 1:02:43
      48740000 -- (-21749.432) [...15 remote chains...] -- 1:02:36
      48760000 -- [-21722.137] [...15 remote chains...] -- 1:02:29
      48780000 -- (-21727.392) [...15 remote chains...] -- 1:02:22
      48800000 -- (-21729.116) [...15 remote chains...] -- 1:02:16

      Average standard deviation of split frequencies: 0.047807

      48820000 -- [-21721.610] [...15 remote chains...] -- 1:02:09
      48840000 -- (-21758.899) [...15 remote chains...] -- 1:02:03
      48860000 -- [-21729.201] [...15 remote chains...] -- 1:01:56
      48880000 -- (-21737.849) [...15 remote chains...] -- 1:01:49
      48900000 -- [-21720.417] [...15 remote chains...] -- 1:01:43

      Average standard deviation of split frequencies: 0.047822

      48920000 -- (-21722.894) [...15 remote chains...] -- 1:01:36
      48940000 -- (-21741.728) [...15 remote chains...] -- 1:01:29
      48960000 -- (-21728.553) [...15 remote chains...] -- 1:01:23
      48980000 -- (-21716.653) [...15 remote chains...] -- 1:01:16
      49000000 -- (-21744.535) [...15 remote chains...] -- 1:01:09

      Average standard deviation of split frequencies: 0.047834

      49020000 -- (-21738.668) [...15 remote chains...] -- 1:01:03
      49040000 -- (-21752.493) [...15 remote chains...] -- 1:00:56
      49060000 -- (-21744.904) [...15 remote chains...] -- 1:00:49
      49080000 -- [-21724.764] [...15 remote chains...] -- 1:00:43
      49100000 -- [-21724.285] [...15 remote chains...] -- 1:00:36

      Average standard deviation of split frequencies: 0.048192

      49120000 -- [-21722.913] [...15 remote chains...] -- 1:00:29
      49140000 -- (-21732.814) [...15 remote chains...] -- 1:00:23
      49160000 -- (-21734.123) [...15 remote chains...] -- 1:00:16
      49180000 -- (-21736.475) [...15 remote chains...] -- 1:00:09
      49200000 -- (-21746.190) [...15 remote chains...] -- 1:00:03

      Average standard deviation of split frequencies: 0.048137

      49220000 -- (-21731.246) [...15 remote chains...] -- 0:59:56
      49240000 -- (-21736.313) [...15 remote chains...] -- 0:59:49
      49260000 -- (-21729.314) [...15 remote chains...] -- 0:59:43
      49280000 -- (-21745.619) [...15 remote chains...] -- 0:59:36
      49300000 -- (-21728.771) [...15 remote chains...] -- 0:59:29

      Average standard deviation of split frequencies: 0.048083

      49320000 -- (-21742.540) [...15 remote chains...] -- 0:59:23
      49340000 -- [-21747.938] [...15 remote chains...] -- 0:59:16
      49360000 -- [-21727.471] [...15 remote chains...] -- 0:59:09
      49380000 -- [-21735.345] [...15 remote chains...] -- 0:59:03
      49400000 -- [-21741.859] [...15 remote chains...] -- 0:58:56

      Average standard deviation of split frequencies: 0.048129

      49420000 -- [-21729.451] [...15 remote chains...] -- 0:58:49
      49440000 -- [-21722.716] [...15 remote chains...] -- 0:58:43
      49460000 -- [-21736.340] [...15 remote chains...] -- 0:58:36
      49480000 -- [-21736.488] [...15 remote chains...] -- 0:58:29
      49500000 -- [-21711.856] [...15 remote chains...] -- 0:58:23

      Average standard deviation of split frequencies: 0.048034

      49520000 -- [-21710.937] [...15 remote chains...] -- 0:58:16
      49540000 -- [-21731.585] [...15 remote chains...] -- 0:58:09
      49560000 -- [-21717.267] [...15 remote chains...] -- 0:58:03
      49580000 -- (-21745.021) [...15 remote chains...] -- 0:57:56
      49600000 -- (-21751.353) [...15 remote chains...] -- 0:57:49

      Average standard deviation of split frequencies: 0.047987

      49620000 -- (-21742.541) [...15 remote chains...] -- 0:57:43
      49640000 -- (-21734.738) [...15 remote chains...] -- 0:57:36
      49660000 -- (-21732.251) [...15 remote chains...] -- 0:57:29
      49680000 -- [-21745.133] [...15 remote chains...] -- 0:57:23
      49700000 -- [-21738.997] [...15 remote chains...] -- 0:57:16

      Average standard deviation of split frequencies: 0.047958

      49720000 -- [-21737.741] [...15 remote chains...] -- 0:57:09
      49740000 -- [-21740.008] [...15 remote chains...] -- 0:57:03
      49760000 -- (-21759.330) [...15 remote chains...] -- 0:56:56
      49780000 -- [-21745.841] [...15 remote chains...] -- 0:56:49
      49800000 -- [-21719.923] [...15 remote chains...] -- 0:56:43

      Average standard deviation of split frequencies: 0.047885

      49820000 -- [-21733.598] [...15 remote chains...] -- 0:56:36
      49840000 -- [-21732.043] [...15 remote chains...] -- 0:56:29
      49860000 -- (-21731.113) [...15 remote chains...] -- 0:56:23
      49880000 -- [-21732.794] [...15 remote chains...] -- 0:56:16
      49900000 -- (-21726.500) [...15 remote chains...] -- 0:56:09

      Average standard deviation of split frequencies: 0.047582

      49920000 -- [-21730.827] [...15 remote chains...] -- 0:56:03
      49940000 -- [-21732.127] [...15 remote chains...] -- 0:55:56
      49960000 -- [-21723.731] [...15 remote chains...] -- 0:55:49
      49980000 -- [-21730.644] [...15 remote chains...] -- 0:55:43
      50000000 -- (-21738.121) [...15 remote chains...] -- 0:55:36

      Average standard deviation of split frequencies: 0.047451

      50020000 -- [-21719.213] [...15 remote chains...] -- 0:55:29
      50040000 -- [-21743.671] [...15 remote chains...] -- 0:55:23
      50060000 -- [-21734.384] [...15 remote chains...] -- 0:55:16
      50080000 -- [-21737.740] [...15 remote chains...] -- 0:55:09
      50100000 -- (-21721.354) [...15 remote chains...] -- 0:55:03

      Average standard deviation of split frequencies: 0.047519

      50120000 -- (-21743.260) [...15 remote chains...] -- 0:54:56
      50140000 -- (-21729.366) [...15 remote chains...] -- 0:54:49
      50160000 -- (-21746.385) [...15 remote chains...] -- 0:54:43
      50180000 -- [-21717.177] [...15 remote chains...] -- 0:54:36
      50200000 -- (-21763.319) [...15 remote chains...] -- 0:54:29

      Average standard deviation of split frequencies: 0.047496

      50220000 -- [-21729.206] [...15 remote chains...] -- 0:54:23
      50240000 -- [-21708.823] [...15 remote chains...] -- 0:54:16
      50260000 -- [-21728.305] [...15 remote chains...] -- 0:54:09
      50280000 -- [-21725.989] [...15 remote chains...] -- 0:54:03
      50300000 -- [-21711.061] [...15 remote chains...] -- 0:53:56

      Average standard deviation of split frequencies: 0.047254

      50320000 -- [-21712.186] [...15 remote chains...] -- 0:53:49
      50340000 -- [-21720.468] [...15 remote chains...] -- 0:53:43
      50360000 -- [-21720.698] [...15 remote chains...] -- 0:53:36
      50380000 -- (-21724.690) [...15 remote chains...] -- 0:53:29
      50400000 -- [-21729.355] [...15 remote chains...] -- 0:53:23

      Average standard deviation of split frequencies: 0.047468

      50420000 -- [-21714.321] [...15 remote chains...] -- 0:53:16
      50440000 -- [-21728.685] [...15 remote chains...] -- 0:53:09
      50460000 -- [-21740.056] [...15 remote chains...] -- 0:53:03
      50480000 -- [-21719.741] [...15 remote chains...] -- 0:52:56
      50500000 -- [-21720.485] [...15 remote chains...] -- 0:52:49

      Average standard deviation of split frequencies: 0.047430

      50520000 -- (-21720.852) [...15 remote chains...] -- 0:52:43
      50540000 -- [-21735.045] [...15 remote chains...] -- 0:52:36
      50560000 -- (-21745.221) [...15 remote chains...] -- 0:52:29
      50580000 -- (-21746.447) [...15 remote chains...] -- 0:52:22
      50600000 -- [-21736.298] [...15 remote chains...] -- 0:52:16

      Average standard deviation of split frequencies: 0.047423

      50620000 -- [-21724.374] [...15 remote chains...] -- 0:52:09
      50640000 -- [-21738.754] [...15 remote chains...] -- 0:52:02
      50660000 -- (-21752.815) [...15 remote chains...] -- 0:51:56
      50680000 -- (-21746.332) [...15 remote chains...] -- 0:51:49
      50700000 -- [-21747.089] [...15 remote chains...] -- 0:51:42

      Average standard deviation of split frequencies: 0.047430

      50720000 -- (-21748.384) [...15 remote chains...] -- 0:51:36
      50740000 -- (-21773.731) [...15 remote chains...] -- 0:51:29
      50760000 -- (-21744.793) [...15 remote chains...] -- 0:51:22
      50780000 -- (-21759.686) [...15 remote chains...] -- 0:51:16
      50800000 -- (-21748.943) [...15 remote chains...] -- 0:51:09

      Average standard deviation of split frequencies: 0.047446

      50820000 -- (-21764.763) [...15 remote chains...] -- 0:51:02
      50840000 -- (-21738.050) [...15 remote chains...] -- 0:50:56
      50860000 -- (-21738.027) [...15 remote chains...] -- 0:50:49
      50880000 -- (-21757.404) [...15 remote chains...] -- 0:50:42
      50900000 -- (-21760.632) [...15 remote chains...] -- 0:50:36

      Average standard deviation of split frequencies: 0.047460

      50920000 -- (-21739.532) [...15 remote chains...] -- 0:50:29
      50940000 -- (-21721.604) [...15 remote chains...] -- 0:50:22
      50960000 -- (-21746.134) [...15 remote chains...] -- 0:50:16
      50980000 -- (-21731.395) [...15 remote chains...] -- 0:50:09
      51000000 -- (-21734.609) [...15 remote chains...] -- 0:50:02

      Average standard deviation of split frequencies: 0.047485

      51020000 -- (-21731.961) [...15 remote chains...] -- 0:49:56
      51040000 -- (-21745.208) [...15 remote chains...] -- 0:49:49
      51060000 -- (-21746.528) [...15 remote chains...] -- 0:49:42
      51080000 -- (-21741.277) [...15 remote chains...] -- 0:49:36
      51100000 -- (-21739.607) [...15 remote chains...] -- 0:49:29

      Average standard deviation of split frequencies: 0.047466

      51120000 -- (-21740.443) [...15 remote chains...] -- 0:49:22
      51140000 -- (-21741.749) [...15 remote chains...] -- 0:49:16
      51160000 -- (-21712.225) [...15 remote chains...] -- 0:49:09
      51180000 -- (-21718.340) [...15 remote chains...] -- 0:49:02
      51200000 -- (-21731.214) [...15 remote chains...] -- 0:48:56

      Average standard deviation of split frequencies: 0.047496

      51220000 -- (-21749.686) [...15 remote chains...] -- 0:48:49
      51240000 -- (-21750.821) [...15 remote chains...] -- 0:48:42
      51260000 -- [-21740.629] [...15 remote chains...] -- 0:48:36
      51280000 -- [-21768.750] [...15 remote chains...] -- 0:48:29
      51300000 -- [-21735.799] [...15 remote chains...] -- 0:48:22

      Average standard deviation of split frequencies: 0.047406

      51320000 -- (-21775.168) [...15 remote chains...] -- 0:48:16
      51340000 -- (-21723.519) [...15 remote chains...] -- 0:48:09
      51360000 -- (-21771.447) [...15 remote chains...] -- 0:48:02
      51380000 -- (-21723.844) [...15 remote chains...] -- 0:47:56
      51400000 -- [-21745.119] [...15 remote chains...] -- 0:47:49

      Average standard deviation of split frequencies: 0.047405

      51420000 -- [-21718.709] [...15 remote chains...] -- 0:47:42
      51440000 -- [-21739.216] [...15 remote chains...] -- 0:47:36
      51460000 -- [-21732.955] [...15 remote chains...] -- 0:47:29
      51480000 -- [-21718.989] [...15 remote chains...] -- 0:47:22
      51500000 -- [-21718.208] [...15 remote chains...] -- 0:47:16

      Average standard deviation of split frequencies: 0.047317

      51520000 -- [-21742.691] [...15 remote chains...] -- 0:47:09
      51540000 -- [-21732.621] [...15 remote chains...] -- 0:47:02
      51560000 -- [-21731.249] [...15 remote chains...] -- 0:46:56
      51580000 -- [-21733.565] [...15 remote chains...] -- 0:46:49
      51600000 -- [-21740.056] [...15 remote chains...] -- 0:46:42

      Average standard deviation of split frequencies: 0.047321

      51620000 -- [-21741.883] [...15 remote chains...] -- 0:46:35
      51640000 -- [-21728.560] [...15 remote chains...] -- 0:46:29
      51660000 -- [-21712.612] [...15 remote chains...] -- 0:46:22
      51680000 -- (-21742.815) [...15 remote chains...] -- 0:46:15
      51700000 -- [-21732.960] [...15 remote chains...] -- 0:46:09

      Average standard deviation of split frequencies: 0.047331

      51720000 -- [-21739.097] [...15 remote chains...] -- 0:46:02
      51740000 -- [-21738.510] [...15 remote chains...] -- 0:45:55
      51760000 -- (-21755.597) [...15 remote chains...] -- 0:45:49
      51780000 -- [-21750.680] [...15 remote chains...] -- 0:45:42
      51800000 -- (-21753.511) [...15 remote chains...] -- 0:45:35

      Average standard deviation of split frequencies: 0.047399

      51820000 -- (-21722.061) [...15 remote chains...] -- 0:45:29
      51840000 -- [-21751.786] [...15 remote chains...] -- 0:45:22
      51860000 -- (-21749.620) [...15 remote chains...] -- 0:45:16
      51880000 -- [-21737.054] [...15 remote chains...] -- 0:45:09
      51900000 -- (-21749.095) [...15 remote chains...] -- 0:45:02

      Average standard deviation of split frequencies: 0.047134

      51920000 -- (-21744.831) [...15 remote chains...] -- 0:44:56
      51940000 -- (-21753.869) [...15 remote chains...] -- 0:44:49
      51960000 -- (-21738.045) [...15 remote chains...] -- 0:44:42
      51980000 -- (-21744.844) [...15 remote chains...] -- 0:44:35
      52000000 -- (-21739.582) [...15 remote chains...] -- 0:44:29

      Average standard deviation of split frequencies: 0.047158

      52020000 -- (-21734.981) [...15 remote chains...] -- 0:44:22
      52040000 -- (-21752.018) [...15 remote chains...] -- 0:44:15
      52060000 -- [-21734.994] [...15 remote chains...] -- 0:44:09
      52080000 -- (-21762.857) [...15 remote chains...] -- 0:44:02
      52100000 -- (-21759.730) [...15 remote chains...] -- 0:43:55

      Average standard deviation of split frequencies: 0.047053

      52120000 -- (-21751.990) [...15 remote chains...] -- 0:43:49
      52140000 -- [-21724.305] [...15 remote chains...] -- 0:43:42
      52160000 -- (-21761.122) [...15 remote chains...] -- 0:43:35
      52180000 -- [-21739.771] [...15 remote chains...] -- 0:43:29
      52200000 -- [-21720.090] [...15 remote chains...] -- 0:43:22

      Average standard deviation of split frequencies: 0.046955

      52220000 -- [-21729.400] [...15 remote chains...] -- 0:43:15
      52240000 -- [-21737.704] [...15 remote chains...] -- 0:43:09
      52260000 -- (-21724.429) [...15 remote chains...] -- 0:43:02
      52280000 -- (-21754.707) [...15 remote chains...] -- 0:42:55
      52300000 -- [-21722.734] [...15 remote chains...] -- 0:42:49

      Average standard deviation of split frequencies: 0.046940

      52320000 -- (-21741.333) [...15 remote chains...] -- 0:42:42
      52340000 -- (-21729.632) [...15 remote chains...] -- 0:42:35
      52360000 -- (-21734.903) [...15 remote chains...] -- 0:42:29
      52380000 -- (-21743.853) [...15 remote chains...] -- 0:42:22
      52400000 -- (-21745.935) [...15 remote chains...] -- 0:42:15

      Average standard deviation of split frequencies: 0.046980

      52420000 -- (-21749.021) [...15 remote chains...] -- 0:42:09
      52440000 -- (-21732.224) [...15 remote chains...] -- 0:42:02
      52460000 -- (-21722.740) [...15 remote chains...] -- 0:41:55
      52480000 -- (-21726.205) [...15 remote chains...] -- 0:41:49
      52500000 -- (-21743.317) [...15 remote chains...] -- 0:41:42

      Average standard deviation of split frequencies: 0.047052

      52520000 -- [-21725.276] [...15 remote chains...] -- 0:41:35
      52540000 -- (-21751.186) [...15 remote chains...] -- 0:41:29
      52560000 -- (-21725.729) [...15 remote chains...] -- 0:41:22
      52580000 -- (-21731.585) [...15 remote chains...] -- 0:41:15
      52600000 -- [-21726.529] [...15 remote chains...] -- 0:41:09

      Average standard deviation of split frequencies: 0.047345

      52620000 -- (-21730.889) [...15 remote chains...] -- 0:41:02
      52640000 -- (-21752.596) [...15 remote chains...] -- 0:40:55
      52660000 -- (-21745.180) [...15 remote chains...] -- 0:40:48
      52680000 -- [-21737.776] [...15 remote chains...] -- 0:40:42
      52700000 -- [-21737.685] [...15 remote chains...] -- 0:40:35

      Average standard deviation of split frequencies: 0.047234

      52720000 -- [-21734.463] [...15 remote chains...] -- 0:40:28
      52740000 -- [-21751.153] [...15 remote chains...] -- 0:40:22
      52760000 -- [-21730.654] [...15 remote chains...] -- 0:40:15
      52780000 -- [-21746.393] [...15 remote chains...] -- 0:40:08
      52800000 -- [-21741.242] [...15 remote chains...] -- 0:40:02

      Average standard deviation of split frequencies: 0.047207

      52820000 -- [-21726.953] [...15 remote chains...] -- 0:39:55
      52840000 -- [-21739.921] [...15 remote chains...] -- 0:39:48
      52860000 -- [-21755.213] [...15 remote chains...] -- 0:39:42
      52880000 -- (-21734.349) [...15 remote chains...] -- 0:39:35
      52900000 -- [-21724.575] [...15 remote chains...] -- 0:39:28

      Average standard deviation of split frequencies: 0.046948

      52920000 -- [-21721.090] [...15 remote chains...] -- 0:39:22
      52940000 -- [-21720.380] [...15 remote chains...] -- 0:39:15
      52960000 -- [-21724.484] [...15 remote chains...] -- 0:39:09
      52980000 -- (-21716.001) [...15 remote chains...] -- 0:39:02
      53000000 -- [-21717.703] [...15 remote chains...] -- 0:38:55

      Average standard deviation of split frequencies: 0.046951

      53020000 -- [-21711.067] [...15 remote chains...] -- 0:38:48
      53040000 -- [-21714.879] [...15 remote chains...] -- 0:38:42
      53060000 -- [-21728.081] [...15 remote chains...] -- 0:38:35
      53080000 -- (-21722.136) [...15 remote chains...] -- 0:38:28
      53100000 -- [-21718.064] [...15 remote chains...] -- 0:38:22

      Average standard deviation of split frequencies: 0.047091

      53120000 -- [-21722.404] [...15 remote chains...] -- 0:38:15
      53140000 -- (-21739.023) [...15 remote chains...] -- 0:38:08
      53160000 -- (-21753.372) [...15 remote chains...] -- 0:38:02
      53180000 -- (-21741.749) [...15 remote chains...] -- 0:37:55
      53200000 -- [-21745.465] [...15 remote chains...] -- 0:37:48

      Average standard deviation of split frequencies: 0.047304

      53220000 -- [-21714.254] [...15 remote chains...] -- 0:37:42
      53240000 -- [-21724.791] [...15 remote chains...] -- 0:37:35
      53260000 -- [-21709.857] [...15 remote chains...] -- 0:37:28
      53280000 -- [-21736.111] [...15 remote chains...] -- 0:37:22
      53300000 -- [-21750.305] [...15 remote chains...] -- 0:37:15

      Average standard deviation of split frequencies: 0.047340

      53320000 -- [-21729.855] [...15 remote chains...] -- 0:37:08
      53340000 -- [-21713.670] [...15 remote chains...] -- 0:37:02
      53360000 -- [-21725.648] [...15 remote chains...] -- 0:36:55
      53380000 -- [-21714.649] [...15 remote chains...] -- 0:36:48
      53400000 -- [-21710.039] [...15 remote chains...] -- 0:36:42

      Average standard deviation of split frequencies: 0.047341

      53420000 -- [-21728.782] [...15 remote chains...] -- 0:36:35
      53440000 -- [-21707.347] [...15 remote chains...] -- 0:36:28
      53460000 -- [-21717.687] [...15 remote chains...] -- 0:36:22
      53480000 -- [-21719.292] [...15 remote chains...] -- 0:36:15
      53500000 -- [-21698.663] [...15 remote chains...] -- 0:36:08

      Average standard deviation of split frequencies: 0.047287

      53520000 -- [-21708.443] [...15 remote chains...] -- 0:36:02
      53540000 -- [-21732.781] [...15 remote chains...] -- 0:35:55
      53560000 -- [-21722.646] [...15 remote chains...] -- 0:35:48
      53580000 -- [-21713.805] [...15 remote chains...] -- 0:35:42
      53600000 -- [-21716.650] [...15 remote chains...] -- 0:35:35

      Average standard deviation of split frequencies: 0.047301

      53620000 -- [-21722.980] [...15 remote chains...] -- 0:35:28
      53640000 -- [-21718.424] [...15 remote chains...] -- 0:35:22
      53660000 -- (-21736.779) [...15 remote chains...] -- 0:35:15
      53680000 -- [-21711.486] [...15 remote chains...] -- 0:35:08
      53700000 -- [-21731.478] [...15 remote chains...] -- 0:35:01

      Average standard deviation of split frequencies: 0.047393

      53720000 -- (-21724.601) [...15 remote chains...] -- 0:34:55
      53740000 -- (-21725.236) [...15 remote chains...] -- 0:34:48
      53760000 -- (-21753.030) [...15 remote chains...] -- 0:34:41
      53780000 -- (-21733.922) [...15 remote chains...] -- 0:34:35
      53800000 -- (-21749.172) [...15 remote chains...] -- 0:34:28

      Average standard deviation of split frequencies: 0.047403

      53820000 -- (-21752.670) [...15 remote chains...] -- 0:34:22
      53840000 -- (-21738.206) [...15 remote chains...] -- 0:34:15
      53860000 -- (-21754.160) [...15 remote chains...] -- 0:34:08
      53880000 -- [-21723.865] [...15 remote chains...] -- 0:34:02
      53900000 -- [-21718.058] [...15 remote chains...] -- 0:33:55

      Average standard deviation of split frequencies: 0.047787

      53920000 -- [-21725.159] [...15 remote chains...] -- 0:33:48
      53940000 -- [-21717.458] [...15 remote chains...] -- 0:33:42
      53960000 -- [-21709.497] [...15 remote chains...] -- 0:33:35
      53980000 -- (-21740.847) [...15 remote chains...] -- 0:33:28
      54000000 -- [-21725.820] [...15 remote chains...] -- 0:33:22

      Average standard deviation of split frequencies: 0.047830

      54020000 -- [-21733.624] [...15 remote chains...] -- 0:33:15
      54040000 -- [-21731.041] [...15 remote chains...] -- 0:33:08
      54060000 -- [-21713.858] [...15 remote chains...] -- 0:33:01
      54080000 -- [-21722.050] [...15 remote chains...] -- 0:32:55
      54100000 -- (-21739.653) [...15 remote chains...] -- 0:32:48

      Average standard deviation of split frequencies: 0.047460

      54120000 -- [-21724.864] [...15 remote chains...] -- 0:32:41
      54140000 -- (-21724.236) [...15 remote chains...] -- 0:32:35
      54160000 -- (-21746.771) [...15 remote chains...] -- 0:32:28
      54180000 -- (-21724.537) [...15 remote chains...] -- 0:32:21
      54200000 -- [-21704.311] [...15 remote chains...] -- 0:32:15

      Average standard deviation of split frequencies: 0.047779

      54220000 -- (-21738.238) [...15 remote chains...] -- 0:32:08
      54240000 -- (-21739.889) [...15 remote chains...] -- 0:32:01
      54260000 -- (-21744.161) [...15 remote chains...] -- 0:31:55
      54280000 -- [-21714.413] [...15 remote chains...] -- 0:31:48
      54300000 -- [-21711.623] [...15 remote chains...] -- 0:31:41

      Average standard deviation of split frequencies: 0.047727

      54320000 -- [-21725.900] [...15 remote chains...] -- 0:31:35
      54340000 -- [-21724.610] [...15 remote chains...] -- 0:31:28
      54360000 -- [-21727.709] [...15 remote chains...] -- 0:31:21
      54380000 -- [-21723.075] [...15 remote chains...] -- 0:31:15
      54400000 -- [-21711.308] [...15 remote chains...] -- 0:31:08

      Average standard deviation of split frequencies: 0.047643

      54420000 -- [-21715.719] [...15 remote chains...] -- 0:31:01
      54440000 -- [-21716.434] [...15 remote chains...] -- 0:30:55
      54460000 -- [-21710.861] [...15 remote chains...] -- 0:30:48
      54480000 -- [-21727.690] [...15 remote chains...] -- 0:30:41
      54500000 -- [-21715.841] [...15 remote chains...] -- 0:30:35

      Average standard deviation of split frequencies: 0.047548

      54520000 -- [-21731.695] [...15 remote chains...] -- 0:30:28
      54540000 -- [-21724.857] [...15 remote chains...] -- 0:30:21
      54560000 -- [-21729.300] [...15 remote chains...] -- 0:30:15
      54580000 -- [-21728.081] [...15 remote chains...] -- 0:30:08
      54600000 -- [-21739.321] [...15 remote chains...] -- 0:30:01

      Average standard deviation of split frequencies: 0.047341

      54620000 -- (-21734.697) [...15 remote chains...] -- 0:29:55
      54640000 -- [-21713.245] [...15 remote chains...] -- 0:29:48
      54660000 -- [-21712.475] [...15 remote chains...] -- 0:29:41
      54680000 -- [-21716.861] [...15 remote chains...] -- 0:29:35
      54700000 -- [-21714.796] [...15 remote chains...] -- 0:29:28

      Average standard deviation of split frequencies: 0.047139

      54720000 -- [-21711.617] [...15 remote chains...] -- 0:29:21
      54740000 -- [-21727.465] [...15 remote chains...] -- 0:29:14
      54760000 -- [-21717.433] [...15 remote chains...] -- 0:29:08
      54780000 -- [-21732.737] [...15 remote chains...] -- 0:29:01
      54800000 -- [-21725.562] [...15 remote chains...] -- 0:28:54

      Average standard deviation of split frequencies: 0.047049

      54820000 -- [-21725.909] [...15 remote chains...] -- 0:28:48
      54840000 -- [-21734.846] [...15 remote chains...] -- 0:28:41
      54860000 -- [-21731.545] [...15 remote chains...] -- 0:28:34
      54880000 -- [-21749.700] [...15 remote chains...] -- 0:28:28
      54900000 -- [-21723.858] [...15 remote chains...] -- 0:28:21

      Average standard deviation of split frequencies: 0.046893

      54920000 -- (-21726.908) [...15 remote chains...] -- 0:28:14
      54940000 -- (-21721.096) [...15 remote chains...] -- 0:28:08
      54960000 -- (-21716.648) [...15 remote chains...] -- 0:28:01
      54980000 -- (-21718.475) [...15 remote chains...] -- 0:27:54
      55000000 -- (-21725.528) [...15 remote chains...] -- 0:27:48

      Average standard deviation of split frequencies: 0.046868

      55020000 -- (-21716.227) [...15 remote chains...] -- 0:27:41
      55040000 -- (-21716.651) [...15 remote chains...] -- 0:27:34
      55060000 -- [-21715.125] [...15 remote chains...] -- 0:27:28
      55080000 -- (-21734.290) [...15 remote chains...] -- 0:27:21
      55100000 -- (-21781.463) [...15 remote chains...] -- 0:27:14

      Average standard deviation of split frequencies: 0.046838

      55120000 -- (-21741.297) [...15 remote chains...] -- 0:27:08
      55140000 -- (-21742.387) [...15 remote chains...] -- 0:27:01
      55160000 -- (-21738.491) [...15 remote chains...] -- 0:26:54
      55180000 -- (-21737.096) [...15 remote chains...] -- 0:26:48
      55200000 -- (-21752.154) [...15 remote chains...] -- 0:26:41

      Average standard deviation of split frequencies: 0.046878

      55220000 -- [-21745.869] [...15 remote chains...] -- 0:26:34
      55240000 -- (-21737.277) [...15 remote chains...] -- 0:26:28
      55260000 -- (-21745.071) [...15 remote chains...] -- 0:26:21
      55280000 -- (-21740.995) [...15 remote chains...] -- 0:26:14
      55300000 -- [-21724.156] [...15 remote chains...] -- 0:26:08

      Average standard deviation of split frequencies: 0.046572

      55320000 -- (-21756.876) [...15 remote chains...] -- 0:26:01
      55340000 -- [-21727.062] [...15 remote chains...] -- 0:25:54
      55360000 -- (-21732.568) [...15 remote chains...] -- 0:25:48
      55380000 -- (-21736.756) [...15 remote chains...] -- 0:25:41
      55400000 -- (-21773.318) [...15 remote chains...] -- 0:25:34

      Average standard deviation of split frequencies: 0.046513

      55420000 -- (-21756.451) [...15 remote chains...] -- 0:25:28
      55440000 -- (-21740.701) [...15 remote chains...] -- 0:25:21
      55460000 -- (-21731.904) [...15 remote chains...] -- 0:25:14
      55480000 -- (-21719.535) [...15 remote chains...] -- 0:25:08
      55500000 -- (-21731.802) [...15 remote chains...] -- 0:25:01

      Average standard deviation of split frequencies: 0.046556

      55520000 -- (-21718.324) [...15 remote chains...] -- 0:24:54
      55540000 -- (-21747.601) [...15 remote chains...] -- 0:24:48
      55560000 -- (-21736.415) [...15 remote chains...] -- 0:24:41
      55580000 -- (-21761.146) [...15 remote chains...] -- 0:24:34
      55600000 -- (-21779.755) [...15 remote chains...] -- 0:24:27

      Average standard deviation of split frequencies: 0.046704

      55620000 -- [-21729.061] [...15 remote chains...] -- 0:24:21
      55640000 -- (-21742.983) [...15 remote chains...] -- 0:24:14
      55660000 -- (-21742.475) [...15 remote chains...] -- 0:24:07
      55680000 -- (-21739.649) [...15 remote chains...] -- 0:24:01
      55700000 -- (-21726.889) [...15 remote chains...] -- 0:23:54

      Average standard deviation of split frequencies: 0.046771

      55720000 -- [-21718.147] [...15 remote chains...] -- 0:23:47
      55740000 -- (-21732.544) [...15 remote chains...] -- 0:23:41
      55760000 -- [-21716.771] [...15 remote chains...] -- 0:23:34
      55780000 -- [-21713.088] [...15 remote chains...] -- 0:23:27
      55800000 -- [-21711.198] [...15 remote chains...] -- 0:23:21

      Average standard deviation of split frequencies: 0.046606

      55820000 -- (-21728.316) [...15 remote chains...] -- 0:23:14
      55840000 -- [-21711.008] [...15 remote chains...] -- 0:23:07
      55860000 -- [-21729.910] [...15 remote chains...] -- 0:23:01
      55880000 -- [-21717.999] [...15 remote chains...] -- 0:22:54
      55900000 -- [-21731.817] [...15 remote chains...] -- 0:22:47

      Average standard deviation of split frequencies: 0.046533

      55920000 -- [-21716.373] [...15 remote chains...] -- 0:22:41
      55940000 -- [-21718.613] [...15 remote chains...] -- 0:22:34
      55960000 -- [-21739.103] [...15 remote chains...] -- 0:22:27
      55980000 -- (-21727.938) [...15 remote chains...] -- 0:22:21
      56000000 -- (-21740.660) [...15 remote chains...] -- 0:22:14

      Average standard deviation of split frequencies: 0.046738

      56020000 -- (-21748.320) [...15 remote chains...] -- 0:22:07
      56040000 -- [-21717.754] [...15 remote chains...] -- 0:22:01
      56060000 -- [-21736.237] [...15 remote chains...] -- 0:21:54
      56080000 -- [-21734.195] [...15 remote chains...] -- 0:21:47
      56100000 -- [-21733.773] [...15 remote chains...] -- 0:21:41

      Average standard deviation of split frequencies: 0.046669

      56120000 -- [-21721.168] [...15 remote chains...] -- 0:21:34
      56140000 -- [-21726.061] [...15 remote chains...] -- 0:21:27
      56160000 -- [-21733.801] [...15 remote chains...] -- 0:21:21
      56180000 -- [-21726.033] [...15 remote chains...] -- 0:21:14
      56200000 -- [-21740.496] [...15 remote chains...] -- 0:21:07

      Average standard deviation of split frequencies: 0.046580

      56220000 -- [-21730.152] [...15 remote chains...] -- 0:21:01
      56240000 -- [-21730.006] [...15 remote chains...] -- 0:20:54
      56260000 -- [-21732.417] [...15 remote chains...] -- 0:20:47
      56280000 -- [-21724.714] [...15 remote chains...] -- 0:20:41
      56300000 -- [-21729.262] [...15 remote chains...] -- 0:20:34

      Average standard deviation of split frequencies: 0.046491

      56320000 -- [-21742.804] [...15 remote chains...] -- 0:20:27
      56340000 -- [-21746.200] [...15 remote chains...] -- 0:20:21
      56360000 -- [-21736.683] [...15 remote chains...] -- 0:20:14
      56380000 -- [-21731.755] [...15 remote chains...] -- 0:20:07
      56400000 -- [-21712.725] [...15 remote chains...] -- 0:20:01

      Average standard deviation of split frequencies: 0.046374

      56420000 -- [-21716.446] [...15 remote chains...] -- 0:19:54
      56440000 -- (-21742.318) [...15 remote chains...] -- 0:19:47
      56460000 -- [-21744.808] [...15 remote chains...] -- 0:19:41
      56480000 -- [-21726.359] [...15 remote chains...] -- 0:19:34
      56500000 -- (-21737.719) [...15 remote chains...] -- 0:19:27

      Average standard deviation of split frequencies: 0.046381

      56520000 -- (-21743.438) [...15 remote chains...] -- 0:19:21
      56540000 -- [-21727.024] [...15 remote chains...] -- 0:19:14
      56560000 -- [-21722.321] [...15 remote chains...] -- 0:19:07
      56580000 -- [-21731.243] [...15 remote chains...] -- 0:19:01
      56600000 -- [-21725.513] [...15 remote chains...] -- 0:18:54

      Average standard deviation of split frequencies: 0.046287

      56620000 -- [-21751.001] [...15 remote chains...] -- 0:18:47
      56640000 -- (-21757.947) [...15 remote chains...] -- 0:18:41
      56660000 -- (-21740.112) [...15 remote chains...] -- 0:18:34
      56680000 -- (-21730.548) [...15 remote chains...] -- 0:18:27
      56700000 -- [-21743.271] [...15 remote chains...] -- 0:18:21

      Average standard deviation of split frequencies: 0.046292

      56720000 -- [-21732.125] [...15 remote chains...] -- 0:18:14
      56740000 -- (-21738.516) [...15 remote chains...] -- 0:18:07
      56760000 -- (-21744.378) [...15 remote chains...] -- 0:18:01
      56780000 -- (-21723.388) [...15 remote chains...] -- 0:17:54
      56800000 -- (-21738.789) [...15 remote chains...] -- 0:17:47

      Average standard deviation of split frequencies: 0.046395

      56820000 -- (-21741.006) [...15 remote chains...] -- 0:17:41
      56840000 -- (-21720.708) [...15 remote chains...] -- 0:17:34
      56860000 -- (-21736.158) [...15 remote chains...] -- 0:17:27
      56880000 -- (-21730.816) [...15 remote chains...] -- 0:17:20
      56900000 -- (-21739.135) [...15 remote chains...] -- 0:17:14

      Average standard deviation of split frequencies: 0.046467

      56920000 -- (-21740.353) [...15 remote chains...] -- 0:17:07
      56940000 -- (-21752.659) [...15 remote chains...] -- 0:17:00
      56960000 -- (-21725.414) [...15 remote chains...] -- 0:16:54
      56980000 -- (-21739.766) [...15 remote chains...] -- 0:16:47
      57000000 -- [-21728.151] [...15 remote chains...] -- 0:16:40

      Average standard deviation of split frequencies: 0.046555

      57020000 -- (-21744.783) [...15 remote chains...] -- 0:16:34
      57040000 -- [-21724.887] [...15 remote chains...] -- 0:16:27
      57060000 -- [-21726.965] [...15 remote chains...] -- 0:16:20
      57080000 -- [-21745.058] [...15 remote chains...] -- 0:16:14
      57100000 -- (-21746.393) [...15 remote chains...] -- 0:16:07

      Average standard deviation of split frequencies: 0.046520

      57120000 -- (-21762.427) [...15 remote chains...] -- 0:16:00
      57140000 -- (-21745.837) [...15 remote chains...] -- 0:15:54
      57160000 -- (-21714.500) [...15 remote chains...] -- 0:15:47
      57180000 -- (-21753.336) [...15 remote chains...] -- 0:15:40
      57200000 -- (-21731.492) [...15 remote chains...] -- 0:15:34

      Average standard deviation of split frequencies: 0.046496

      57220000 -- (-21759.133) [...15 remote chains...] -- 0:15:27
      57240000 -- [-21715.969] [...15 remote chains...] -- 0:15:20
      57260000 -- (-21725.861) [...15 remote chains...] -- 0:15:14
      57280000 -- (-21731.482) [...15 remote chains...] -- 0:15:07
      57300000 -- (-21723.253) [...15 remote chains...] -- 0:15:00

      Average standard deviation of split frequencies: 0.046452

      57320000 -- (-21729.524) [...15 remote chains...] -- 0:14:54
      57340000 -- (-21745.722) [...15 remote chains...] -- 0:14:47
      57360000 -- (-21723.738) [...15 remote chains...] -- 0:14:40
      57380000 -- (-21735.431) [...15 remote chains...] -- 0:14:34
      57400000 -- [-21731.654] [...15 remote chains...] -- 0:14:27

      Average standard deviation of split frequencies: 0.046177

      57420000 -- (-21736.131) [...15 remote chains...] -- 0:14:20
      57440000 -- (-21736.318) [...15 remote chains...] -- 0:14:14
      57460000 -- (-21706.569) [...15 remote chains...] -- 0:14:07
      57480000 -- [-21724.559] [...15 remote chains...] -- 0:14:00
      57500000 -- [-21716.017] [...15 remote chains...] -- 0:13:54

      Average standard deviation of split frequencies: 0.046426

      57520000 -- [-21715.881] [...15 remote chains...] -- 0:13:47
      57540000 -- [-21711.430] [...15 remote chains...] -- 0:13:40
      57560000 -- [-21741.741] [...15 remote chains...] -- 0:13:34
      57580000 -- [-21717.973] [...15 remote chains...] -- 0:13:27
      57600000 -- [-21713.200] [...15 remote chains...] -- 0:13:20

      Average standard deviation of split frequencies: 0.046333

      57620000 -- [-21725.577] [...15 remote chains...] -- 0:13:14
      57640000 -- [-21729.398] [...15 remote chains...] -- 0:13:07
      57660000 -- [-21736.244] [...15 remote chains...] -- 0:13:00
      57680000 -- [-21707.369] [...15 remote chains...] -- 0:12:54
      57700000 -- (-21728.981) [...15 remote chains...] -- 0:12:47

      Average standard deviation of split frequencies: 0.046560

      57720000 -- [-21739.089] [...15 remote chains...] -- 0:12:40
      57740000 -- [-21721.038] [...15 remote chains...] -- 0:12:34
      57760000 -- [-21738.317] [...15 remote chains...] -- 0:12:27
      57780000 -- [-21727.574] [...15 remote chains...] -- 0:12:20
      57800000 -- [-21713.441] [...15 remote chains...] -- 0:12:14

      Average standard deviation of split frequencies: 0.046556

      57820000 -- [-21729.726] [...15 remote chains...] -- 0:12:07
      57840000 -- [-21697.845] [...15 remote chains...] -- 0:12:00
      57860000 -- [-21718.541] [...15 remote chains...] -- 0:11:54
      57880000 -- [-21702.594] [...15 remote chains...] -- 0:11:47
      57900000 -- [-21717.570] [...15 remote chains...] -- 0:11:40

      Average standard deviation of split frequencies: 0.046506

      57920000 -- [-21711.018] [...15 remote chains...] -- 0:11:34
      57940000 -- [-21722.252] [...15 remote chains...] -- 0:11:27
      57960000 -- [-21735.246] [...15 remote chains...] -- 0:11:20
      57980000 -- (-21735.120) [...15 remote chains...] -- 0:11:14
      58000000 -- [-21711.651] [...15 remote chains...] -- 0:11:07

      Average standard deviation of split frequencies: 0.046486

      58020000 -- [-21727.704] [...15 remote chains...] -- 0:11:00
      58040000 -- [-21723.357] [...15 remote chains...] -- 0:10:53
      58060000 -- [-21712.235] [...15 remote chains...] -- 0:10:47
      58080000 -- [-21713.167] [...15 remote chains...] -- 0:10:40
      58100000 -- [-21722.471] [...15 remote chains...] -- 0:10:33

      Average standard deviation of split frequencies: 0.046372

      58120000 -- [-21738.605] [...15 remote chains...] -- 0:10:27
      58140000 -- [-21720.658] [...15 remote chains...] -- 0:10:20
      58160000 -- [-21740.638] [...15 remote chains...] -- 0:10:13
      58180000 -- [-21713.987] [...15 remote chains...] -- 0:10:07
      58200000 -- [-21735.221] [...15 remote chains...] -- 0:10:00

      Average standard deviation of split frequencies: 0.046291

      58220000 -- [-21718.476] [...15 remote chains...] -- 0:09:53
      58240000 -- [-21739.294] [...15 remote chains...] -- 0:09:47
      58260000 -- [-21732.591] [...15 remote chains...] -- 0:09:40
      58280000 -- [-21729.869] [...15 remote chains...] -- 0:09:33
      58300000 -- [-21725.702] [...15 remote chains...] -- 0:09:27

      Average standard deviation of split frequencies: 0.046263

      58320000 -- [-21721.289] [...15 remote chains...] -- 0:09:20
      58340000 -- (-21731.031) [...15 remote chains...] -- 0:09:13
      58360000 -- [-21729.617] [...15 remote chains...] -- 0:09:07
      58380000 -- [-21729.105] [...15 remote chains...] -- 0:09:00
      58400000 -- [-21733.230] [...15 remote chains...] -- 0:08:53

      Average standard deviation of split frequencies: 0.046305

      58420000 -- [-21725.483] [...15 remote chains...] -- 0:08:47
      58440000 -- (-21725.895) [...15 remote chains...] -- 0:08:40
      58460000 -- [-21701.746] [...15 remote chains...] -- 0:08:33
      58480000 -- [-21721.570] [...15 remote chains...] -- 0:08:27
      58500000 -- [-21730.222] [...15 remote chains...] -- 0:08:20

      Average standard deviation of split frequencies: 0.046303

      58520000 -- [-21733.652] [...15 remote chains...] -- 0:08:13
      58540000 -- [-21729.609] [...15 remote chains...] -- 0:08:07
      58560000 -- (-21747.188) [...15 remote chains...] -- 0:08:00
      58580000 -- (-21750.984) [...15 remote chains...] -- 0:07:53
      58600000 -- (-21736.460) [...15 remote chains...] -- 0:07:47

      Average standard deviation of split frequencies: 0.046316

      58620000 -- [-21721.981] [...15 remote chains...] -- 0:07:40
      58640000 -- (-21714.476) [...15 remote chains...] -- 0:07:33
      58660000 -- (-21742.737) [...15 remote chains...] -- 0:07:27
      58680000 -- [-21742.456] [...15 remote chains...] -- 0:07:20
      58700000 -- [-21718.457] [...15 remote chains...] -- 0:07:13

      Average standard deviation of split frequencies: 0.046378

      58720000 -- [-21721.641] [...15 remote chains...] -- 0:07:07
      58740000 -- [-21724.522] [...15 remote chains...] -- 0:07:00
      58760000 -- [-21721.283] [...15 remote chains...] -- 0:06:53
      58780000 -- (-21713.318) [...15 remote chains...] -- 0:06:47
      58800000 -- [-21712.783] [...15 remote chains...] -- 0:06:40

      Average standard deviation of split frequencies: 0.046445

      58820000 -- (-21737.342) [...15 remote chains...] -- 0:06:33
      58840000 -- [-21710.571] [...15 remote chains...] -- 0:06:27
      58860000 -- [-21716.950] [...15 remote chains...] -- 0:06:20
      58880000 -- [-21739.426] [...15 remote chains...] -- 0:06:13
      58900000 -- [-21724.351] [...15 remote chains...] -- 0:06:07

      Average standard deviation of split frequencies: 0.046458

      58920000 -- [-21724.089] [...15 remote chains...] -- 0:06:00
      58940000 -- [-21722.462] [...15 remote chains...] -- 0:05:53
      58960000 -- [-21720.278] [...15 remote chains...] -- 0:05:47
      58980000 -- [-21722.221] [...15 remote chains...] -- 0:05:40
      59000000 -- (-21741.081) [...15 remote chains...] -- 0:05:33

      Average standard deviation of split frequencies: 0.046512

      59020000 -- [-21719.382] [...15 remote chains...] -- 0:05:26
      59040000 -- (-21707.933) [...15 remote chains...] -- 0:05:20
      59060000 -- [-21693.094] [...15 remote chains...] -- 0:05:13
      59080000 -- (-21724.825) [...15 remote chains...] -- 0:05:06
      59100000 -- (-21747.582) [...15 remote chains...] -- 0:05:00

      Average standard deviation of split frequencies: 0.046602

      59120000 -- (-21737.209) [...15 remote chains...] -- 0:04:53
      59140000 -- [-21711.940] [...15 remote chains...] -- 0:04:46
      59160000 -- (-21726.336) [...15 remote chains...] -- 0:04:40
      59180000 -- (-21721.635) [...15 remote chains...] -- 0:04:33
      59200000 -- (-21737.724) [...15 remote chains...] -- 0:04:26

      Average standard deviation of split frequencies: 0.046691

      59220000 -- (-21742.572) [...15 remote chains...] -- 0:04:20
      59240000 -- [-21734.128] [...15 remote chains...] -- 0:04:13
      59260000 -- (-21719.063) [...15 remote chains...] -- 0:04:06
      59280000 -- (-21731.087) [...15 remote chains...] -- 0:04:00
      59300000 -- (-21733.830) [...15 remote chains...] -- 0:03:53

      Average standard deviation of split frequencies: 0.046864

      59320000 -- (-21752.574) [...15 remote chains...] -- 0:03:46
      59340000 -- (-21728.766) [...15 remote chains...] -- 0:03:40
      59360000 -- (-21728.302) [...15 remote chains...] -- 0:03:33
      59380000 -- (-21752.289) [...15 remote chains...] -- 0:03:26
      59400000 -- (-21751.508) [...15 remote chains...] -- 0:03:20

      Average standard deviation of split frequencies: 0.046857

      59420000 -- (-21753.238) [...15 remote chains...] -- 0:03:13
      59440000 -- (-21745.303) [...15 remote chains...] -- 0:03:06
      59460000 -- (-21740.809) [...15 remote chains...] -- 0:03:00
      59480000 -- (-21739.687) [...15 remote chains...] -- 0:02:53
      59500000 -- (-21744.481) [...15 remote chains...] -- 0:02:46

      Average standard deviation of split frequencies: 0.046790

      59520000 -- (-21745.042) [...15 remote chains...] -- 0:02:40
      59540000 -- (-21770.512) [...15 remote chains...] -- 0:02:33
      59560000 -- (-21715.227) [...15 remote chains...] -- 0:02:26
      59580000 -- (-21721.575) [...15 remote chains...] -- 0:02:20
      59600000 -- (-21724.061) [...15 remote chains...] -- 0:02:13

      Average standard deviation of split frequencies: 0.046759

      59620000 -- (-21725.899) [...15 remote chains...] -- 0:02:06
      59640000 -- (-21740.549) [...15 remote chains...] -- 0:02:00
      59660000 -- (-21732.639) [...15 remote chains...] -- 0:01:53
      59680000 -- (-21734.415) [...15 remote chains...] -- 0:01:46
      59700000 -- (-21740.824) [...15 remote chains...] -- 0:01:40

      Average standard deviation of split frequencies: 0.046504

      59720000 -- (-21727.125) [...15 remote chains...] -- 0:01:33
      59740000 -- [-21703.490] [...15 remote chains...] -- 0:01:26
      59760000 -- [-21709.012] [...15 remote chains...] -- 0:01:20
      59780000 -- [-21725.216] [...15 remote chains...] -- 0:01:13
      59800000 -- (-21729.297) [...15 remote chains...] -- 0:01:06

      Average standard deviation of split frequencies: 0.046424

      59820000 -- [-21738.814] [...15 remote chains...] -- 0:01:00
      59840000 -- (-21724.350) [...15 remote chains...] -- 0:00:53
      59860000 -- (-21727.423) [...15 remote chains...] -- 0:00:46
      59880000 -- [-21712.889] [...15 remote chains...] -- 0:00:40
      59900000 -- [-21716.995] [...15 remote chains...] -- 0:00:33

      Average standard deviation of split frequencies: 0.046371

      59920000 -- [-21707.436] [...15 remote chains...] -- 0:00:26
      59940000 -- [-21737.118] [...15 remote chains...] -- 0:00:20
      59960000 -- (-21718.321) [...15 remote chains...] -- 0:00:13
      59980000 -- [-21726.161] [...15 remote chains...] -- 0:00:06
      60000000 -- [-21701.556] [...15 remote chains...] -- 0:00:00

      Average standard deviation of split frequencies: 0.046287

      Analysis completed in 5 hours 33 mins 37 seconds
      Analysis used 20014.83 seconds of CPU time on processor 0
      Likelihood of best state for "cold" chain of run 1 was -21670.46
      Likelihood of best state for "cold" chain of run 2 was -21673.48
      Likelihood of best state for "cold" chain of run 3 was -21675.07
      Likelihood of best state for "cold" chain of run 4 was -21679.30

      Acceptance rates for the moves in the "cold" chain of run 1:
         With prob.   (last 1000)   chain accepted proposals by move
            22.5 %     ( 28 %)     Dirichlet(Ratemultiplier{all})
            25.1 %     ( 27 %)     Slider(Ratemultiplier{all})
             1.3 %     (  2 %)     ExtSPRClock(Tau{all},V{all})
            10.3 %     ( 14 %)     NNIClock(Tau{all},V{all})
             0.0 %     (  0 %)     ParsSPRClock(Tau{all},V{all})
             0.5 %     (  0 %)     AddBranch(V{all})
             0.5 %     (  0 %)     DelBranch(V{all})
            48.9 %     ( 50 %)     NodesliderClock(V{all})
            25.0 %     ( 26 %)     TreeStretch(V{all})
            25.9 %     ( 35 %)     Slider(Net_speciation{all})
            22.8 %     ( 27 %)     Slider(Relative_extinction{all})
            25.1 %     ( 22 %)     Slider(Relative_fossilization{all})
            23.9 %     ( 22 %)     Multiplier(Clockrate{all})
            25.9 %     ( 27 %)     Multiplier(WNvar{1})
            25.8 %     ( 24 %)     Multiplier(WNvar{2})
            26.7 %     ( 27 %)     Multiplier(WNBrlens{1})
            26.5 %     ( 26 %)     Multiplier(WNBrlens{2})

      Acceptance rates for the moves in the "cold" chain of run 2:
         With prob.   (last 1000)   chain accepted proposals by move
            22.6 %     ( 25 %)     Dirichlet(Ratemultiplier{all})
            24.9 %     ( 25 %)     Slider(Ratemultiplier{all})
             1.3 %     (  2 %)     ExtSPRClock(Tau{all},V{all})
            10.1 %     ( 10 %)     NNIClock(Tau{all},V{all})
             0.0 %     (  0 %)     ParsSPRClock(Tau{all},V{all})
             0.5 %     (  0 %)     AddBranch(V{all})
             0.5 %     (  0 %)     DelBranch(V{all})
            48.8 %     ( 46 %)     NodesliderClock(V{all})
            25.0 %     ( 24 %)     TreeStretch(V{all})
            26.4 %     ( 15 %)     Slider(Net_speciation{all})
            22.9 %     ( 29 %)     Slider(Relative_extinction{all})
            25.1 %     ( 21 %)     Slider(Relative_fossilization{all})
            23.8 %     ( 24 %)     Multiplier(Clockrate{all})
            25.8 %     ( 23 %)     Multiplier(WNvar{1})
            25.8 %     ( 27 %)     Multiplier(WNvar{2})
            26.7 %     ( 26 %)     Multiplier(WNBrlens{1})
            26.4 %     ( 24 %)     Multiplier(WNBrlens{2})

      Acceptance rates for the moves in the "cold" chain of run 3:
         With prob.   (last 1000)   chain accepted proposals by move
            22.5 %     ( 24 %)     Dirichlet(Ratemultiplier{all})
            25.2 %     ( 28 %)     Slider(Ratemultiplier{all})
             1.4 %     (  1 %)     ExtSPRClock(Tau{all},V{all})
            10.6 %     (  6 %)     NNIClock(Tau{all},V{all})
             0.0 %     (  0 %)     ParsSPRClock(Tau{all},V{all})
             0.5 %     (  0 %)     AddBranch(V{all})
             0.5 %     (  0 %)     DelBranch(V{all})
            49.0 %     ( 48 %)     NodesliderClock(V{all})
            25.0 %     ( 25 %)     TreeStretch(V{all})
            25.8 %     ( 18 %)     Slider(Net_speciation{all})
            23.3 %     ( 21 %)     Slider(Relative_extinction{all})
            25.1 %     ( 24 %)     Slider(Relative_fossilization{all})
            23.9 %     ( 24 %)     Multiplier(Clockrate{all})
            25.9 %     ( 23 %)     Multiplier(WNvar{1})
            25.8 %     ( 26 %)     Multiplier(WNvar{2})
            26.7 %     ( 22 %)     Multiplier(WNBrlens{1})
            26.5 %     ( 29 %)     Multiplier(WNBrlens{2})

      Acceptance rates for the moves in the "cold" chain of run 4:
         With prob.   (last 1000)   chain accepted proposals by move
            22.4 %     ( 28 %)     Dirichlet(Ratemultiplier{all})
            25.0 %     ( 25 %)     Slider(Ratemultiplier{all})
             1.4 %     (  2 %)     ExtSPRClock(Tau{all},V{all})
            10.4 %     ( 10 %)     NNIClock(Tau{all},V{all})
             0.0 %     (  0 %)     ParsSPRClock(Tau{all},V{all})
             0.5 %     (  1 %)     AddBranch(V{all})
             0.5 %     (  0 %)     DelBranch(V{all})
            48.9 %     ( 48 %)     NodesliderClock(V{all})
            25.2 %     ( 26 %)     TreeStretch(V{all})
            25.7 %     ( 20 %)     Slider(Net_speciation{all})
            22.3 %     ( 18 %)     Slider(Relative_extinction{all})
            25.2 %     ( 21 %)     Slider(Relative_fossilization{all})
            23.9 %     ( 24 %)     Multiplier(Clockrate{all})
            25.9 %     ( 24 %)     Multiplier(WNvar{1})
            25.7 %     ( 26 %)     Multiplier(WNvar{2})
            26.7 %     ( 26 %)     Multiplier(WNBrlens{1})
            26.4 %     ( 26 %)     Multiplier(WNBrlens{2})

      Chain swap information for run 1:

                     1         2         3         4 
           ------------------------------------------
         1 |                0.24      0.03      0.00 
         2 |  10003348                0.31      0.06 
         3 |  10000855  10004010                0.37 
         4 |   9997269   9997046   9997472           

      Chain swap information for run 2:

                     1         2         3         4 
           ------------------------------------------
         1 |                0.26      0.03      0.00 
         2 |   9999249                0.31      0.03 
         3 |   9994606  10001425                0.26 
         4 |  10001382  10001570  10001768           

      Chain swap information for run 3:

                     1         2         3         4 
           ------------------------------------------
         1 |                0.28      0.04      0.00 
         2 |  10000264                0.33      0.06 
         3 |   9994993  10001286                0.37 
         4 |  10001690  10001233  10000534           

      Chain swap information for run 4:

                     1         2         3         4 
           ------------------------------------------
         1 |                0.29      0.04      0.00 
         2 |   9997388                0.34      0.06 
         3 |  10002930   9998228                0.37 
         4 |   9999773   9999755  10001926           

      Upper diagonal: Proportion of successful state exchanges between chains
      Lower diagonal: Number of attempted state exchanges between chains

      Chain information:

        ID -- Heat 
       -----------
         1 -- 1.00  (cold chain)
         2 -- 0.93 
         3 -- 0.88 
         4 -- 0.83 

      Heat = 1 / (1 + T * (ID - 1))
         (where T = 0.07 is the temperature and ID is the chain number)

      Summarizing trees in files "data_disc.run1.t", "data_disc.run2.t",...,"data_disc.run4.t"
      Using relative burnin ('relburnin=yes'), discarding the first 30 % of sampled trees
      Writing statistics to files data_disc.<parts|tstat|vstat|trprobs|con>
      Examining first file ...
      Found one tree block in file "data_disc.run1.t" with 50001 trees in last block
      Expecting the same number of trees in the last tree block of all files

      Tree reading status:

      0      10      20      30      40      50      60      70      80      90     100
      v-------v-------v-------v-------v-------v-------v-------v-------v-------v-------v
      *********************************************************************************

      Read a total of 200004 trees in 4 files (sampling 140004 of them)
         (Each file contained 50001 trees of which 35001 were sampled)
      Overwriting file "data_disc.parts"
      Overwriting file "data_disc.tstat"
      Overwriting file "data_disc.vstat"
      Overwriting file "data_disc.con.tre"
      Overwriting file "data_disc.trprobs"
                                                                                   
      General explanation:                                                          
                                                                                   
      In an unrooted tree, a taxon bipartition (split) is specified by removing a   
      branch, thereby dividing the species into those to the left and those to the  
      right of the branch. Here, taxa to one side of the removed branch are denoted 
      '.' and those to the other side are denoted '*'. Specifically, the '.' symbol 
      is used for the taxa on the same side as the outgroup.                        
                                                                                   
      In a rooted or clock tree, the tree is rooted using the model and not by      
      reference to an outgroup. Each bipartition therefore corresponds to a clade,  
      that is, a group that includes all the descendants of a particular branch in  
      the tree.  Taxa that are included in each clade are denoted using '*', and    
      taxa that are not included are denoted using the '.' symbol.                  
                                                                                   
      The output first includes a key to all the bipartitions with frequency larger 
      or equal to (Minpartfreq) in at least one run. Minpartfreq is a parameter to  
      sumt command and currently it is set to 0.10.  This is followed by a table  
      with statistics for the informative bipartitions (those including at least    
      two taxa), sorted from highest to lowest probability. For each bipartition,   
      the table gives the number of times the partition or split was observed in all
      runs (#obs) and the posterior probability of the bipartition (Probab.), which 
      is the same as the split frequency. If several runs are summarized, this is   
      followed by the minimum split frequency (Min(s)), the maximum frequency       
      (Max(s)), and the standard deviation of frequencies (Stddev(s)) across runs.  
      The latter value should approach 0 for all bipartitions as MCMC runs converge.
                                                                                   
      This is followed by a table summarizing branch lengths, node heights (if a    
      clock model was used) and relaxed clock parameters (if a relaxed clock model  
      was used). The mean, variance, and 95 % credible interval are given for each 
      of these parameters. If several runs are summarized, the potential scale      
      reduction factor (PSRF) is also given; it should approach 1 as runs converge. 
      Node heights will take calibration points into account, if such points were   
      used in the analysis.                                                         
                                                                                    
      Note that Stddev may be unreliable if the partition is not present in all     
      runs (the last column indicates the number of runs that sampled the partition 
      if more than one run is summarized). The PSRF is not calculated at all if     
      the partition is not present in all runs.The PSRF is also sensitive to small  
      sample sizes and it should only be considered a rough guide to convergence    
      since some of the assumptions allowing one to interpret it as a true potential
      scale reduction factor are violated in MrBayes.                               
                                                                                    
      List of taxa in bipartitions:                                                 
                                                                                   
         1 -- Habilis_OH7_OH24_ER1805
         2 -- Antecessor
         3 -- Narmada
         4 -- Eliye_Springs
         5 -- Ndutu
         6 -- Irhoud_1_2
         7 -- Florisbad
         8 -- Omo_II
         9 -- LH_18
        10 -- Skhul_V_IX
        11 -- Qafzeh_IX
        12 -- Mladec_I_II_V_VI
        13 -- Cro_Magnon_I_II_III
        14 -- Oase_1_2
        15 -- ZKD_UC_101_103
        16 -- Liujiang
        17 -- SH4_5
        18 -- Tabun_1
        19 -- Tabun_2
        20 -- Spy_I_II
        21 -- Gibraltar_1
        22 -- Amud
        23 -- La_Chapelle_aux_Saint
        24 -- La_Ferrassie_1
        25 -- Shanidar_1_5
        26 -- Cesaire
        27 -- Saccopastore_I_II
        28 -- Neanderthalensis_type
        29 -- Xiahe
        30 -- Dali
        31 -- Hualongdong
        32 -- Harbin
        33 -- Jinniushan
        34 -- Maba
        35 -- Xuchang
        36 -- Mauer_1
        37 -- Arago_II_XIII_XXI_XLVII
        38 -- Broken_Hill
        39 -- Petralona_1
        40 -- Ceprano
        41 -- Steinheim_s11
        42 -- Saldanha
        43 -- Bodo
        44 -- Ternifine_1_2_3_4
        45 -- Peking_X_XII_XIII_LII_RC
        46 -- Nanjing1
        47 -- Hexian
        48 -- Sambungmacan_1_3
        49 -- Sangiran_2_17
        50 -- Ngandong7_9_12
        51 -- Dmanisi
        52 -- Rabat
        53 -- STW53
        54 -- OH_9
        55 -- Turkana_ER3733_3883

      Key to taxon bipartitions (saved to file "data_disc.parts"):

       ID -- Partition
      --------------------------------------------------------------
        0 -- *******************************************************
        1 -- *......................................................
        2 -- .*.....................................................
        3 -- ..*....................................................
        4 -- ...*...................................................
        5 -- ....*..................................................
        6 -- .....*.................................................
        7 -- ......*................................................
        8 -- .......*...............................................
        9 -- ........*..............................................
       10 -- .........*.............................................
       11 -- ..........*............................................
       12 -- ...........*...........................................
       13 -- ............*..........................................
       14 -- .............*.........................................
       15 -- ..............*........................................
       16 -- ...............*.......................................
       17 -- ................*......................................
       18 -- .................*.....................................
       19 -- ..................*....................................
       20 -- ...................*...................................
       21 -- ....................*..................................
       22 -- .....................*.................................
       23 -- ......................*................................
       24 -- .......................*...............................
       25 -- ........................*..............................
       26 -- .........................*.............................
       27 -- ..........................*............................
       28 -- ...........................*...........................
       29 -- ............................*..........................
       30 -- .............................*.........................
       31 -- ..............................*........................
       32 -- ...............................*.......................
       33 -- ................................*......................
       34 -- .................................*.....................
       35 -- ..................................*....................
       36 -- ...................................*...................
       37 -- ....................................*..................
       38 -- .....................................*.................
       39 -- ......................................*................
       40 -- .......................................*...............
       41 -- ........................................*..............
       42 -- .........................................*.............
       43 -- ..........................................*............
       44 -- ...........................................*...........
       45 -- ............................................*..........
       46 -- .............................................*.........
       47 -- ..............................................*........
       48 -- ...............................................*.......
       49 -- ................................................*......
       50 -- .................................................*.....
       51 -- ..................................................*....
       52 -- ...................................................*...
       53 -- ....................................................*..
       54 -- .....................................................*.
       55 -- ......................................................*
       56 -- .******************************************************
       57 -- ..........*..*.........................................
       58 -- .....................*...*.............................
       59 -- ............................................**.........
       60 -- ...........**..*.......................................
       61 -- .....................................**................
       62 -- .*************************************************.*.**
       63 -- ...................*.......*...........................
       64 -- ..................................................*.*..
       65 -- ............................................****.*.....
       66 -- .*************************************************.*.*.
       67 -- ...............................................*.*.....
       68 -- ......**********..*....................................
       69 -- .......................**..............................
       70 -- .............................**........................
       71 -- .......*.*******.......................................
       72 -- .*************************************************.*...
       73 -- .....***********..*....................................
       74 -- .................*.*********...........................
       75 -- .*******************************************.......*...
       76 -- ............................*****......................
       77 -- ......*...........*....................................
       78 -- ....************.***********.....*......*..............
       79 -- .....................*.***.............................
       80 -- .................*..*.*................................
       81 -- ..............................................**.*.....
       82 -- ..........****.*.......................................
       83 -- ..........******.......................................
       84 -- .***********************************************.*.*...
       85 -- ............*..*.......................................
       86 -- ............................*..*.......................
       87 -- ..**........................*****......................
       88 -- ............................****.......................
       89 -- .................................*......*..............
       90 -- ...*........................*****......................
       91 -- ...................................*****.**............
       92 -- .........*******.......................................
       93 -- .................*..*..................................
       94 -- .................*.*******.*...........................
       95 -- .......................................*..*............
       96 -- .....................................**..*.............
       97 -- ...................................*...*..*............
       98 -- ..................................***..................
       99 -- ......*.*.........*....................................
      100 -- ...................................*...*...............
      101 -- .......*********.......................................
      102 -- ...........**.**.......................................
      103 -- ...................................*.***..*............
      104 -- ...........**..........................................
      105 -- .*..************************.....****...*..*...........
      106 -- ....************************.....**.....*..............
      107 -- .*..************************.....**.....*..............
      108 -- ............................................******.....
      109 -- .**********************************.....*..........*...
      110 -- .....................................***.**............
      111 -- ............................................**.*.*.....
      112 -- .................*..******.............................
      113 -- ....................................*....*.............
      114 -- .................*.*********.....*......*..............
      115 -- ....************************.....*......*..............
      116 -- ..**........................*****..................*...
      117 -- ............................*...*......................
      118 -- .......*..******.......................................
      119 -- ..................................*.*..................
      120 -- .******************************************........*...
      121 -- ....*............*.*********.....*......*..............
      122 -- ................*.................*....................
      123 -- ......................***..............................
      124 -- .................*.*********.....*.....................
      125 -- .....................*****.............................
      126 -- .************************************...*..*...........
      127 -- ..*.........................*****......................
      128 -- ..*................................................*...
      129 -- ....*...................................*..............
      130 -- .............................***.......................
      131 -- .*..************************.....*......*..............
      132 -- .************************************...*..*.......*...
      133 -- ...................................**..................
      134 -- .....................................***.**........*...
      135 -- .................*....*................................
      136 -- ...................*......**...........................
      137 -- .*******************************************...........
      138 -- ....*............................*......*..............
      139 -- .......................................*..*........*...
      140 -- .................*.**.*....*...........................
      141 -- ..................................***......*...........
      142 -- ...................**......*...........................
      143 -- ....................*.*................................
      144 -- .......*.*.............................................
      145 -- ...................*******.*...........................
      146 -- ....*.............................*....................
      147 -- ........*.........*....................................
      148 -- ................**.*********...........................
      149 -- ...................*.*.***.*...........................
      150 -- ................**........*............................
      151 -- .....................................***..*............
      152 -- .**********************************.....*..............
      153 -- ............................***........................
      154 -- .................*........*............................
      155 -- .......*......*........................................
      156 -- .*************************************************.....
      157 -- .....***********.***********.....*......*..............
      158 -- .*..************.***********.....*......*..............
      159 -- ....************.***********.....**.....*..............
      160 -- ....************..*....................................
      161 -- ...........*...*.......................................
      162 -- .......*********..*....................................
      163 -- .***********************************************.*.....
      164 -- .......................................*...........*...
      165 -- .......*..........*....................................
      166 -- .......*...**.**.......................................
      167 -- ...*...............................................*...
      168 -- .............................**.*......................
      169 -- ...................................................*.*.
      170 -- .................*...*****.............................
      171 -- .*..************************....***.....*..............
      172 -- ............................**.........................
      173 -- .*..************************.....**.....*..........*...
      174 -- ..........................................*........*...
      175 -- ....*.**********.***********.....*......*..............
      176 -- ................................**.....................
      177 -- ....************************....***.....*..............
      178 -- ..**........................****...................*...
      179 -- ....************..*...............*....................
      180 -- ....************************......*....................
      181 -- ....************.***********....**......*..............
      --------------------------------------------------------------

      Summary statistics for informative taxon bipartitions (clades)
         (saved to file "data_disc.tstat"):

       ID   #obs      Probab.     Sd(s)+      Min(s)      Max(s)   Nruns 
      -------------------------------------------------------------------
       56  140004    1.000000    0.000000    1.000000    1.000000    4
       57  139953    0.999636    0.000691    0.998600    1.000000    4
       58  139807    0.998593    0.001391    0.996743    0.999971    4
       59  139769    0.998321    0.001375    0.996457    0.999600    4
       60  137619    0.982965    0.005796    0.976315    0.990286    4
       61  137322    0.980843    0.003530    0.975915    0.983658    4
       62  137004    0.978572    0.006027    0.972744    0.986200    4
       63  136603    0.975708    0.004608    0.970115    0.979886    4
       64  135065    0.964722    0.007244    0.960173    0.975458    4
       65  135056    0.964658    0.005608    0.956430    0.969001    4
       66  133290    0.952044    0.006986    0.945744    0.960773    4
       67  130620    0.932973    0.007927    0.924259    0.941287    4
       68  130249    0.930323    0.005111    0.922945    0.934459    4
       69  129748    0.926745    0.027730    0.899774    0.956973    4
       70  126948    0.906746    0.046000    0.841605    0.943716    4
       71  125558    0.896817    0.013013    0.877975    0.906088    4
       72  125551    0.896767    0.010147    0.885060    0.905746    4
       73  124418    0.888675    0.045198    0.836719    0.939145    4
       74  120938    0.863818    0.157822    0.700980    0.999429    4
       75  118589    0.847040    0.017396    0.832348    0.870032    4
       76  114677    0.819098    0.131945    0.649953    0.925459    4
       77   98564    0.704008    0.030361    0.678152    0.740636    4
       78   96493    0.689216    0.160709    0.540527    0.866432    4
       79   95423    0.681573    0.101848    0.591983    0.786492    4
       80   90636    0.647382    0.131103    0.520957    0.789577    4
       81   82839    0.591690    0.012514    0.573555    0.602269    4
       82   81165    0.579733    0.023517    0.546327    0.598097    4
       83   80086    0.572027    0.012173    0.554898    0.583640    4
       84   79418    0.567255    0.056075    0.516985    0.620468    4
       85   76452    0.546070    0.023677    0.514328    0.565584    4
       86   76112    0.543642    0.058831    0.457273    0.589297    4
       87   75969    0.542620    0.096170    0.411874    0.624725    4
       88   74885    0.534878    0.049273    0.482615    0.590126    4
       89   72453    0.517507    0.003973    0.512757    0.522157    4
       90   70361    0.502564    0.073150    0.406360    0.563155    4
       91   69838    0.498829    0.114230    0.397103    0.648953    4
       92   69144    0.493872    0.012614    0.477643    0.507500    4
       93   66842    0.477429    0.086852    0.378161    0.565498    4
       94   63411    0.452923    0.064338    0.392189    0.521499    4
       95   58398    0.417117    0.043957    0.364247    0.456501    4
       96   56493    0.403510    0.086006    0.302848    0.475386    4
       97   55583    0.397010    0.088135    0.315191    0.506557    4
       98   53944    0.385303    0.104756    0.254764    0.482500    4
       99   53546    0.382461    0.013274    0.372047    0.401817    4
      100   51972    0.371218    0.074334    0.297420    0.456016    4
      101   50939    0.363840    0.021885    0.340619    0.387875    4
      102   49669    0.354768    0.027440    0.330591    0.394074    4
      103   49495    0.353526    0.073028    0.288677    0.437388    4
      104   49157    0.351111    0.025057    0.331991    0.387875    4
      105   48132    0.343790    0.110764    0.212280    0.436530    4
      106   47199    0.337126    0.028685    0.313420    0.377932    4
      107   46024    0.328733    0.016130    0.307534    0.346733    4
      108   43506    0.310748    0.056025    0.260650    0.369789    4
      109   42657    0.304684    0.106684    0.209365    0.440416    4
      110   42557    0.303970    0.067157    0.216108    0.361675    4
      111   42123    0.300870    0.008600    0.291077    0.311820    4
      112   41856    0.298963    0.046381    0.245764    0.342790    4
      113   40383    0.288442    0.070053    0.221708    0.370018    4
      114   38137    0.272399    0.066088    0.209080    0.333305    4
      115   36722    0.262293    0.080582    0.160167    0.342305    4
      116   36525    0.260885    0.018400    0.239279    0.278335    4
      117   35849    0.256057    0.033414    0.214880    0.292906    4
      118   35765    0.255457    0.009193    0.247079    0.264878    4
      119   34934    0.249521    0.068507    0.162281    0.305363    4
      120   34590    0.247064    0.089792    0.167795    0.357790    4
      121   34511    0.246500    0.064812    0.181652    0.307963    4
      122   33609    0.240057    0.013639    0.223336    0.256450    4
      123   33562    0.239722    0.101770    0.131196    0.336562    4
      124   33560    0.239707    0.073671    0.168424    0.311763    4
      125   32841    0.234572    0.104127    0.121397    0.335533    4
      126   32539    0.232415    0.090306    0.119711    0.307191    4
      127   31689    0.226344    0.038890    0.175138    0.259393    4
      128   30811    0.220072    0.040617    0.188623    0.273906    4
      129   30593    0.218515    0.028402    0.189509    0.242964    4
      130   29888    0.213480    0.015227    0.191337    0.226022    4
      131   29229    0.208773    0.063620    0.135282    0.269592    4
      132   27401    0.195716    0.032306    0.158510    0.232222    4
      133   27032    0.193080    0.023024    0.166167    0.219622    4
      134   26784    0.191309    0.061698    0.116054    0.254107    4
      135   26619    0.190130    0.020526    0.160767    0.204566    4
      136   25725    0.183745    0.035787    0.140025    0.221851    4
      137   25331    0.180931    0.025407    0.149139    0.206366    4
      138   24321    0.173716    0.028777    0.143910    0.198994    4
      139   23539    0.168131    0.046817    0.108597    0.216365    4
      140   23520    0.167995    0.026073    0.141053    0.190737    4
      141   21789    0.155631    0.051366    0.094483    0.207308    4
      142   21461    0.153288    0.084278    0.067827    0.241936    4
      143   21025    0.150174    0.037961    0.112511    0.189109    4
      144   20928    0.149481    0.001339    0.148024    0.151081    4
      145   20706    0.147896    0.134032    0.024571    0.274421    4
      146   19944    0.142453    0.118418    0.022542    0.259621    4
      147   19375    0.138389    0.016782    0.123054    0.158338    4
      148   19363    0.138303    0.159909    0.000000    0.286649    2 *
      149   18610    0.132925    0.032262    0.101654    0.169395    4
      150   17368    0.124054    0.144816    0.000000    0.274164    2 *
      151   17258    0.123268    0.013189    0.110911    0.135796    4
      152   17142    0.122439    0.017060    0.101340    0.140053    4
      153   16160    0.115425    0.051841    0.075084    0.189937    4
      154   16062    0.114725    0.086351    0.030113    0.191680    4
      155   15897    0.113547    0.008881    0.105511    0.125568    4
      156   15884    0.113454    0.010762    0.103711    0.124996    4
      157   15330    0.109497    0.022639    0.087112    0.131396    4
      158   15169    0.108347    0.017496    0.089626    0.124968    4
      159   14656    0.104683    0.048783    0.041685    0.157167    4
      160   14549    0.103918    0.014008    0.091855    0.122197    4
      161   14306    0.102183    0.007857    0.096369    0.113340    4
      162   14265    0.101890    0.015616    0.093854    0.125311    4
      163   13199    0.094276    0.008605    0.082769    0.103111    4
      164   13082    0.093440    0.021085    0.068655    0.119654    4
      165   12988    0.092769    0.015864    0.080569    0.114711    4
      166   12491    0.089219    0.009327    0.080055    0.101969    4
      167   12467    0.089047    0.017624    0.065998    0.104140    4
      168   12224    0.087312    0.023363    0.061513    0.108654    4
      169   12193    0.087090    0.010125    0.077426    0.100111    4
      170   12137    0.086690    0.022155    0.070112    0.117568    4
      171   11749    0.083919    0.105172    0.000000    0.221479    3 *
      172   10860    0.077569    0.035095    0.047541    0.126625    4
      173   10809    0.077205    0.019514    0.058255    0.103883    4
      174   10630    0.075926    0.031117    0.038999    0.106454    4
      175    9754    0.069669    0.061270    0.016000    0.135453    4
      176    8430    0.060213    0.066191    0.000000    0.120054    3 *
      177    8375    0.059820    0.089582    0.000000    0.190109    3 *
      178    8199    0.058563    0.068150    0.000000    0.138282    3 *
      179    6413    0.045806    0.046235    0.005028    0.102111    4
      180    4831    0.034506    0.047348    0.000000    0.100340    2 *
      181    3927    0.028049    0.051974    0.000000    0.105883    2 *
      -------------------------------------------------------------------
      + Convergence diagnostic (standard deviation of split frequencies)
        should approach 0.0 as runs converge.

      * The partition was not found in all runs so the values are unreliable

      Summary statistics for branch and node parameters
         (saved to file "data_disc.vstat"):

                                                           95% HPD Interval
                                                         --------------------
      Parameter                   Mean       Variance     Lower       Upper       Median     PSRF+  Nruns
      ---------------------------------------------------------------------------------------------------
      length{all}[1]             1.692653    0.036980    1.336657    2.088235    1.679703    1.001    4
      length{all}[2]             0.283925    0.016273    0.055971    0.522878    0.268336    1.002    4
      length{all}[3]             0.525325    0.097689    0.000000    1.003004    0.557421    1.002    4
      length{all}[4]             0.864505    0.087322    0.000000    1.278802    0.892068    1.002    4
      length{all}[5]             0.590344    0.036178    0.237878    0.974365    0.595506    1.005    4
      length{all}[6]             0.581999    0.017839    0.332381    0.853272    0.571927    1.000    4
      length{all}[7]             0.149149    0.046675    0.000000    0.570060    0.000000    1.001    4
      length{all}[8]             0.351557    0.026795    0.000000    0.590228    0.370466    1.001    4
      length{all}[9]             0.545421    0.035833    0.000000    0.791751    0.573767    1.000    4
      length{all}[10]            0.539619    0.014636    0.307574    0.782672    0.537302    1.001    4
      length{all}[11]            0.307336    0.009845    0.117360    0.500341    0.300563    1.002    4
      length{all}[12]            0.309756    0.009732    0.122400    0.499250    0.305889    1.001    4
      length{all}[13]            0.269273    0.006738    0.119361    0.435638    0.262127    1.001    4
      length{all}[14]            0.352025    0.010153    0.159655    0.546203    0.344739    1.001    4
      length{all}[15]            0.526765    0.011971    0.318993    0.743712    0.522769    1.000    4
      length{all}[16]            0.233829    0.007002    0.078308    0.399664    0.227577    1.000    4
      length{all}[17]            0.727399    0.076355    0.089255    1.117511    0.789074    1.033    4
      length{all}[18]            0.311851    0.023534    0.068636    0.641060    0.279141    1.029    4
      length{all}[19]            0.271549    0.025105    0.018079    0.625843    0.243735    1.001    4
      length{all}[20]            0.310552    0.017448    0.075163    0.569274    0.296771    1.000    4
      length{all}[21]            0.395622    0.018033    0.163477    0.666109    0.375859    1.014    4
      length{all}[22]            0.379771    0.010484    0.175260    0.576013    0.376150    1.000    4
      length{all}[23]            0.423338    0.013981    0.194320    0.654923    0.418386    1.000    4
      length{all}[24]            0.262661    0.008805    0.083697    0.443386    0.255262    1.000    4
      length{all}[25]            0.299844    0.009022    0.116884    0.481329    0.292524    1.000    4
      length{all}[26]            0.361086    0.010676    0.160666    0.563712    0.357594    1.005    4
      length{all}[27]            0.389899    0.016120    0.145840    0.634204    0.387742    1.003    4
      length{all}[28]            0.308627    0.018433    0.069555    0.571775    0.293422    1.000    4
      length{all}[29]            0.184758    0.039120    0.000000    0.590828    0.148337    1.002    4
      length{all}[30]            0.257438    0.011541    0.000000    0.435970    0.255063    1.000    4
      length{all}[31]            0.211830    0.008263    0.050454    0.393641    0.201076    1.002    4
      length{all}[32]            0.366873    0.088987    0.008285    0.817902    0.410451    1.005    4
      length{all}[33]            0.434839    0.082085    0.000000    0.889706    0.477275    1.006    4
      length{all}[34]            0.545705    0.028782    0.229093    0.890719    0.540969    1.003    4
      length{all}[35]            1.028763    0.055480    0.600999    1.484542    1.022510    1.005    4
      length{all}[36]            0.332603    0.013735    0.087506    0.569386    0.332873    1.004    4
      length{all}[37]            0.610042    0.049389    0.187509    1.035043    0.603262    1.004    4
      length{all}[38]            0.506353    0.025681    0.207079    0.826715    0.495865    1.000    4
      length{all}[39]            0.488627    0.027158    0.184523    0.812767    0.475590    1.000    4
      length{all}[40]            0.075566    0.007926    0.000000    0.247064    0.048982    1.004    4
      length{all}[41]            0.560339    0.037575    0.212083    0.960907    0.548703    1.005    4
      length{all}[42]            0.867138    0.052413    0.424156    1.312610    0.869005    1.000    4
      length{all}[43]            0.504835    0.021881    0.000000    0.693520    0.519547    1.001    4
      length{all}[44]            0.598539    0.037981    0.225019    0.978964    0.593050    1.004    4
      length{all}[45]            0.484633    0.025457    0.195382    0.805324    0.471749    1.000    4
      length{all}[46]            0.272052    0.015618    0.043370    0.511081    0.258854    1.000    4
      length{all}[47]            0.862878    0.079885    0.318634    1.412087    0.839951    1.001    4
      length{all}[48]            0.688075    0.046654    0.281809    1.117576    0.674541    1.001    4
      length{all}[49]            0.248055    0.015025    0.028539    0.484856    0.235523    1.002    4
      length{all}[50]            0.805992    0.055629    0.366558    1.275560    0.783284    1.000    4
      length{all}[51]            0.543469    0.021163    0.279341    0.835301    0.530498    1.001    4
      length{all}[52]            1.012019    0.305336    0.068822    2.090827    0.909461    1.003    4
      length{all}[53]            0.340849    0.025291    0.066171    0.647707    0.319743    1.001    4
      length{all}[54]            0.463624    0.045711    0.000000    0.800269    0.467950    1.000    4
      length{all}[55]            0.477582    0.027374    0.166632    0.800300    0.466000    1.001    4
      length{all}[56]            0.914996    0.054696    0.449015    1.374933    0.912514    1.001    4
      length{all}[57]            0.122734    0.005016    0.009625    0.260622    0.111248    1.000    4
      length{all}[58]            0.133628    0.006053    0.012195    0.285487    0.120351    1.001    4
      length{all}[59]            0.393077    0.031989    0.071394    0.740576    0.374428    1.000    4
      length{all}[60]            0.125898    0.005026    0.011102    0.262834    0.114287    1.000    4
      length{all}[61]            0.436617    0.035556    0.077745    0.791526    0.426962    1.001    4
      length{all}[62]            0.515281    0.041938    0.127251    0.912224    0.499700    1.001    4
      length{all}[63]            0.337817    0.021427    0.059206    0.615811    0.330096    1.001    4
      length{all}[64]            0.349682    0.026521    0.056405    0.664032    0.332190    1.000    4
      length{all}[65]            0.582872    0.051800    0.141990    1.024683    0.577334    1.002    4
      length{all}[66]            0.388916    0.030024    0.074866    0.730778    0.374115    1.000    4
      length{all}[67]            0.530135    0.058047    0.078337    0.991492    0.516042    1.000    4
      length{all}[68]            0.161787    0.007913    0.015279    0.333733    0.147482    1.000    4
      length{all}[69]            0.200949    0.009985    0.023813    0.391087    0.190346    1.002    4
      length{all}[70]            0.169763    0.008944    0.018028    0.353255    0.154759    1.000    4
      length{all}[71]            0.153527    0.006147    0.022869    0.307353    0.142509    1.000    4
      length{all}[72]            0.337153    0.026898    0.044073    0.651476    0.316546    1.001    4
      length{all}[73]            0.176787    0.009612    0.018267    0.365845    0.160762    1.002    4
      length{all}[74]            0.318617    0.021908    0.052431    0.600426    0.304345    1.004    4
      length{all}[75]            0.358415    0.028154    0.059048    0.683530    0.341418    1.005    4
      length{all}[76]            0.338289    0.029075    0.036119    0.660816    0.319984    1.001    4
      length{all}[77]            0.418134    0.020862    0.128146    0.696915    0.421143    1.000    4
      length{all}[78]            0.196887    0.011716    0.013569    0.408553    0.181713    1.002    4
      length{all}[79]            0.142771    0.006648    0.010681    0.301217    0.129428    1.000    4
      length{all}[80]            0.169596    0.007558    0.023037    0.339750    0.158457    1.000    4
      length{all}[81]            0.312735    0.039496    0.010460    0.690168    0.279246    1.001    4
      length{all}[82]            0.098294    0.003174    0.008243    0.207396    0.088263    1.000    4
      length{all}[83]            0.099781    0.003725    0.006737    0.219745    0.088090    1.000    4
      length{all}[84]            0.290080    0.025544    0.019874    0.589666    0.273730    1.002    4
      length{all}[85]            0.099373    0.004062    0.006487    0.225370    0.086497    1.000    4
      length{all}[86]            0.519298    0.037859    0.078401    0.852348    0.538896    1.000    4
      length{all}[87]            0.302837    0.029436    0.016702    0.622336    0.281852    1.001    4
      length{all}[88]            0.185363    0.019445    0.005797    0.475396    0.148743    1.024    4
      length{all}[89]            0.233505    0.017629    0.014709    0.485670    0.214901    1.004    4
      length{all}[90]            0.305210    0.032943    0.012985    0.644982    0.280510    1.000    4
      length{all}[91]            0.213735    0.011522    0.028962    0.422381    0.200911    1.001    4
      length{all}[92]            0.109539    0.004803    0.008132    0.247270    0.095335    1.000    4
      length{all}[93]            0.129354    0.007030    0.006627    0.292736    0.111578    1.001    4
      length{all}[94]            0.116891    0.005147    0.007114    0.255673    0.102999    1.002    4
      length{all}[95]            0.104445    0.004599    0.006987    0.239404    0.089915    1.000    4
      length{all}[96]            0.336915    0.033730    0.025240    0.686563    0.316609    1.001    4
      length{all}[97]            0.077738    0.002462    0.006348    0.174684    0.066815    1.001    4
      length{all}[98]            0.337879    0.022058    0.061992    0.622237    0.328195    1.002    4
      length{all}[99]            0.142733    0.009313    0.004825    0.332152    0.120997    1.000    4
      length{all}[100]           0.102720    0.003055    0.009309    0.211144    0.094264    1.000    4
      length{all}[101]           0.105442    0.004562    0.005779    0.238639    0.091473    1.000    4
      length{all}[102]           0.131354    0.005569    0.008608    0.273365    0.119125    1.002    4
      length{all}[103]           0.092577    0.003373    0.007215    0.207334    0.080327    1.000    4
      length{all}[104]           0.086604    0.002922    0.004949    0.193908    0.075651    1.001    4
      length{all}[105]           0.096093    0.003533    0.008144    0.212406    0.084601    1.000    4
      length{all}[106]           0.166290    0.010693    0.008187    0.364990    0.147662    1.002    4
      length{all}[107]           0.103417    0.004027    0.005532    0.226735    0.090862    1.002    4
      length{all}[108]           0.159439    0.009392    0.009333    0.345647    0.141706    1.001    4
      length{all}[109]           0.130999    0.005995    0.012233    0.284695    0.116741    1.003    4
      length{all}[110]           0.356710    0.024340    0.045079    0.639007    0.353951    1.002    4
      length{all}[111]           0.259995    0.036244    0.007154    0.643238    0.216178    1.000    4
      length{all}[112]           0.092019    0.003756    0.003717    0.211708    0.078740    1.000    4
      length{all}[113]           0.221868    0.021365    0.008316    0.498210    0.194232    1.000    4
      length{all}[114]           0.149325    0.008514    0.006674    0.328343    0.133273    1.000    4
      length{all}[115]           0.135555    0.008438    0.005114    0.315354    0.115877    1.004    4
      length{all}[116]           0.229900    0.020330    0.011699    0.504099    0.205925    1.002    4
      length{all}[117]           0.450406    0.026467    0.091948    0.763724    0.451103    1.001    4
      length{all}[118]           0.083291    0.002964    0.005147    0.190655    0.071728    1.000    4
      length{all}[119]           0.239530    0.020842    0.010208    0.509812    0.218525    1.000    4
      length{all}[120]           0.124819    0.006511    0.005825    0.277875    0.108652    1.000    4
      length{all}[121]           0.105748    0.005560    0.005401    0.253611    0.087760    1.000    4
      length{all}[122]           0.222225    0.019884    0.009586    0.490785    0.198046    1.001    4
      length{all}[123]           0.149151    0.006972    0.014755    0.312912    0.137016    1.002    4
      length{all}[124]           0.217825    0.016145    0.011465    0.459282    0.198825    1.000    4
      length{all}[125]           0.129747    0.005769    0.008919    0.274266    0.116664    1.003    4
      length{all}[126]           0.157387    0.007804    0.016070    0.328293    0.144331    1.001    4
      length{all}[127]           0.217075    0.020240    0.006403    0.493282    0.189392    1.000    4
      length{all}[128]           0.425731    0.045799    0.024027    0.806155    0.415567    1.000    4
      length{all}[129]           0.168389    0.010441    0.007779    0.365574    0.149615    1.001    4
      length{all}[130]           0.140911    0.008885    0.006769    0.323123    0.121640    1.001    4
      length{all}[131]           0.090983    0.003312    0.007239    0.204619    0.078467    1.000    4
      length{all}[132]           0.164372    0.008100    0.021400    0.344131    0.149734    1.000    4
      length{all}[133]           0.238258    0.024022    0.008083    0.529195    0.211902    1.001    4
      length{all}[134]           0.342883    0.022660    0.045835    0.618372    0.337735    1.003    4
      length{all}[135]           0.106329    0.005150    0.004500    0.248774    0.090473    1.005    4
      length{all}[136]           0.120214    0.005675    0.005567    0.265678    0.105409    1.001    4
      length{all}[137]           0.314757    0.026095    0.027023    0.617131    0.295630    1.006    4
      length{all}[138]           0.142122    0.008849    0.006548    0.327102    0.122254    1.000    4
      length{all}[139]           0.107409    0.004863    0.004749    0.244842    0.092715    1.001    4
      length{all}[140]           0.090349    0.003378    0.005812    0.205155    0.077715    1.002    4
      length{all}[141]           0.109847    0.005613    0.005990    0.259319    0.092419    1.000    4
      length{all}[142]           0.159568    0.009683    0.011791    0.352366    0.141752    1.001    4
      length{all}[143]           0.099632    0.004831    0.005125    0.238292    0.083226    1.002    4
      length{all}[144]           0.087397    0.003646    0.003780    0.208314    0.073073    1.000    4
      length{all}[145]           0.189815    0.011390    0.014350    0.391517    0.174877    1.010    4
      length{all}[146]           0.220747    0.014209    0.015328    0.445612    0.203542    1.001    4
      length{all}[147]           0.427756    0.039793    0.036557    0.753098    0.444138    1.000    4
      length{all}[148]           0.222256    0.011923    0.035759    0.430989    0.209826     NA      2 *
      length{all}[149]           0.089641    0.003743    0.003458    0.209773    0.075147    1.001    4
      length{all}[150]           0.104230    0.003436    0.014415    0.220083    0.093447     NA      2 *
      length{all}[151]           0.122240    0.006532    0.006866    0.279752    0.105554    1.001    4
      length{all}[152]           0.127208    0.006327    0.009137    0.283552    0.111840    1.002    4
      length{all}[153]           0.167022    0.010687    0.006710    0.363061    0.149291    1.006    4
      length{all}[154]           0.128525    0.006359    0.009500    0.283790    0.114071    1.006    4
      length{all}[155]           0.095924    0.004123    0.006327    0.224098    0.081831    1.002    4
      length{all}[156]           0.318821    0.025779    0.022472    0.618229    0.300148    1.003    4
      length{all}[157]           0.096866    0.004573    0.004618    0.230037    0.081117    1.001    4
      length{all}[158]           0.072622    0.002602    0.003720    0.171465    0.060179    1.001    4
      length{all}[159]           0.166179    0.012565    0.006096    0.386998    0.142570    1.010    4
      length{all}[160]           0.091201    0.004077    0.004704    0.219974    0.075408    1.000    4
      length{all}[161]           0.056217    0.001374    0.003109    0.128891    0.047845    1.000    4
      length{all}[162]           0.100074    0.004388    0.005543    0.229426    0.085601    1.004    4
      length{all}[163]           0.275308    0.022930    0.016360    0.560064    0.259251    1.010    4
      length{all}[164]           0.136486    0.005359    0.015772    0.281739    0.125574    1.007    4
      length{all}[165]           0.506338    0.015569    0.266328    0.767374    0.501205    1.012    4
      length{all}[166]           0.093919    0.003638    0.005612    0.210112    0.081560    1.004    4
      length{all}[167]           0.392446    0.055799    0.013617    0.817512    0.368164    1.001    4
      length{all}[168]           0.112447    0.006071    0.004244    0.264673    0.094325    1.000    4
      length{all}[169]           0.446782    0.032807    0.089918    0.816658    0.440148    1.003    4
      length{all}[170]           0.090329    0.003290    0.010443    0.201367    0.078144    1.002    4
      length{all}[171]           0.093019    0.003042    0.008375    0.197985    0.082626     NA      3 *
      length{all}[172]           0.221031    0.012284    0.011054    0.418149    0.218012    1.002    4
      length{all}[173]           0.099835    0.004051    0.008562    0.223138    0.086241    1.000    4
      length{all}[174]           0.420741    0.036389    0.022529    0.679006    0.476122    1.010    4
      length{all}[175]           0.133589    0.006620    0.012869    0.291932    0.116026    1.009    4
      length{all}[176]           0.429731    0.033495    0.062660    0.761404    0.427244     NA      3 *
      length{all}[177]           0.120894    0.006318    0.006550    0.271913    0.103822     NA      3 *
      length{all}[178]           0.209200    0.015975    0.013401    0.452710    0.191133     NA      3 *
      length{all}[179]           0.093145    0.003715    0.006522    0.214441    0.079976    1.001    4
      length{all}[180]           0.118146    0.006613    0.004669    0.276027    0.099655     NA      2 *
      length{all}[181]           0.171462    0.009210    0.006024    0.347396    0.160596     NA      2 *
      height{all}[0]             4.728846    0.270152    3.728747    5.760600    4.697776    1.001    4
      height{all}[1]             3.036193    0.113875    2.380456    3.700223    3.016667    1.002    4
      height{all}[2]             1.379877    0.024350    1.086738    1.693044    1.370586    1.004    4
      height{all}[3]             0.855315    0.065192    0.383246    1.307103    0.850695    1.002    4
      height{all}[4]             0.422269    0.004612    0.293614    0.553885    0.419907    1.012    4
      height{all}[5]             0.539818    0.003557    0.424523    0.657970    0.536280    1.001    4
      height{all}[6]             0.522650    0.004566    0.394294    0.656398    0.518607    1.013    4
      height{all}[7]             0.425306    0.003483    0.314267    0.541996    0.421676    1.016    4
      height{all}[8]             0.280772    0.000962    0.220804    0.342226    0.278932    1.001    4
      height{all}[9]             0.221090    0.001019    0.158393    0.284577    0.220564    1.055    4
      height{all}[10]            0.105289    0.000135    0.082802    0.128335    0.104599    1.001    4
      height{all}[11]            0.105289    0.000135    0.082802    0.128335    0.104600    1.001    4
      height{all}[12]            0.013370    0.000002    0.010514    0.016296    0.013282    1.001    4
      height{all}[13]            0.006685    0.000001    0.005257    0.008148    0.006641    1.001    4
      height{all}[14]            0.060600    0.000304    0.019044    0.080630    0.065311    1.207    4
      height{all}[15]            0.000000    0.000000    0.000000    0.000000    0.000000     NA      4
      height{all}[16]            0.066850    0.000055    0.052572    0.081481    0.066412    1.001    4
      height{all}[17]            0.673519    0.005537    0.529668    0.820935    0.669105    1.001    4
      height{all}[18]            0.178537    0.000726    0.123197    0.230698    0.178878    1.078    4
      height{all}[19]            0.179247    0.000739    0.123997    0.232474    0.179475    1.078    4
      height{all}[20]            0.021726    0.000006    0.017086    0.026482    0.021584    1.001    4
      height{all}[21]            0.080221    0.000079    0.063087    0.097779    0.079695    1.001    4
      height{all}[22]            0.043453    0.000023    0.034172    0.052964    0.043168    1.001    4
      height{all}[23]            0.041782    0.000021    0.032858    0.050927    0.041508    1.001    4
      height{all}[24]            0.071864    0.000063    0.056515    0.087594    0.071393    1.001    4
      height{all}[25]            0.038439    0.000018    0.030229    0.046852    0.038187    1.001    4
      height{all}[26]            0.062038    0.000305    0.020369    0.082069    0.066727    1.206    4
      height{all}[27]            0.372691    0.001695    0.293092    0.454264    0.370249    1.001    4
      height{all}[28]            0.025069    0.000008    0.019715    0.030556    0.024905    1.001    4
      height{all}[29]            0.260350    0.001050    0.197481    0.324582    0.259662    1.055    4
      height{all}[30]            0.432681    0.002465    0.339121    0.531854    0.430319    1.023    4
      height{all}[31]            0.494033    0.003746    0.377006    0.614647    0.490361    1.014    4
      height{all}[32]            0.240326    0.000919    0.179339    0.298635    0.240063    1.063    4
      height{all}[33]            0.430186    0.005234    0.294099    0.569181    0.427873    1.010    4
      height{all}[34]            0.421984    0.002879    0.318473    0.527160    0.419131    1.019    4
      height{all}[35]            0.186252    0.000740    0.129255    0.237519    0.186501    1.079    4
      height{all}[36]            1.007792    0.013801    0.785938    1.243623    1.000489    1.004    4
      height{all}[37]            0.731176    0.007538    0.567728    0.904648    0.726012    1.008    4
      height{all}[38]            0.497049    0.003730    0.380146    0.617639    0.493625    1.015    4
      height{all}[39]            0.517581    0.014570    0.269882    0.731567    0.526379    1.003    4
      height{all}[40]            1.375449    0.023092    1.081679    1.676500    1.366434    1.001    4
      height{all}[41]            0.456254    0.002541    0.358807    0.556117    0.453264    1.001    4
      height{all}[42]            0.539818    0.003557    0.424523    0.657971    0.536280    1.001    4
      height{all}[43]            0.957633    0.011193    0.753101    1.167235    0.951357    1.001    4
      height{all}[44]            1.208322    0.017821    0.950248    1.472794    1.200403    1.001    4
      height{all}[45]            0.782032    0.024979    0.463658    1.069284    0.788379    1.003    4
      height{all}[46]            0.994561    0.012426    0.785090    1.220113    0.988148    1.006    4
      height{all}[47]            0.682799    0.006375    0.530656    0.841342    0.677962    1.010    4
      height{all}[48]            0.289128    0.001020    0.227376    0.352411    0.287233    1.001    4
      height{all}[49]            2.267578    0.065585    1.783276    2.780510    2.252282    1.002    4
      height{all}[50]            0.181183    0.000644    0.127393    0.228307    0.181985    1.092    4
      height{all}[51]            2.913009    0.103574    2.290847    3.550595    2.893918    1.001    4
      height{all}[52]            0.456254    0.002541    0.358808    0.556117    0.453265    1.001    4
      height{all}[53]            3.130274    0.119600    2.461708    3.815413    3.109759    1.001    4
      height{all}[54]            2.411631    0.070989    1.896553    2.939477    2.395826    1.001    4
      height{all}[55]            2.805831    0.106933    2.194361    3.475202    2.787002    1.001    4
      height{all}[56]            3.813850    0.177134    3.016032    4.652397    3.786617    1.001    4
      height{all}[57]            0.412562    0.010250    0.217774    0.609096    0.405369    1.002    4
      height{all}[58]            0.423047    0.010667    0.219100    0.622509    0.419319    1.000    4
      height{all}[59]            1.266678    0.030864    0.943298    1.620679    1.253382    1.003    4
      height{all}[60]            0.358645    0.007064    0.200927    0.526487    0.352560    1.000    4
      height{all}[61]            1.002425    0.031284    0.671968    1.359828    0.990975    1.001    4
      height{all}[62]            3.290176    0.128198    2.607347    4.001345    3.269499    1.001    4
      height{all}[63]            0.326319    0.016062    0.098471    0.572525    0.314478    1.000    4
      height{all}[64]            3.456390    0.150050    2.709818    4.220689    3.431936    1.001    4
      height{all}[65]            1.741227    0.053342    1.297676    2.199944    1.728757    1.003    4
      height{all}[66]            2.902611    0.100485    2.310291    3.544593    2.882645    1.001    4
      height{all}[67]            0.957750    0.044102    0.552591    1.366718    0.946393    1.001    4
      height{all}[68]            0.939213    0.014842    0.707067    1.179160    0.931825    1.001    4
      height{all}[69]            0.333246    0.008790    0.157320    0.515856    0.325918    1.000    4
      height{all}[70]            0.703082    0.012029    0.501418    0.920913    0.693362    1.003    4
      height{all}[71]            0.733893    0.011354    0.539067    0.951513    0.726666    1.000    4
      height{all}[72]            2.583901    0.075519    2.049484    3.123857    2.569146    1.002    4
      height{all}[73]            1.095370    0.018631    0.834856    1.364935    1.087508    1.001    4
      height{all}[74]            0.822624    0.013166    0.610462    1.053508    0.814600    1.002    4
      height{all}[75]            2.030492    0.047571    1.617870    2.467124    2.016276    1.003    4
      height{all}[76]            0.995601    0.022374    0.712587    1.294021    0.984968    1.005    4
      height{all}[77]            0.449401    0.011102    0.296631    0.684286    0.427835    1.004    4
      height{all}[78]            1.347130    0.022214    1.060816    1.641320    1.340148    1.002    4
      height{all}[79]            0.546382    0.010377    0.354895    0.750670    0.541626    1.000    4
      height{all}[80]            0.514202    0.009919    0.328400    0.708792    0.508144    1.001    4
      height{all}[81]            1.424985    0.047944    1.005447    1.857169    1.415888    1.002    4
      height{all}[82]            0.491483    0.007644    0.324710    0.667530    0.486376    1.000    4
      height{all}[83]            0.572883    0.008853    0.400435    0.764894    0.566617    1.000    4
      height{all}[84]            2.309416    0.063110    1.831159    2.803262    2.294758    1.005    4
      height{all}[85]            0.274643    0.005880    0.137616    0.432801    0.267514    1.000    4
      height{all}[86]            0.377119    0.032415    0.188697    0.775900    0.289062    1.001    4
      height{all}[87]            1.527583    0.047967    1.118013    1.962082    1.518491    1.005    4
      height{all}[88]            0.891005    0.020349    0.623488    1.175124    0.879333    1.001    4
      height{all}[89]            0.921581    0.023698    0.628021    1.221575    0.914663    1.003    4
      height{all}[90]            1.288539    0.038012    0.923445    1.677365    1.277089    1.004    4
      height{all}[91]            1.649387    0.032442    1.302761    2.006956    1.637994    1.002    4
      height{all}[92]            0.648047    0.009981    0.462079    0.849727    0.641688    1.001    4
      height{all}[93]            0.419507    0.008905    0.249079    0.608042    0.411201    1.001    4
      height{all}[94]            0.721529    0.010822    0.530312    0.931708    0.714496    1.002    4
      height{all}[95]            1.527845    0.028899    1.206848    1.872654    1.516030    1.000    4
      height{all}[96]            1.306059    0.040227    0.909442    1.690962    1.296802    1.002    4
      height{all}[97]            1.458888    0.026699    1.149512    1.784015    1.449275    1.002    4
      height{all}[98]            1.356611    0.029662    1.029300    1.697689    1.343949    1.004    4
      height{all}[99]            0.788539    0.016311    0.543827    1.041153    0.782866    1.001    4
      height{all}[100]           1.354950    0.022100    1.074089    1.647631    1.348520    1.001    4
      height{all}[101]           0.841682    0.012260    0.636100    1.060675    0.835790    1.001    4
      height{all}[102]           0.464106    0.008290    0.297097    0.651262    0.458462    1.001    4
      height{all}[103]           1.523785    0.027149    1.203651    1.849265    1.516539    1.002    4
      height{all}[104]           0.257574    0.006430    0.104023    0.414300    0.251558    1.002    4
      height{all}[105]           1.798755    0.032508    1.458780    2.162745    1.787876    1.011    4
      height{all}[106]           1.467333    0.031609    1.120069    1.803164    1.463144    1.016    4
      height{all}[107]           1.639657    0.030665    1.316137    1.984703    1.628950    1.003    4
      height{all}[108]           2.387990    0.065088    1.903039    2.905678    2.374769    1.003    4
      height{all}[109]           1.751559    0.033058    1.405493    2.107083    1.739977    1.005    4
      height{all}[110]           1.671637    0.036384    1.308476    2.051566    1.656481    1.000    4
      height{all}[111]           1.538610    0.042184    1.151834    1.940783    1.523757    1.002    4
      height{all}[112]           0.680563    0.010733    0.484303    0.886282    0.675903    1.001    4
      height{all}[113]           1.400170    0.038277    1.012145    1.787083    1.398469    1.002    4
      height{all}[114]           1.120953    0.020691    0.843447    1.402105    1.112448    1.003    4
      height{all}[115]           1.526159    0.028597    1.194222    1.860724    1.518222    1.006    4
      height{all}[116]           1.584567    0.044077    1.198666    2.012031    1.570646    1.001    4
      height{all}[117]           0.466919    0.020704    0.269958    0.809287    0.431898    1.005    4
      height{all}[118]           0.650965    0.009303    0.473085    0.843822    0.644275    1.001    4
      height{all}[119]           1.115304    0.029008    0.806310    1.462264    1.105384    1.005    4
      height{all}[120]           1.874702    0.037113    1.509072    2.257509    1.862854    1.003    4
      height{all}[121]           1.228401    0.020154    0.948183    1.498640    1.222363    1.002    4
      height{all}[122]           1.302329    0.033703    0.949882    1.662582    1.298292    1.000    4
      height{all}[123]           0.442469    0.009838    0.254828    0.636153    0.437656    1.001    4
      height{all}[124]           1.029821    0.021277    0.755302    1.322460    1.018849    1.002    4
      height{all}[125]           0.585836    0.010362    0.383613    0.780954    0.580835    1.005    4
      height{all}[126]           1.892258    0.036983    1.529109    2.271717    1.882943    1.018    4
      height{all}[127]           1.309722    0.043470    0.914697    1.726717    1.295400    1.004    4
      height{all}[128]           1.094406    0.070365    0.590146    1.634439    1.080333    1.003    4
      height{all}[129]           1.069456    0.026075    0.751438    1.376590    1.061540    1.002    4
      height{all}[130]           0.837912    0.016134    0.604353    1.093499    0.830062    1.001    4
      height{all}[131]           1.672871    0.028910    1.348681    2.014847    1.662702    1.010    4
      height{all}[132]           1.913660    0.038407    1.546750    2.313541    1.896990    1.001    4
      height{all}[133]           1.330050    0.032507    0.981314    1.680343    1.316146    1.002    4
      height{all}[134]           1.697770    0.039805    1.335877    2.111742    1.681019    1.009    4
      height{all}[135]           0.428980    0.009176    0.252642    0.622135    0.424722    1.005    4
      height{all}[136]           0.671068    0.012125    0.468141    0.893841    0.663268    1.003    4
      height{all}[137]           1.955808    0.043990    1.547484    2.372302    1.944479    1.010    4
      height{all}[138]           1.109747    0.021958    0.816525    1.399338    1.101641    1.006    4
      height{all}[139]           1.541633    0.030017    1.220292    1.901451    1.530202    1.008    4
      height{all}[140]           0.636508    0.010609    0.450301    0.843915    0.630458    1.002    4
      height{all}[141]           1.667066    0.033709    1.313665    2.034732    1.653895    1.001    4
      height{all}[142]           0.569737    0.013739    0.350272    0.815403    0.565238    1.009    4
      height{all}[143]           0.407320    0.009817    0.224119    0.613859    0.401155    1.005    4
      height{all}[144]           0.618861    0.011462    0.414673    0.826783    0.612920    1.001    4
      height{all}[145]           0.751810    0.012412    0.539478    0.970386    0.746831    1.012    4
      height{all}[146]           0.988979    0.024412    0.689603    1.292579    0.979831    1.005    4
      height{all}[147]           0.432632    0.041208    0.163114    0.812991    0.402160    1.000    4
      height{all}[148]           0.976103    0.014364    0.746097    1.204508    0.963091     NA      2 *
      height{all}[149]           0.650209    0.011031    0.455824    0.856658    0.644394    1.000    4
      height{all}[150]           0.862925    0.011667    0.656924    1.064197    0.853642     NA      2 *
      height{all}[151]           1.588975    0.030966    1.276855    1.953047    1.579642    1.001    4
      height{all}[152]           1.718036    0.032183    1.379127    2.075095    1.706079    1.008    4
      height{all}[153]           0.764527    0.017088    0.526343    1.025501    0.751740    1.002    4
      height{all}[154]           0.715904    0.015204    0.476246    0.946559    0.712384    1.026    4
      height{all}[155]           0.525176    0.010092    0.340289    0.731909    0.519157    1.007    4
      height{all}[156]           2.482393    0.066476    1.984035    2.988412    2.472827    1.005    4
      height{all}[157]           1.269754    0.019107    1.008720    1.546893    1.264228    1.004    4
      height{all}[158]           1.590669    0.027912    1.283271    1.936950    1.580784    1.004    4
      height{all}[159]           1.390032    0.028633    1.077213    1.711302    1.376457    1.006    4
      height{all}[160]           1.231750    0.020411    0.955048    1.513517    1.228164    1.002    4
      height{all}[161]           0.289128    0.006017    0.146959    0.442147    0.283010    1.000    4
      height{all}[162]           0.880285    0.014291    0.659902    1.121270    0.870841    1.003    4
      height{all}[163]           2.210763    0.054506    1.768954    2.663671    2.203733    1.006    4
      height{all}[164]           1.400499    0.025468    1.102829    1.721563    1.394510    1.009    4
      height{all}[165]           0.287119    0.004757    0.209427    0.353778    0.276628    1.002    4
      height{all}[166]           0.572439    0.008896    0.397567    0.763420    0.567009    1.007    4
      height{all}[167]           1.108190    0.073598    0.604643    1.627027    1.097016    1.000    4
      height{all}[168]           0.880159    0.017943    0.630649    1.151088    0.869011    1.004    4
      height{all}[169]           2.357702    0.081421    1.866406    2.973657    2.332079    1.006    4
      height{all}[170]           0.624408    0.008799    0.441201    0.805185    0.621046    1.002    4
      height{all}[171]           1.576429    0.024934    1.284778    1.880653    1.568112     NA      3 *
      height{all}[172]           0.514034    0.016710    0.335215    0.781172    0.471171    1.000    4
      height{all}[173]           1.683281    0.029589    1.351962    2.018759    1.671567    1.011    4
      height{all}[174]           1.121763    0.056186    0.781976    1.614372    1.051606    1.004    4
      height{all}[175]           1.237213    0.019165    0.988140    1.513742    1.226763    1.049    4
      height{all}[176]           0.858534    0.034207    0.527135    1.220933    0.840435     NA      3 *
      height{all}[177]           1.445113    0.022848    1.177534    1.749050    1.435714     NA      3 *
      height{all}[178]           1.478664    0.034012    1.131262    1.853499    1.475701     NA      3 *
      height{all}[179]           1.191366    0.019858    0.940075    1.476363    1.179334    1.006    4
      height{all}[180]           1.252174    0.019049    1.012390    1.539131    1.231047     NA      2 *
      height{all}[181]           1.348876    0.020920    1.066454    1.633434    1.346515     NA      2 *
      age{all}[0]                2.829900    0.001260    2.773002    2.899355    2.820715    1.012    4
      age{all}[1]                1.816706    0.000479    1.781096    1.850000    1.818630    1.037    4
      age{all}[2]                0.825828    0.000684    0.773009    0.877492    0.820430    1.026    4
      age{all}[3]                0.511948    0.020143    0.259103    0.759045    0.515089    1.002    4
      age{all}[4]                0.252730    0.000892    0.203170    0.299990    0.255529    1.020    4
      age{all}[5]                0.323000    0.000000    0.323000    0.323000    0.323000    1.000    4
      age{all}[6]                0.312798    0.000476    0.278842    0.348999    0.313615    1.038    4
      age{all}[7]                0.254574    0.000495    0.220375    0.293999    0.254333    1.035    4
      age{all}[8]                0.168000    0.000000    0.168000    0.168000    0.168000    1.000    4
      age{all}[9]                0.132365    0.000167    0.105051    0.149999    0.134473    1.112    4
      age{all}[10]               0.063000    0.000000    0.063000    0.063000    0.063000    1.000    4
      age{all}[11]               0.063000    0.000000    0.063000    0.063000    0.063000    1.000    4
      age{all}[12]               0.008000    0.000000    0.008000    0.008000    0.008000    1.000    4
      age{all}[13]               0.004000    0.000000    0.004000    0.004000    0.004000    1.000    4
      age{all}[14]               0.036338    0.000094    0.013112    0.041470    0.040267    1.219    4
      age{all}[15]               0.000000    0.000000    0.000000    0.000000    0.000000     NA      4
      age{all}[16]               0.040000    0.000000    0.040000    0.040000    0.040000    1.000    4
      age{all}[17]               0.403000    0.000000    0.403000    0.403000    0.403000    1.000    4
      age{all}[18]               0.106908    0.000134    0.080347    0.122000    0.109051    1.140    4
      age{all}[19]               0.107321    0.000135    0.080667    0.122000    0.109675    1.143    4
      age{all}[20]               0.013000    0.000000    0.013000    0.013000    0.013000    1.000    4
      age{all}[21]               0.048000    0.000000    0.048000    0.048000    0.048000    1.000    4
      age{all}[22]               0.026000    0.000000    0.026000    0.026000    0.026000    1.000    4
      age{all}[23]               0.025000    0.000000    0.025000    0.025000    0.025000    1.000    4
      age{all}[24]               0.043000    0.000000    0.043000    0.043000    0.043000    1.000    4
      age{all}[25]               0.023000    0.000000    0.023000    0.023000    0.023000    1.000    4
      age{all}[26]               0.037198    0.000094    0.014098    0.041950    0.041197    1.219    4
      age{all}[27]               0.223000    0.000000    0.223000    0.223000    0.223000    1.000    4
      age{all}[28]               0.015000    0.000000    0.015000    0.015000    0.015000    1.000    4
      age{all}[29]               0.155861    0.000102    0.131437    0.164500    0.159227    1.203    4
      age{all}[30]               0.258972    0.000102    0.234509    0.267700    0.262266    1.201    4
      age{all}[31]               0.295734    0.000347    0.262467    0.330996    0.294806    1.046    4
      age{all}[32]               0.143877    0.000095    0.120298    0.150000    0.147626    1.215    4
      age{all}[33]               0.257452    0.001076    0.203263    0.309999    0.260141    1.014    4
      age{all}[34]               0.252560    0.000281    0.222609    0.277999    0.253649    1.063    4
      age{all}[35]               0.111521    0.000127    0.085563    0.125000    0.114154    1.156    4
      age{all}[36]               0.603119    0.000625    0.566166    0.648999    0.602378    1.022    4
      age{all}[37]               0.437557    0.000407    0.405681    0.469000    0.438822    1.044    4
      age{all}[38]               0.297488    0.000297    0.267107    0.324000    0.298344    1.059    4
      age{all}[39]               0.309671    0.004013    0.187891    0.399997    0.321409    1.003    4
      age{all}[40]               0.823000    0.000000    0.823000    0.823000    0.823000    1.000    4
      age{all}[41]               0.273000    0.000000    0.273000    0.273000    0.273000    1.000    4
      age{all}[42]               0.323000    0.000000    0.323000    0.323000    0.323000    1.000    4
      age{all}[43]               0.573000    0.000000    0.573000    0.573000    0.573000    1.000    4
      age{all}[44]               0.723000    0.000000    0.723000    0.723000    0.723000    1.000    4
      age{all}[45]               0.467547    0.005889    0.321421    0.579992    0.480628    1.003    4
      age{all}[46]               0.595184    0.000228    0.565053    0.619998    0.595483    1.081    4
      age{all}[47]               0.408630    0.000303    0.377148    0.437000    0.408793    1.060    4
      age{all}[48]               0.173000    0.000000    0.173000    0.173000    0.173000    1.000    4
      age{all}[49]               1.357310    0.002470    1.273000    1.456777    1.345807    1.006    4
      age{all}[50]               0.108490    0.000101    0.084111    0.117000    0.111858    1.202    4
      age{all}[51]               1.743000    0.000000    1.742999    1.743001    1.743000    1.000    4
      age{all}[52]               0.273000    0.000000    0.273000    0.273000    0.273000    1.000    4
      age{all}[53]               1.873000    0.000000    1.872999    1.873001    1.873000    1.000    4
      age{all}[54]               1.443000    0.000000    1.443000    1.443000    1.443000    1.000    4
      age{all}[55]               1.679048    0.004446    1.557185    1.779998    1.688829    1.002    4
      age{all}[56]               2.284826    0.012764    2.071967    2.509672    2.276794    1.000    4
      age{all}[57]               0.248320    0.003688    0.131794    0.368122    0.244085    1.002    4
      age{all}[58]               0.254633    0.003883    0.135059    0.379711    0.252012    1.001    4
      age{all}[59]               0.759035    0.005897    0.620685    0.908597    0.751438    1.003    4
      age{all}[60]               0.215936    0.002556    0.120313    0.316475    0.212763    1.000    4
      age{all}[61]               0.601919    0.009359    0.424088    0.795539    0.596564    1.001    4
      age{all}[62]               1.969912    0.010816    1.762255    2.171713    1.966167    1.000    4
      age{all}[63]               0.196484    0.005856    0.059937    0.345541    0.189378    1.000    4
      age{all}[64]               2.070706    0.006897    1.920476    2.235731    2.062578    1.001    4
      age{all}[65]               1.044740    0.013384    0.827604    1.274220    1.038306    1.003    4
      age{all}[66]               1.737325    0.009445    1.552135    1.926701    1.731157    1.000    4
      age{all}[67]               0.575136    0.014886    0.339036    0.812379    0.569350    1.001    4
      age{all}[68]               0.564721    0.004458    0.439180    0.698585    0.561319    1.002    4
      age{all}[69]               0.200485    0.003147    0.097159    0.312421    0.196301    1.000    4
      age{all}[70]               0.421746    0.003144    0.319418    0.534120    0.415855    1.006    4
      age{all}[71]               0.440641    0.003752    0.327674    0.565027    0.437004    1.001    4
      age{all}[72]               1.541721    0.006711    1.386004    1.701598    1.535685    1.002    4
      age{all}[73]               0.658385    0.005181    0.520899    0.799686    0.655181    1.003    4
      age{all}[74]               0.492230    0.004106    0.373028    0.621804    0.488576    1.002    4
      age{all}[75]               1.211880    0.007370    1.052991    1.384630    1.205624    1.003    4
      age{all}[76]               0.595816    0.006135    0.449643    0.750755    0.591205    1.010    4
      age{all}[77]               0.269157    0.003129    0.197000    0.396184    0.257400    1.004    4
      age{all}[78]               0.805028    0.005707    0.654961    0.950151    0.802469    1.003    4
      age{all}[79]               0.327888    0.003645    0.215775    0.451125    0.324808    1.000    4
      age{all}[80]               0.308233    0.003568    0.193966    0.423198    0.305129    1.001    4
      age{all}[81]               0.852082    0.014103    0.628536    1.095967    0.848550    1.003    4
      age{all}[82]               0.295151    0.002745    0.196649    0.403042    0.292173    1.001    4
      age{all}[83]               0.344495    0.003083    0.239760    0.454542    0.341797    1.001    4
      age{all}[84]               1.364896    0.008762    1.182908    1.551222    1.363230    1.004    4
      age{all}[85]               0.165514    0.002135    0.079164    0.256104    0.161292    1.001    4
      age{all}[86]               0.225033    0.010845    0.128001    0.447865    0.163011    1.000    4
      age{all}[87]               0.912024    0.011809    0.700154    1.122794    0.911829    1.008    4
      age{all}[88]               0.535759    0.006099    0.389113    0.689807    0.527713    1.004    4
      age{all}[89]               0.554921    0.007438    0.390934    0.726023    0.550189    1.005    4
      age{all}[90]               0.769039    0.010614    0.575084    0.976481    0.764744    1.008    4
      age{all}[91]               0.998987    0.003213    0.894531    1.110103    0.993704    1.001    4
      age{all}[92]               0.390467    0.003470    0.278696    0.507743    0.386967    1.002    4
      age{all}[93]               0.251152    0.003254    0.146367    0.362782    0.245608    1.002    4
      age{all}[94]               0.429799    0.003639    0.317149    0.549341    0.426785    1.003    4
      age{all}[95]               0.905732    0.002216    0.832673    0.998484    0.897047    1.002    4
      age{all}[96]               0.772627    0.010460    0.565749    0.959103    0.773077    1.003    4
      age{all}[97]               0.887593    0.001231    0.829965    0.957977    0.881626    1.001    4
      age{all}[98]               0.806104    0.005745    0.666723    0.956814    0.801392    1.004    4
      age{all}[99]               0.474207    0.005160    0.336870    0.616305    0.471956    1.002    4
      age{all}[100]              0.824397    0.000092    0.823000    0.823000    0.823000    1.000    4
      age{all}[101]              0.505252    0.003929    0.383355    0.625852    0.502018    1.001    4
      age{all}[102]              0.280325    0.002928    0.178898    0.388040    0.277934    1.002    4
      age{all}[103]              0.931110    0.001783    0.855332    1.015581    0.926072    1.002    4
      age{all}[104]              0.154888    0.002352    0.065745    0.252129    0.150966    1.002    4
      age{all}[105]              1.071185    0.004429    0.946302    1.203922    1.066303    1.015    4
      age{all}[106]              0.880919    0.006634    0.716193    1.037519    0.882718    1.014    4
      age{all}[107]              0.992834    0.003986    0.872617    1.113574    0.990967    1.008    4
      age{all}[108]              1.451456    0.004391    1.333873    1.584338    1.445259    1.011    4
      age{all}[109]              1.053942    0.004466    0.931242    1.189697    1.051420    1.009    4
      age{all}[110]              0.992123    0.004413    0.873639    1.124005    0.984556    1.000    4
      age{all}[111]              0.928671    0.010236    0.739824    1.126983    0.920218    1.002    4
      age{all}[112]              0.407019    0.003622    0.294519    0.526233    0.404979    1.001    4
      age{all}[113]              0.850954    0.009084    0.658441    1.026927    0.858658    1.001    4
      age{all}[114]              0.669402    0.006171    0.525991    0.830867    0.666751    1.005    4
      age{all}[115]              0.904100    0.006289    0.749579    1.064022    0.904363    1.001    4
      age{all}[116]              0.945320    0.010214    0.743768    1.142332    0.946666    1.004    4
      age{all}[117]              0.280204    0.006525    0.173220    0.474023    0.261038    1.006    4
      age{all}[118]              0.390407    0.003112    0.285225    0.499846    0.387009    1.001    4
      age{all}[119]              0.659971    0.007142    0.498119    0.819899    0.657472    1.004    4
      age{all}[120]              1.127187    0.004834    0.994268    1.263076    1.124015    1.002    4
      age{all}[121]              0.735985    0.005775    0.585500    0.881804    0.733613    1.005    4
      age{all}[122]              0.782772    0.009501    0.591383    0.965815    0.783003    1.004    4
      age{all}[123]              0.268456    0.003724    0.159144    0.389441    0.263740    1.002    4
      age{all}[124]              0.612361    0.006472    0.459634    0.767715    0.609002    1.002    4
      age{all}[125]              0.355979    0.004097    0.236068    0.480479    0.351592    1.006    4
      age{all}[126]              1.126175    0.005208    0.988996    1.266373    1.122455    1.020    4
      age{all}[127]              0.786626    0.012160    0.567935    1.001647    0.781567    1.006    4
      age{all}[128]              0.657473    0.021090    0.368226    0.961093    0.656487    1.003    4
      age{all}[129]              0.640139    0.007515    0.474530    0.811942    0.637003    1.003    4
      age{all}[130]              0.505410    0.004834    0.379149    0.644414    0.498267    1.002    4
      age{all}[131]              1.005705    0.004204    0.878118    1.127321    1.001797    1.012    4
      age{all}[132]              1.128531    0.005086    0.997193    1.268446    1.120911    1.003    4
      age{all}[133]              0.788102    0.006751    0.646698    0.960871    0.780075    1.008    4
      age{all}[134]              1.005122    0.006237    0.872811    1.164921    0.993627    1.003    4
      age{all}[135]              0.258406    0.003344    0.150490    0.371540    0.254925    1.006    4
      age{all}[136]              0.403647    0.003815    0.286976    0.523422    0.400279    1.002    4
      age{all}[137]              1.204024    0.006649    1.055228    1.365954    1.197264    1.002    4
      age{all}[138]              0.667534    0.006445    0.518797    0.834011    0.664532    1.004    4
      age{all}[139]              0.911434    0.002366    0.829962    1.002934    0.904238    1.002    4
      age{all}[140]              0.379949    0.003702    0.268539    0.502592    0.377504    1.002    4
      age{all}[141]              0.999590    0.005388    0.860584    1.143007    0.996509    1.002    4
      age{all}[142]              0.348388    0.005375    0.211438    0.501025    0.345309    1.014    4
      age{all}[143]              0.244634    0.003808    0.134804    0.370960    0.240048    1.007    4
      age{all}[144]              0.372112    0.003892    0.251242    0.493018    0.369483    1.000    4
      age{all}[145]              0.464245    0.004895    0.337002    0.601627    0.462854    1.015    4
      age{all}[146]              0.607572    0.008061    0.441678    0.789032    0.600398    1.004    4
      age{all}[147]              0.255993    0.013814    0.098984    0.472259    0.240892    1.000    4
      age{all}[148]              0.605434    0.004152    0.486278    0.725181    0.600290     NA      2 *
      age{all}[149]              0.389785    0.003806    0.277147    0.513716    0.385771    1.001    4
      age{all}[150]              0.533741    0.003104    0.438745    0.636830    0.527726     NA      2 *
      age{all}[151]              0.948370    0.002728    0.868626    1.063129    0.940105    1.004    4
      age{all}[152]              1.058302    0.004278    0.931028    1.187300    1.054911    1.005    4
      age{all}[153]              0.459133    0.005093    0.315590    0.591780    0.452789    1.005    4
      age{all}[154]              0.437797    0.005162    0.294674    0.571916    0.438857    1.030    4
      age{all}[155]              0.315418    0.003447    0.211663    0.440696    0.312074    1.005    4
      age{all}[156]              1.547587    0.005874    1.403852    1.701199    1.542710    1.006    4
      age{all}[157]              0.754861    0.005133    0.614722    0.895188    0.752304    1.007    4
      age{all}[158]              0.969031    0.003904    0.850789    1.086777    0.965076    1.011    4
      age{all}[159]              0.828604    0.006171    0.671527    0.977111    0.828366    1.009    4
      age{all}[160]              0.735435    0.005464    0.594345    0.881882    0.732157    1.006    4
      age{all}[161]              0.174162    0.002177    0.085704    0.263530    0.171322    1.002    4
      age{all}[162]              0.525484    0.004442    0.396099    0.653193    0.520201    1.001    4
      age{all}[163]              1.369471    0.009069    1.181024    1.558319    1.367316    1.000    4
      age{all}[164]              0.827774    0.000452    0.823000    0.857820    0.823000    1.000    4
      age{all}[165]              0.174632    0.001469    0.168000    0.168000    0.168000    1.001    4
      age{all}[166]              0.345924    0.003380    0.240088    0.462640    0.342808    1.004    4
      age{all}[167]              0.667047    0.022068    0.381661    0.940805    0.663507    1.000    4
      age{all}[168]              0.520803    0.004449    0.390414    0.653016    0.517293    1.013    4
      age{all}[169]              1.476070    0.006787    1.442999    1.680014    1.443000    1.001    4
      age{all}[170]              0.374805    0.003046    0.265251    0.481833    0.373714    1.013    4
      age{all}[171]              0.977103    0.003466    0.872949    1.101267    0.974211     NA      3 *
      age{all}[172]              0.308314    0.005094    0.231352    0.454127    0.265867    1.001    4
      age{all}[173]              1.004164    0.004832    0.876326    1.142443    1.000106    1.021    4
      age{all}[174]              0.661869    0.013878    0.573000    0.879814    0.573000    1.008    4
      age{all}[175]              0.740087    0.004310    0.608032    0.860098    0.737525    1.006    4
      age{all}[176]              0.531210    0.012369    0.339340    0.751692    0.515049     NA      3 *
      age{all}[177]              0.883061    0.005770    0.716277    1.019158    0.887598     NA      3 *
      age{all}[178]              0.905490    0.008497    0.715965    1.080808    0.908075     NA      3 *
      age{all}[179]              0.732079    0.005635    0.585797    0.875593    0.728892    1.007    4
      age{all}[180]              0.778052    0.005698    0.629847    0.919408    0.772559     NA      2 *
      age{all}[181]              0.835031    0.004234    0.709990    0.961677    0.837484     NA      2 *
      WNBrlens{1}_length[1]      0.643268    0.039347    0.281137    1.037301    0.627082    1.000    4
      WNBrlens{1}_length[2]      1.335760    0.106215    0.740766    1.994425    1.303150    1.001    4
      WNBrlens{1}_length[3]      0.901047    0.251611    0.000000    1.605393    0.986884    1.002    4
      WNBrlens{1}_length[4]      0.760440    0.093595    0.000000    1.240033    0.768224    1.001    4
      WNBrlens{1}_length[5]      0.869256    0.086128    0.365299    1.525129    0.853762    1.002    4
      WNBrlens{1}_length[6]      0.433634    0.031065    0.109844    0.785393    0.410811    1.005    4
      WNBrlens{1}_length[7]      0.100527    0.025371    0.000000    0.432863    0.000000    1.001    4
      WNBrlens{1}_length[8]      0.666106    0.082274    0.000000    1.091378    0.684732    1.000    4
      WNBrlens{1}_length[9]      0.303595    0.022878    0.000000    0.557268    0.302717    1.000    4
      WNBrlens{1}_length[10]     0.577004    0.019669    0.319022    0.860416    0.566396    1.000    4
      WNBrlens{1}_length[11]     0.691517    0.021532    0.423223    0.986138    0.678750    1.000    4
      WNBrlens{1}_length[12]     0.487073    0.019056    0.236977    0.762158    0.472375    1.000    4
      WNBrlens{1}_length[13]     0.171556    0.006289    0.024438    0.328354    0.163673    1.000    4
      WNBrlens{1}_length[14]     0.576013    0.017627    0.335452    0.845034    0.564760    1.000    4
      WNBrlens{1}_length[15]     0.304426    0.008219    0.138140    0.491410    0.296631    1.001    4
      WNBrlens{1}_length[16]     0.273850    0.008074    0.109915    0.451633    0.263931    1.000    4
      WNBrlens{1}_length[17]     1.534809    0.126976    0.894085    2.264268    1.502874    1.005    4
      WNBrlens{1}_length[18]     0.374078    0.018309    0.131558    0.645559    0.359405    1.004    4
      WNBrlens{1}_length[19]     0.312874    0.069450    0.000000    0.819784    0.255552    1.000    4
      WNBrlens{1}_length[20]     0.181518    0.018824    0.000000    0.438957    0.156674    1.001    4
      WNBrlens{1}_length[21]     0.255825    0.011845    0.064296    0.471625    0.241758    1.003    4
      WNBrlens{1}_length[22]     0.661411    0.023794    0.383146    0.974760    0.647490    1.000    4
      WNBrlens{1}_length[23]     0.547815    0.020706    0.285011    0.835148    0.533466    1.000    4
      WNBrlens{1}_length[24]     0.184134    0.007196    0.035492    0.353648    0.173253    1.001    4
      WNBrlens{1}_length[25]     0.309502    0.013036    0.096507    0.534577    0.300070    1.001    4
      WNBrlens{1}_length[26]     0.612151    0.026646    0.307773    0.934196    0.596357    1.001    4
      WNBrlens{1}_length[27]     0.263701    0.012193    0.059055    0.481127    0.253556    1.001    4
      WNBrlens{1}_length[28]     0.561460    0.041219    0.206237    0.965283    0.535475    1.000    4
      WNBrlens{1}_length[29]     0.233470    0.088162    0.000000    0.845416    0.105773    1.004    4
      WNBrlens{1}_length[30]     0.082813    0.004125    0.000000    0.205903    0.070985    1.000    4
      WNBrlens{1}_length[31]     0.174502    0.007696    0.020390    0.348172    0.163020    1.000    4
      WNBrlens{1}_length[32]     0.210208    0.036808    0.000000    0.531959    0.207704    1.002    4
      WNBrlens{1}_length[33]     0.231114    0.028091    0.000000    0.507351    0.238429    1.005    4
      WNBrlens{1}_length[34]     0.400003    0.048049    0.000000    0.808161    0.366855    1.000    4
      WNBrlens{1}_length[35]     0.726734    0.071824    0.232278    1.253908    0.700489    1.001    4
      WNBrlens{1}_length[36]     0.208843    0.019415    0.000000    0.469561    0.187300    1.001    4
      WNBrlens{1}_length[37]     0.312347    0.018071    0.055301    0.577024    0.302224    1.002    4
      WNBrlens{1}_length[38]     0.199481    0.007900    0.043399    0.376229    0.188247    1.000    4
      WNBrlens{1}_length[39]     0.328180    0.011561    0.134162    0.541423    0.316461    1.000    4
      WNBrlens{1}_length[40]     0.065559    0.009295    0.000000    0.266387    0.003875    1.001    4
      WNBrlens{1}_length[41]     0.910457    0.080022    0.400581    1.485128    0.888144    1.002    4
      WNBrlens{1}_length[42]     0.660158    0.062367    0.222490    1.167914    0.630233    1.000    4
      WNBrlens{1}_length[43]     1.081104    0.151901    0.000000    1.683105    1.086026    1.001    4
      WNBrlens{1}_length[44]     0.714175    0.066337    0.234086    1.261854    0.695427    1.000    4
      WNBrlens{1}_length[45]     0.408540    0.024759    0.115690    0.722524    0.394264    1.000    4
      WNBrlens{1}_length[46]     0.210337    0.019966    0.000000    0.475537    0.187331    1.000    4
      WNBrlens{1}_length[47]     0.813138    0.068961    0.342616    1.337946    0.784083    1.000    4
      WNBrlens{1}_length[48]     0.439607    0.039648    0.095392    0.840000    0.413005    1.000    4
      WNBrlens{1}_length[49]     0.282335    0.024248    0.000000    0.557759    0.268530    1.000    4
      WNBrlens{1}_length[50]     0.773000    0.064757    0.325205    1.283960    0.741120    1.000    4
      WNBrlens{1}_length[51]     0.212450    0.009706    0.036908    0.408019    0.200702    1.000    4
      WNBrlens{1}_length[52]     1.117131    0.410582    0.000000    2.240609    1.062951    1.002    4
      WNBrlens{1}_length[53]     0.570840    0.026086    0.272824    0.889470    0.554108    1.000    4
      WNBrlens{1}_length[54]     0.196693    0.015745    0.000000    0.424086    0.182651    1.000    4
      WNBrlens{1}_length[55]     0.337192    0.012858    0.131657    0.565751    0.325976    1.000    4
      WNBrlens{1}_length[56]     0.345570    0.028070    0.047319    0.670434    0.325566    1.001    4
      WNBrlens{1}_length[57]     0.047188    0.002849    0.000000    0.155717    0.028836    1.000    4
      WNBrlens{1}_length[58]     0.038198    0.002058    0.000000    0.130637    0.021739    1.000    4
      WNBrlens{1}_length[59]     0.526389    0.036505    0.175301    0.905499    0.507461    1.000    4
      WNBrlens{1}_length[60]     0.048406    0.002872    0.000000    0.157145    0.030583    1.000    4
      WNBrlens{1}_length[61]     0.332868    0.020576    0.070080    0.624508    0.318081    1.000    4
      WNBrlens{1}_length[62]     0.274161    0.016193    0.034577    0.522044    0.262043    1.000    4
      WNBrlens{1}_length[63]     0.253752    0.022717    0.000000    0.516518    0.245861    1.000    4
      WNBrlens{1}_length[64]     0.194249    0.012728    0.000000    0.399332    0.181038    1.000    4
      WNBrlens{1}_length[65]     0.392314    0.036185    0.035789    0.766107    0.375294    1.001    4
      WNBrlens{1}_length[66]     0.174896    0.012040    0.000000    0.376616    0.159573    1.000    4
      WNBrlens{1}_length[67]     0.350058    0.040343    0.000000    0.719039    0.325741    1.000    4
      WNBrlens{1}_length[68]     0.398892    0.035220    0.062108    0.789949    0.374988    1.001    4
      WNBrlens{1}_length[69]     0.130198    0.008625    0.000000    0.302959    0.116493    1.002    4
      WNBrlens{1}_length[70]     0.275520    0.010420    0.089727    0.485356    0.266513    1.000    4
      WNBrlens{1}_length[71]     0.342365    0.026443    0.000000    0.623453    0.334471    1.001    4
      WNBrlens{1}_length[72]     0.471798    0.033918    0.119731    0.836962    0.458262    1.002    4
      WNBrlens{1}_length[73]     0.666980    0.047930    0.266669    1.113924    0.647430    1.003    4
      WNBrlens{1}_length[74]     1.074422    0.099053    0.472243    1.705234    1.057087    1.000    4
      WNBrlens{1}_length[75]     0.503376    0.053702    0.000000    0.888422    0.502409    1.006    4
      WNBrlens{1}_length[76]     0.442560    0.042155    0.000000    0.802706    0.427920    1.000    4
      WNBrlens{1}_length[77]     0.320801    0.023712    0.000000    0.594661    0.307366    1.000    4
      WNBrlens{1}_length[78]     0.077021    0.006400    0.000000    0.238346    0.052867    1.001    4
      WNBrlens{1}_length[79]     0.054225    0.003045    0.000000    0.164521    0.038330    1.000    4
      WNBrlens{1}_length[80]     0.251127    0.013296    0.037774    0.484545    0.241438    1.000    4
      WNBrlens{1}_length[81]     0.204450    0.030482    0.000000    0.540034    0.168889    1.000    4
      WNBrlens{1}_length[82]     0.098445    0.003323    0.000000    0.203984    0.090481    1.000    4
      WNBrlens{1}_length[83]     0.103454    0.007508    0.000000    0.266165    0.089452    1.000    4
      WNBrlens{1}_length[84]     0.123629    0.011291    0.000000    0.329336    0.100030    1.001    4
      WNBrlens{1}_length[85]     0.051882    0.003491    0.000000    0.171872    0.031057    1.000    4
      WNBrlens{1}_length[86]     0.357514    0.026719    0.000000    0.616922    0.364529    1.001    4
      WNBrlens{1}_length[87]     0.249996    0.035701    0.000000    0.604709    0.220735    1.000    4
      WNBrlens{1}_length[88]     0.071982    0.009807    0.000000    0.283097    0.035242    1.020    4
      WNBrlens{1}_length[89]     0.139489    0.019639    0.000000    0.417893    0.098205    1.001    4
      WNBrlens{1}_length[90]     0.243216    0.037196    0.000000    0.607426    0.208692    1.000    4
      WNBrlens{1}_length[91]     0.615977    0.041356    0.236841    1.023359    0.599705    1.003    4
      WNBrlens{1}_length[92]     0.180525    0.021415    0.000000    0.450171    0.159452    1.000    4
      WNBrlens{1}_length[93]     0.149608    0.013929    0.000000    0.372090    0.130823    1.000    4
      WNBrlens{1}_length[94]     0.117820    0.008433    0.000000    0.290044    0.104148    1.000    4
      WNBrlens{1}_length[95]     0.050215    0.004769    0.000000    0.193986    0.021512    1.000    4
      WNBrlens{1}_length[96]     0.155602    0.015404    0.000000    0.394027    0.130648    1.000    4
      WNBrlens{1}_length[97]     0.038829    0.003231    0.000000    0.160244    0.013138    1.000    4
      WNBrlens{1}_length[98]     0.557267    0.045868    0.125603    1.021893    0.549412    1.000    4
      WNBrlens{1}_length[99]     0.061342    0.005857    0.000000    0.222601    0.031808    1.000    4
      WNBrlens{1}_length[100]    0.111263    0.007167    0.000000    0.268608    0.097919    1.000    4
      WNBrlens{1}_length[101]    0.132276    0.014586    0.000000    0.364534    0.106696    1.001    4
      WNBrlens{1}_length[102]    0.060771    0.002898    0.000000    0.165824    0.049076    1.000    4
      WNBrlens{1}_length[103]    0.026768    0.001712    0.000000    0.112507    0.008797    1.000    4
      WNBrlens{1}_length[104]    0.066639    0.005111    0.000000    0.208401    0.044499    1.001    4
      WNBrlens{1}_length[105]    0.031604    0.002054    0.000000    0.124471    0.012749    1.000    4
      WNBrlens{1}_length[106]    0.109778    0.011248    0.000000    0.316596    0.082767    1.005    4
      WNBrlens{1}_length[107]    0.055257    0.005072    0.000000    0.202576    0.026751    1.003    4
      WNBrlens{1}_length[108]    0.297838    0.035829    0.000000    0.637743    0.279288    1.001    4
      WNBrlens{1}_length[109]    0.354017    0.038210    0.000000    0.698756    0.337144    1.009    4
      WNBrlens{1}_length[110]    0.459726    0.049688    0.000000    0.843565    0.448216    1.002    4
      WNBrlens{1}_length[111]    0.131381    0.019777    0.000000    0.414611    0.087378    1.000    4
      WNBrlens{1}_length[112]    0.034378    0.002259    0.000000    0.134445    0.014031    1.000    4
      WNBrlens{1}_length[113]    0.059659    0.004344    0.000000    0.193349    0.038078    1.000    4
      WNBrlens{1}_length[114]    0.139506    0.014358    0.000000    0.367558    0.116152    1.000    4
      WNBrlens{1}_length[115]    0.075181    0.007317    0.000000    0.251837    0.045901    1.001    4
      WNBrlens{1}_length[116]    0.173903    0.022149    0.000000    0.455557    0.144341    1.001    4
      WNBrlens{1}_length[117]    0.283855    0.016748    0.000000    0.501476    0.280858    1.000    4
      WNBrlens{1}_length[118]    0.097291    0.008237    0.000000    0.269924    0.078856    1.000    4
      WNBrlens{1}_length[119]    0.098714    0.009600    0.000000    0.294137    0.069850    1.000    4
      WNBrlens{1}_length[120]    0.294231    0.042959    0.000000    0.667706    0.273622    1.003    4
      WNBrlens{1}_length[121]    0.076698    0.009095    0.000000    0.273514    0.039584    1.000    4
      WNBrlens{1}_length[122]    0.195220    0.033511    0.000000    0.549731    0.147770    1.001    4
      WNBrlens{1}_length[123]    0.159127    0.008002    0.000000    0.320711    0.149927    1.000    4
      WNBrlens{1}_length[124]    0.290192    0.045856    0.000000    0.682465    0.261810    1.000    4
      WNBrlens{1}_length[125]    0.044044    0.002454    0.000000    0.146248    0.027290    1.001    4
      WNBrlens{1}_length[126]    0.169128    0.014631    0.000000    0.391836    0.153409    1.000    4
      WNBrlens{1}_length[127]    0.246769    0.039473    0.000000    0.623861    0.212958    1.000    4
      WNBrlens{1}_length[128]    0.901176    0.172712    0.000000    1.521685    0.948891    1.001    4
      WNBrlens{1}_length[129]    0.233957    0.029048    0.000000    0.549516    0.210590    1.001    4
      WNBrlens{1}_length[130]    0.045919    0.003380    0.000000    0.160526    0.024996    1.001    4
      WNBrlens{1}_length[131]    0.058703    0.005967    0.000000    0.218536    0.026802    1.000    4
      WNBrlens{1}_length[132]    0.178962    0.016045    0.000000    0.413498    0.161275    1.001    4
      WNBrlens{1}_length[133]    0.374114    0.070477    0.000000    0.825929    0.370291    1.002    4
      WNBrlens{1}_length[134]    0.440517    0.044523    0.000000    0.806861    0.431101    1.002    4
      WNBrlens{1}_length[135]    0.106339    0.012601    0.000000    0.329756    0.069136    1.003    4
      WNBrlens{1}_length[136]    0.063563    0.004332    0.000000    0.194463    0.044703    1.000    4
      WNBrlens{1}_length[137]    0.445704    0.052459    0.000000    0.825038    0.447248    1.010    4
      WNBrlens{1}_length[138]    0.100835    0.012133    0.000000    0.322889    0.064643    1.000    4
      WNBrlens{1}_length[139]    0.049757    0.004620    0.000000    0.191085    0.022079    1.001    4
      WNBrlens{1}_length[140]    0.089705    0.007027    0.000000    0.248291    0.071556    1.001    4
      WNBrlens{1}_length[141]    0.056910    0.005902    0.000000    0.218392    0.025025    1.000    4
      WNBrlens{1}_length[142]    0.101770    0.009220    0.000000    0.287819    0.078577    1.004    4
      WNBrlens{1}_length[143]    0.052144    0.004408    0.000000    0.188916    0.024679    1.000    4
      WNBrlens{1}_length[144]    0.050654    0.005357    0.000000    0.205985    0.018335    1.000    4
      WNBrlens{1}_length[145]    0.126655    0.007958    0.000000    0.292704    0.114824    1.000    4
      WNBrlens{1}_length[146]    0.078103    0.007631    0.000000    0.257136    0.048771    1.000    4
      WNBrlens{1}_length[147]    0.275331    0.030073    0.000000    0.569813    0.271585    1.000    4
      WNBrlens{1}_length[148]    1.220858    0.109310    0.615422    1.908253    1.202120     NA      2 *
      WNBrlens{1}_length[149]    0.031933    0.001936    0.000000    0.123631    0.012921    1.000    4
      WNBrlens{1}_length[150]    0.062065    0.005351    0.000000    0.212436    0.035156     NA      2 *
      WNBrlens{1}_length[151]    0.045234    0.004768    0.000000    0.178249    0.018438    1.001    4
      WNBrlens{1}_length[152]    0.300357    0.035737    0.000000    0.637279    0.284555    1.007    4
      WNBrlens{1}_length[153]    0.258750    0.017187    0.000000    0.482788    0.254918    1.011    4
      WNBrlens{1}_length[154]    0.049798    0.004268    0.000000    0.189398    0.023605    1.010    4
      WNBrlens{1}_length[155]    0.068789    0.006390    0.000000    0.231482    0.038453    1.003    4
      WNBrlens{1}_length[156]    0.434921    0.036035    0.000000    0.752705    0.429358    1.005    4
      WNBrlens{1}_length[157]    0.064001    0.005912    0.000000    0.219986    0.034768    1.000    4
      WNBrlens{1}_length[158]    0.026334    0.002037    0.000000    0.117907    0.006644    1.000    4
      WNBrlens{1}_length[159]    0.082762    0.008778    0.000000    0.275352    0.049761    1.001    4
      WNBrlens{1}_length[160]    0.063326    0.007159    0.000000    0.240473    0.027626    1.000    4
      WNBrlens{1}_length[161]    0.010484    0.000404    0.000000    0.051322    0.001746    1.000    4
      WNBrlens{1}_length[162]    0.077987    0.007786    0.000000    0.257452    0.048462    1.001    4
      WNBrlens{1}_length[163]    0.120565    0.011132    0.000000    0.326400    0.097278    1.006    4
      WNBrlens{1}_length[164]    0.128989    0.012021    0.000000    0.340388    0.105474    1.002    4
      WNBrlens{1}_length[165]    0.738636    0.045064    0.353066    1.171622    0.729605    1.001    4
      WNBrlens{1}_length[166]    0.040156    0.002245    0.000000    0.137572    0.023013    1.000    4
      WNBrlens{1}_length[167]    0.371917    0.082054    0.000000    0.889282    0.335416    1.000    4
      WNBrlens{1}_length[168]    0.058155    0.004727    0.000000    0.198622    0.033309    1.000    4
      WNBrlens{1}_length[169]    0.191990    0.014989    0.000000    0.416851    0.173363    1.002    4
      WNBrlens{1}_length[170]    0.016027    0.000612    0.000000    0.066505    0.005606    1.000    4
      WNBrlens{1}_length[171]    0.018155    0.000952    0.000000    0.080026    0.005098     NA      3 *
      WNBrlens{1}_length[172]    0.090059    0.006978    0.000000    0.258388    0.069277    1.001    4
      WNBrlens{1}_length[173]    0.060350    0.005881    0.000000    0.217697    0.029716    1.000    4
      WNBrlens{1}_length[174]    0.889257    0.254987    0.000000    1.672997    0.930700    1.003    4
      WNBrlens{1}_length[175]    0.034600    0.002187    0.000000    0.132673    0.015481    1.000    4
      WNBrlens{1}_length[176]    0.310110    0.032101    0.000000    0.642547    0.290070     NA      3 *
      WNBrlens{1}_length[177]    0.020540    0.001073    0.000000    0.085819    0.007142     NA      3 *
      WNBrlens{1}_length[178]    0.078508    0.008311    0.000000    0.263719    0.047003     NA      3 *
      WNBrlens{1}_length[179]    0.103830    0.011966    0.000000    0.321547    0.071214    1.002    4
      WNBrlens{1}_length[180]    0.082658    0.011000    0.000000    0.297941    0.038635     NA      2 *
      WNBrlens{1}_length[181]    0.037665    0.002177    0.000000    0.133892    0.020672     NA      2 *
      WNBrlens{1}_rate[1]        0.382125    0.013580    0.171399    0.614672    0.373063    1.000    4
      WNBrlens{1}_rate[2]        5.838204   14.723648    1.249847   12.577406    4.883291    1.003    4
      WNBrlens{1}_rate[3]        1.768409    0.897806    0.602441    3.551731    1.552220    1.000    4
      WNBrlens{1}_rate[4]        0.918129    0.126773    0.344860    1.570064    0.874349    1.002    4
      WNBrlens{1}_rate[5]        1.585575    0.548305    0.580104    2.999285    1.429658    1.008    4
      WNBrlens{1}_rate[6]        0.766283    0.106750    0.219937    1.419358    0.718764    1.004    4
      WNBrlens{1}_rate[7]        0.894268    0.085692    0.157585    1.161807    1.000000    1.000    4
      WNBrlens{1}_rate[8]        2.103336    2.247935    0.626240    4.414752    1.775317    1.000    4
      WNBrlens{1}_rate[9]        0.584525    0.065904    0.146780    1.073931    0.549523    1.000    4
      WNBrlens{1}_rate[10]       1.128735    0.175647    0.474849    1.866596    1.059623    1.000    4
      WNBrlens{1}_rate[11]       2.511339    1.255786    0.987502    4.607212    2.263722    1.001    4
      WNBrlens{1}_rate[12]       1.745399    0.680877    0.580440    3.301134    1.570863    1.001    4
      WNBrlens{1}_rate[13]       0.675018    0.123395    0.085395    1.372365    0.615324    1.000    4
      WNBrlens{1}_rate[14]       1.772279    0.462080    0.752224    3.119900    1.639320    1.001    4
      WNBrlens{1}_rate[15]       0.599850    0.045372    0.230606    1.024149    0.568891    1.001    4
      WNBrlens{1}_rate[16]       1.337778    0.581890    0.356037    2.697803    1.164222    1.000    4
      WNBrlens{1}_rate[17]       2.966893   21.337480    0.912772    8.447768    2.014799    1.010    4
      WNBrlens{1}_rate[18]       1.457570    0.840054    0.331730    3.086592    1.244202    1.008    4
      WNBrlens{1}_rate[19]       1.192440    1.218595    0.000001    2.951769    0.985421    1.000    4
      WNBrlens{1}_rate[20]       0.584783    0.192689    0.000001    1.352924    0.516710    1.000    4
      WNBrlens{1}_rate[21]       0.686412    0.099722    0.181826    1.306770    0.631211    1.001    4
      WNBrlens{1}_rate[22]       1.874072    0.502094    0.778417    3.268328    1.727449    1.000    4
      WNBrlens{1}_rate[23]       1.395616    0.322400    0.556308    2.458989    1.289501    1.000    4
      WNBrlens{1}_rate[24]       0.783362    0.237798    0.103226    1.684363    0.678022    1.002    4
      WNBrlens{1}_rate[25]       1.122779    0.294243    0.253897    2.187677    1.017278    1.000    4
      WNBrlens{1}_rate[26]       1.834318    0.558806    0.680981    3.262611    1.679449    1.001    4
      WNBrlens{1}_rate[27]       0.776423    0.279078    0.092742    1.700904    0.673972    1.001    4
      WNBrlens{1}_rate[28]       2.196149    2.290642    0.467104    4.741385    1.834605    1.000    4
      WNBrlens{1}_rate[29]       1.229100    1.003761    0.000001    3.256438    1.000000    1.001    4
      WNBrlens{1}_rate[30]       0.370598    0.086211    0.024015    1.000000    0.294470    1.001    4
      WNBrlens{1}_rate[31]       0.988618    0.586023    0.000002    2.302885    0.803787    1.001    4
      WNBrlens{1}_rate[32]       0.584928    0.899744    0.000001    1.364256    0.469701    1.000    4
      WNBrlens{1}_rate[33]       0.660069    0.105855    0.154277    1.042766    0.591088    1.001    4
      WNBrlens{1}_rate[34]       0.765858    0.186818    0.076067    1.580494    0.688159    1.001    4
      WNBrlens{1}_rate[35]       0.724509    0.080611    0.247076    1.256378    0.684579    1.005    4
      WNBrlens{1}_rate[36]       0.695989    0.346028    0.000003    1.675162    0.571801    1.003    4
      WNBrlens{1}_rate[37]       0.550811    0.076308    0.117996    1.084193    0.500750    1.000    4
      WNBrlens{1}_rate[38]       0.421767    0.047730    0.089365    0.849522    0.381464    1.001    4
      WNBrlens{1}_rate[39]       0.745133    0.129248    0.209302    1.426004    0.666469    1.000    4
      WNBrlens{1}_rate[40]       1.019759    0.866755    0.000001    2.380433    1.000000    1.000    4
      WNBrlens{1}_rate[41]       1.783161    0.708317    0.659839    3.354097    1.609440    1.001    4
      WNBrlens{1}_rate[42]       0.795723    0.123993    0.265095    1.406225    0.735165    1.000    4
      WNBrlens{1}_rate[43]       2.145092    0.585770    0.998136    3.460400    2.067845    1.002    4
      WNBrlens{1}_rate[44]       1.323001    0.513719    0.294520    2.633588    1.183514    1.001    4
      WNBrlens{1}_rate[45]       0.921229    0.214894    0.189987    1.819250    0.829543    1.000    4
      WNBrlens{1}_rate[46]       0.900546    0.730053    0.000001    2.294552    0.698447    1.000    4
      WNBrlens{1}_rate[47]       1.011214    0.167237    0.410660    1.784281    0.934964    1.000    4
      WNBrlens{1}_rate[48]       0.667358    0.095748    0.163473    1.264191    0.618557    1.000    4
      WNBrlens{1}_rate[49]       1.356408    1.310538    0.000001    3.188327    1.092943    1.001    4
      WNBrlens{1}_rate[50]       1.013133    0.150310    0.382204    1.778695    0.940821    1.000    4
      WNBrlens{1}_rate[51]       0.404932    0.038652    0.080366    0.792774    0.375525    1.000    4
      WNBrlens{1}_rate[52]       1.151005    0.322970    0.189406    2.247344    1.074773    1.000    4
      WNBrlens{1}_rate[53]       2.155047    4.232355    0.382503    4.634625    1.741857    1.001    4
      WNBrlens{1}_rate[54]       0.483796    0.079196    0.098668    1.000000    0.419649    1.000    4
      WNBrlens{1}_rate[55]       0.791721    0.184311    0.225107    1.562067    0.702404    1.000    4
      WNBrlens{1}_rate[56]       0.383170    0.031749    0.076300    0.732859    0.358547    1.000    4
      WNBrlens{1}_rate[57]       0.419479    0.391843    0.000001    1.388002    0.244327    1.000    4
      WNBrlens{1}_rate[58]       0.306431    0.199558    0.000001    1.048007    0.170620    1.000    4
      WNBrlens{1}_rate[59]       1.658696    1.611066    0.367476    3.725267    1.347441    1.000    4
      WNBrlens{1}_rate[60]       0.413597    0.355601    0.000001    1.356591    0.248184    1.000    4
      WNBrlens{1}_rate[61]       0.907924    0.655879    0.123093    1.989754    0.750759    1.000    4
      WNBrlens{1}_rate[62]       0.594409    0.139546    0.080619    1.272510    0.521890    1.000    4
      WNBrlens{1}_rate[63]       0.800592    0.353609    0.000001    1.708110    0.714529    1.000    4
      WNBrlens{1}_rate[64]       0.640115    0.299811    0.000001    1.475092    0.527045    1.000    4
      WNBrlens{1}_rate[65]       0.733986    0.209691    0.093054    1.533678    0.650554    1.000    4
      WNBrlens{1}_rate[66]       0.491091    0.138243    0.000001    1.113905    0.417967    1.000    4
      WNBrlens{1}_rate[67]       0.726836    0.281892    0.000001    1.537748    0.627387    1.000    4
      WNBrlens{1}_rate[68]       3.443296   12.526094    0.000001    9.045970    2.494865    1.000    4
      WNBrlens{1}_rate[69]       0.738675    0.563908    0.000001    1.856595    0.583064    1.000    4
      WNBrlens{1}_rate[70]       2.347953    6.396295    0.000001    6.036917    1.688557    1.000    4
      WNBrlens{1}_rate[71]       2.868338    6.804786    0.000001    7.023000    2.232339    1.001    4
      WNBrlens{1}_rate[72]       1.783683    2.569746    0.214133    4.088036    1.408781    1.000    4
      WNBrlens{1}_rate[73]       5.412191   29.224674    0.704632   13.773728    3.957473    1.001    4
      WNBrlens{1}_rate[74]       4.316756   12.138724    0.918947    9.619044    3.455847    1.001    4
      WNBrlens{1}_rate[75]       1.666126    2.332386    0.000001    3.675218    1.379058    1.000    4
      WNBrlens{1}_rate[76]       1.649580    2.920676    0.000001    3.797505    1.300180    1.000    4
      WNBrlens{1}_rate[77]       0.829258    0.251334    0.000001    1.690891    0.734317    1.000    4
      WNBrlens{1}_rate[78]       0.408054    0.312601    0.000001    1.217374    0.275086    1.000    4
      WNBrlens{1}_rate[79]       0.429775    0.351868    0.000001    1.355863    0.271063    1.000    4
      WNBrlens{1}_rate[80]       1.978069    4.359073    0.000001    4.921357    1.479794    1.000    4
      WNBrlens{1}_rate[81]       0.721884    0.675172    0.000001    1.916565    0.550862    1.000    4
      WNBrlens{1}_rate[82]       1.392825    2.353212    0.000001    3.822128    0.988038    1.000    4
      WNBrlens{1}_rate[83]       1.346529    3.557913    0.000001    4.127099    0.877073    1.000    4
      WNBrlens{1}_rate[84]       0.463670    0.241297    0.000001    1.243499    0.353517    1.000    4
      WNBrlens{1}_rate[85]       0.601007    1.325851    0.000001    2.054391    0.322112    1.000    4
      WNBrlens{1}_rate[86]       0.715572    0.163893    0.000001    1.271728    0.673446    1.000    4
      WNBrlens{1}_rate[87]       0.910925    0.804019    0.000001    2.276229    0.736829    1.000    4
      WNBrlens{1}_rate[88]       0.370046    0.242747    0.000001    1.171692    0.227304    1.002    4
      WNBrlens{1}_rate[89]       0.622278    0.610940    0.000001    1.805225    0.440002    1.000    4
      WNBrlens{1}_rate[90]       0.873296    0.808053    0.000001    2.202753    0.698369    1.000    4
      WNBrlens{1}_rate[91]       3.931307   13.502378    0.660821    9.822759    2.965528    1.000    4
      WNBrlens{1}_rate[92]       2.060971    6.616249    0.000001    6.205610    1.411820    1.000    4
      WNBrlens{1}_rate[93]       1.450296    3.229927    0.000001    4.245723    1.017405    1.000    4
      WNBrlens{1}_rate[94]       1.352145    4.069793    0.000001    4.044835    0.889564    1.000    4
      WNBrlens{1}_rate[95]       0.531914    1.043579    0.000001    2.020217    0.219919    1.000    4
      WNBrlens{1}_rate[96]       0.493397    0.241721    0.000001    1.209326    0.401652    1.000    4
      WNBrlens{1}_rate[97]       0.560363    1.594602    0.000001    2.226140    0.184216    1.000    4
      WNBrlens{1}_rate[98]       1.970223    2.144252    0.000001    4.229022    1.652146    1.001    4
      WNBrlens{1}_rate[99]       0.459422    1.159618    0.000001    1.561131    0.240272    1.000    4
      WNBrlens{1}_rate[100]      1.353670    2.924407    0.000001    3.838481    0.963544    1.000    4
      WNBrlens{1}_rate[101]      1.603936    5.602956    0.000001    5.114302    0.990278    1.000    4
      WNBrlens{1}_rate[102]      0.545105    0.511173    0.000001    1.609159    0.377260    1.000    4
      WNBrlens{1}_rate[103]      0.308350    0.347788    0.000001    1.245848    0.102168    1.000    4
      WNBrlens{1}_rate[104]      0.926768    3.061652    0.000001    3.142927    0.518894    1.000    4
      WNBrlens{1}_rate[105]      0.343466    0.319849    0.000001    1.329865    0.145679    1.000    4
      WNBrlens{1}_rate[106]      0.757313    1.025145    0.000001    2.335166    0.494928    1.005    4
      WNBrlens{1}_rate[107]      0.592284    1.189783    0.000001    2.190419    0.270108    1.001    4
      WNBrlens{1}_rate[108]      2.476658    8.550908    0.000001    6.497512    1.796631    1.000    4
      WNBrlens{1}_rate[109]      3.793590   19.393448    0.000001   10.486835    2.700504    1.001    4
      WNBrlens{1}_rate[110]      1.489561    1.394159    0.000001    3.331044    1.227888    1.000    4
      WNBrlens{1}_rate[111]      0.533874    0.531397    0.000001    1.560695    0.371754    1.000    4
      WNBrlens{1}_rate[112]      0.438406    0.948766    0.000001    1.680025    0.161840    1.000    4
      WNBrlens{1}_rate[113]      0.280114    0.165442    0.000001    0.863066    0.184490    1.000    4
      WNBrlens{1}_rate[114]      1.149128    2.737965    0.000001    3.380849    0.776645    1.000    4
      WNBrlens{1}_rate[115]      0.611886    1.025405    0.000001    2.019801    0.355958    1.000    4
      WNBrlens{1}_rate[116]      0.839423    0.826135    0.000001    2.312073    0.636302    1.000    4
      WNBrlens{1}_rate[117]      0.664981    0.140195    0.000002    1.263309    0.614091    1.001    4
      WNBrlens{1}_rate[118]      1.497081    5.020142    0.000001    4.933310    0.904034    1.000    4
      WNBrlens{1}_rate[119]      0.424319    0.256473    0.000001    1.185929    0.311148    1.000    4
      WNBrlens{1}_rate[120]      3.316750   18.256451    0.000001   10.211003    2.157099    1.001    4
      WNBrlens{1}_rate[121]      0.835696    2.071051    0.000001    2.974232    0.398873    1.000    4
      WNBrlens{1}_rate[122]      0.958641    1.526028    0.000001    2.727341    0.694856    1.000    4
      WNBrlens{1}_rate[123]      1.450712    2.863207    0.000001    3.800602    1.056997    1.001    4
      WNBrlens{1}_rate[124]      1.576900    3.040071    0.000001    4.209571    1.196288    1.000    4
      WNBrlens{1}_rate[125]      0.388076    0.403621    0.000001    1.279138    0.217214    1.002    4
      WNBrlens{1}_rate[126]      1.332996    2.046834    0.000001    3.729274    0.973470    1.001    4
      WNBrlens{1}_rate[127]      1.352662    2.493253    0.000001    3.759613    0.989252    1.000    4
      WNBrlens{1}_rate[128]      2.441677    3.604507    0.000001    5.515015    2.055077    1.001    4
      WNBrlens{1}_rate[129]      1.825489    6.041739    0.000001    5.250628    1.253484    1.000    4
      WNBrlens{1}_rate[130]      0.354012    0.408088    0.000001    1.198300    0.190783    1.000    4
      WNBrlens{1}_rate[131]      0.693705    1.347726    0.000001    2.545117    0.316008    1.000    4
      WNBrlens{1}_rate[132]      1.357207    2.201573    0.000001    3.822968    0.974909    1.001    4
      WNBrlens{1}_rate[133]      1.968485    7.439924    0.000001    5.448840    1.396475    1.002    4
      WNBrlens{1}_rate[134]      1.502912    1.763593    0.000001    3.295425    1.247053    1.001    4
      WNBrlens{1}_rate[135]      1.103604    2.759847    0.000001    3.573140    0.685448    1.000    4
      WNBrlens{1}_rate[136]      0.614087    0.761663    0.000001    2.010202    0.379173    1.000    4
      WNBrlens{1}_rate[137]      1.701322    2.888027    0.000001    3.921604    1.363364    1.001    4
      WNBrlens{1}_rate[138]      0.817007    1.861298    0.000001    2.566561    0.475540    1.000    4
      WNBrlens{1}_rate[139]      0.497667    0.766000    0.000001    1.858535    0.220307    1.001    4
      WNBrlens{1}_rate[140]      1.272331    3.618363    0.000001    4.146084    0.773818    1.000    4
      WNBrlens{1}_rate[141]      0.572667    1.647963    0.000001    2.055391    0.257334    1.000    4
      WNBrlens{1}_rate[142]      0.733369    0.927633    0.000001    2.263165    0.499754    1.002    4
      WNBrlens{1}_rate[143]      0.593484    1.024291    0.000001    2.166633    0.273090    1.000    4
      WNBrlens{1}_rate[144]      0.639375    1.718567    0.000001    2.463328    0.231341    1.000    4
      WNBrlens{1}_rate[145]      0.853646    1.101161    0.000001    2.366939    0.609390    1.004    4
      WNBrlens{1}_rate[146]      0.368695    0.283002    0.000001    1.163636    0.231216    1.000    4
      WNBrlens{1}_rate[147]      0.642682    0.184871    0.000001    1.273299    0.606441    1.000    4
      WNBrlens{1}_rate[148]      7.310762   49.397298    1.449086   16.927191    5.737111     NA      2 *
      WNBrlens{1}_rate[149]      0.397430    0.511652    0.000001    1.507495    0.156444    1.000    4
      WNBrlens{1}_rate[150]      0.698502    1.299722    0.000001    2.564606    0.336732     NA      2 *
      WNBrlens{1}_rate[151]      0.377654    0.439632    0.000001    1.394712    0.167837    1.000    4
      WNBrlens{1}_rate[152]      3.293762   14.239359    0.000001    9.679612    2.274116    1.004    4
      WNBrlens{1}_rate[153]      2.305476   10.342561    0.000001    6.179514    1.532843    1.001    4
      WNBrlens{1}_rate[154]      0.417310    0.545442    0.000001    1.564368    0.191144    1.001    4
      WNBrlens{1}_rate[155]      0.862948    1.919975    0.000001    3.281864    0.410564    1.002    4
      WNBrlens{1}_rate[156]      1.761823    3.346709    0.000001    4.188126    1.363241    1.006    4
      WNBrlens{1}_rate[157]      0.752882    1.438225    0.000001    2.733296    0.383512    1.000    4
      WNBrlens{1}_rate[158]      0.397714    0.794547    0.000001    1.703760    0.106147    1.000    4
      WNBrlens{1}_rate[159]      0.533900    0.596565    0.000001    1.779749    0.319390    1.002    4
      WNBrlens{1}_rate[160]      0.783081    1.926756    0.000001    2.911838    0.337568    1.000    4
      WNBrlens{1}_rate[161]      0.205964    0.219044    0.000001    0.963611    0.035925    1.000    4
      WNBrlens{1}_rate[162]      0.914860    2.110349    0.000001    3.091398    0.497918    1.000    4
      WNBrlens{1}_rate[163]      0.475949    0.268242    0.000001    1.294177    0.356490    1.000    4
      WNBrlens{1}_rate[164]      1.142649    2.348405    0.000001    3.373990    0.779642    1.001    4
      WNBrlens{1}_rate[165]      1.517391    0.293731    0.635858    2.674521    1.441340    1.003    4
      WNBrlens{1}_rate[166]      0.478544    0.574325    0.000001    1.680036    0.258343    1.000    4
      WNBrlens{1}_rate[167]      0.998989    1.019158    0.000001    2.422282    0.832836    1.001    4
      WNBrlens{1}_rate[168]      0.604581    1.084282    0.000001    2.094641    0.310220    1.000    4
      WNBrlens{1}_rate[169]      0.447333    0.109378    0.000002    0.954753    0.395945    1.000    4
      WNBrlens{1}_rate[170]      0.191996    0.133844    0.000001    0.741890    0.066609    1.000    4
      WNBrlens{1}_rate[171]      0.204360    0.432626    0.000001    0.829704    0.059313     NA      3 *
      WNBrlens{1}_rate[172]      0.417438    0.204063    0.000001    1.137730    0.313527    1.001    4
      WNBrlens{1}_rate[173]      0.690117    1.857741    0.000001    2.410975    0.313889    1.000    4
      WNBrlens{1}_rate[174]      2.215334    5.460376    0.000002    4.148830    2.008024    1.001    4
      WNBrlens{1}_rate[175]      0.267542    0.163918    0.000001    0.969939    0.131644    1.004    4
      WNBrlens{1}_rate[176]      0.817429    0.399193    0.000005    1.880630    0.689566     NA      3 *
      WNBrlens{1}_rate[177]      0.188808    0.145809    0.000001    0.754597    0.065307     NA      3 *
      WNBrlens{1}_rate[178]      0.382847    0.272160    0.000001    1.202300    0.236124     NA      3 *
      WNBrlens{1}_rate[179]      1.554954   22.283569    0.000001    5.138954    0.797917    1.000    4
      WNBrlens{1}_rate[180]      0.747292    1.392417    0.000001    2.584544    0.373233     NA      2 *
      WNBrlens{1}_rate[181]      0.226306    0.120146    0.000001    0.788618    0.127240     NA      2 *
      WNBrlens{2}_length[1]      1.166328    0.129432    0.461105    1.856585    1.154941    1.000    4
      WNBrlens{2}_length[2]      1.723827    0.088667    1.197853    2.326465    1.699813    1.000    4
      WNBrlens{2}_length[3]      0.383642    0.038391    0.000000    0.612593    0.439643    1.002    4
      WNBrlens{2}_length[4]      0.668600    0.051214    0.000000    0.950002    0.703499    1.001    4
      WNBrlens{2}_length[5]      0.566408    0.027528    0.194334    0.857693    0.592084    1.011    4
      WNBrlens{2}_length[6]      0.774943    0.011834    0.571723    0.997300    0.779057    1.001    4
      WNBrlens{2}_length[7]      0.213876    0.096426    0.000000    0.799148    0.000000    1.001    4
      WNBrlens{2}_length[8]      0.574832    0.045455    0.000000    0.834985    0.607501    1.000    4
      WNBrlens{2}_length[9]      0.294515    0.011243    0.000000    0.426033    0.312888    1.000    4
      WNBrlens{2}_length[10]     0.887384    0.011267    0.687779    1.103103    0.881603    1.000    4
      WNBrlens{2}_length[11]     0.872641    0.012701    0.659366    1.095478    0.864628    1.000    4
      WNBrlens{2}_length[12]     0.276187    0.002734    0.177310    0.381189    0.273162    1.000    4
      WNBrlens{2}_length[13]     0.426558    0.005338    0.285643    0.571373    0.423334    1.000    4
      WNBrlens{2}_length[14]     0.282292    0.004482    0.155543    0.416608    0.279118    1.000    4
      WNBrlens{2}_length[15]     0.338580    0.003120    0.227644    0.448152    0.337965    1.000    4
      WNBrlens{2}_length[16]     0.551560    0.006801    0.395417    0.716392    0.546476    1.000    4
      WNBrlens{2}_length[17]     0.622819    0.008368    0.443637    0.806035    0.623070    1.001    4
      WNBrlens{2}_length[18]     0.695784    0.008849    0.515840    0.881492    0.691083    1.001    4
      WNBrlens{2}_length[19]     0.241702    0.057256    0.000000    0.751543    0.163875    1.001    4
      WNBrlens{2}_length[20]     0.181250    0.010352    0.000000    0.360433    0.176399    1.000    4
      WNBrlens{2}_length[21]     0.380419    0.004311    0.256025    0.512374    0.377743    1.002    4
      WNBrlens{2}_length[22]     0.277540    0.002451    0.181706    0.375994    0.275271    1.000    4
      WNBrlens{2}_length[23]     0.677218    0.008931    0.497599    0.865384    0.671440    1.001    4
      WNBrlens{2}_length[24]     0.226192    0.001837    0.145507    0.312401    0.223689    1.000    4
      WNBrlens{2}_length[25]     0.270615    0.001924    0.185108    0.356075    0.268767    1.000    4
      WNBrlens{2}_length[26]     0.396736    0.004453    0.268383    0.526942    0.392707    1.000    4
      WNBrlens{2}_length[27]     0.441360    0.007623    0.247173    0.596215    0.449843    1.020    4
      WNBrlens{2}_length[28]     0.291161    0.007560    0.132873    0.462911    0.281886    1.000    4
      WNBrlens{2}_length[29]     0.173999    0.061469    0.000000    0.709244    0.045113    1.003    4
      WNBrlens{2}_length[30]     0.283892    0.010352    0.000000    0.425101    0.295534    1.002    4
      WNBrlens{2}_length[31]     1.126711    0.047019    0.736216    1.568122    1.105595    1.000    4
      WNBrlens{2}_length[32]     0.235963    0.044063    0.000000    0.529418    0.279572    1.003    4
      WNBrlens{2}_length[33]     0.531444    0.092293    0.000000    0.862447    0.647200    1.001    4
      WNBrlens{2}_length[34]     0.194326    0.008913    0.000000    0.355035    0.190782    1.001    4
      WNBrlens{2}_length[35]     0.634458    0.030887    0.313209    1.024841    0.623928    1.001    4
      WNBrlens{2}_length[36]     1.248978    0.207826    0.359191    2.112824    1.276548    1.002    4
      WNBrlens{2}_length[37]     0.328431    0.007001    0.165394    0.485123    0.333229    1.008    4
      WNBrlens{2}_length[38]     0.370189    0.003900    0.252688    0.495150    0.367003    1.000    4
      WNBrlens{2}_length[39]     0.433386    0.005108    0.301165    0.578805    0.428704    1.000    4
      WNBrlens{2}_length[40]     0.176363    0.030273    0.000000    0.447533    0.205358    1.003    4
      WNBrlens{2}_length[41]     0.727873    0.021334    0.480298    1.005586    0.730187    1.000    4
      WNBrlens{2}_length[42]     0.461398    0.017037    0.229972    0.744998    0.453724    1.000    4
      WNBrlens{2}_length[43]     0.308347    0.014668    0.000000    0.492884    0.313614    1.001    4
      WNBrlens{2}_length[44]     0.690460    0.020704    0.433377    0.978239    0.680910    1.001    4
      WNBrlens{2}_length[45]     0.385685    0.021849    0.097688    0.679326    0.383827    1.000    4
      WNBrlens{2}_length[46]     0.675447    0.020414    0.412531    0.958832    0.663120    1.000    4
      WNBrlens{2}_length[47]     1.103103    0.038241    0.746362    1.492110    1.081565    1.000    4
      WNBrlens{2}_length[48]     0.339486    0.007363    0.182479    0.510820    0.332294    1.000    4
      WNBrlens{2}_length[49]     0.682209    0.014487    0.476956    0.909892    0.680964    1.000    4
      WNBrlens{2}_length[50]     0.429621    0.008101    0.259970    0.608043    0.423000    1.000    4
      WNBrlens{2}_length[51]     0.143474    0.008926    0.000000    0.320371    0.128912    1.001    4
      WNBrlens{2}_length[52]     3.389141    0.938939    1.631823    5.309010    3.284611    1.000    4
      WNBrlens{2}_length[53]     1.835911    0.072663    1.331283    2.376047    1.812528    1.000    4
      WNBrlens{2}_length[54]     0.903147    0.099990    0.000000    1.304063    0.942503    1.000    4
      WNBrlens{2}_length[55]     0.348722    0.005438    0.205540    0.493993    0.345873    1.000    4
      WNBrlens{2}_length[56]     0.627758    0.107234    0.043538    1.245565    0.595072    1.000    4
      WNBrlens{2}_length[57]     0.299660    0.005651    0.154748    0.449195    0.296688    1.000    4
      WNBrlens{2}_length[58]     0.186962    0.002433    0.093281    0.285141    0.184656    1.000    4
      WNBrlens{2}_length[59]     0.293740    0.023907    0.000000    0.562283    0.285914    1.000    4
      WNBrlens{2}_length[60]     0.195863    0.004518    0.066480    0.331425    0.194313    1.000    4
      WNBrlens{2}_length[61]     0.045112    0.001732    0.000000    0.128104    0.034060    1.001    4
      WNBrlens{2}_length[62]     0.195617    0.013684    0.000000    0.407630    0.181463    1.000    4
      WNBrlens{2}_length[63]     0.227112    0.010148    0.033875    0.422769    0.223683    1.000    4
      WNBrlens{2}_length[64]     0.460825    0.021585    0.171188    0.751509    0.464770    1.000    4
      WNBrlens{2}_length[65]     0.069562    0.003049    0.000000    0.176922    0.057455    1.001    4
      WNBrlens{2}_length[66]     0.336276    0.016662    0.065125    0.581788    0.339940    1.000    4
      WNBrlens{2}_length[67]     0.069818    0.002900    0.000000    0.171862    0.059298    1.000    4
      WNBrlens{2}_length[68]     0.027766    0.000818    0.000000    0.084807    0.019043    1.000    4
      WNBrlens{2}_length[69]     0.074337    0.001928    0.000000    0.151064    0.072168    1.001    4
      WNBrlens{2}_length[70]     0.039855    0.002586    0.000000    0.146864    0.019411    1.000    4
      WNBrlens{2}_length[71]     0.148053    0.002917    0.042803    0.258390    0.147854    1.000    4
      WNBrlens{2}_length[72]     0.132905    0.014782    0.000000    0.380867    0.101262    1.000    4
      WNBrlens{2}_length[73]     0.011145    0.000210    0.000000    0.041469    0.005303    1.000    4
      WNBrlens{2}_length[74]     0.040284    0.000813    0.000000    0.092147    0.037038    1.002    4
      WNBrlens{2}_length[75]     0.252231    0.005619    0.112194    0.406099    0.251183    1.002    4
      WNBrlens{2}_length[76]     0.054491    0.002292    0.000000    0.148233    0.043513    1.001    4
      WNBrlens{2}_length[77]     0.627586    0.029363    0.265411    0.975019    0.639987    1.000    4
      WNBrlens{2}_length[78]     0.240329    0.006814    0.043884    0.395813    0.248738    1.001    4
      WNBrlens{2}_length[79]     0.088848    0.001810    0.000000    0.157324    0.090190    1.000    4
      WNBrlens{2}_length[80]     0.053869    0.001589    0.000000    0.125853    0.049838    1.000    4
      WNBrlens{2}_length[81]     0.024810    0.000852    0.000000    0.084281    0.014554    1.000    4
      WNBrlens{2}_length[82]     0.068744    0.003050    0.000000    0.168126    0.063398    1.000    4
      WNBrlens{2}_length[83]     0.041279    0.001974    0.000000    0.129257    0.026583    1.001    4
      WNBrlens{2}_length[84]     0.100920    0.005678    0.000000    0.239121    0.091821    1.001    4
      WNBrlens{2}_length[85]     0.057329    0.003496    0.000000    0.173006    0.040568    1.000    4
      WNBrlens{2}_length[86]     0.388744    0.019760    0.000000    0.565999    0.417772    1.001    4
      WNBrlens{2}_length[87]     0.046751    0.001858    0.000000    0.130937    0.036005    1.001    4
      WNBrlens{2}_length[88]     0.113202    0.004612    0.000000    0.230061    0.110552    1.006    4
      WNBrlens{2}_length[89]     0.127503    0.006095    0.000000    0.262065    0.124214    1.000    4
      WNBrlens{2}_length[90]     0.048361    0.002027    0.000000    0.136640    0.036943    1.001    4
      WNBrlens{2}_length[91]     0.011055    0.000188    0.000000    0.039293    0.005984    1.000    4
      WNBrlens{2}_length[92]     0.044637    0.002543    0.000000    0.148285    0.026273    1.000    4
      WNBrlens{2}_length[93]     0.027704    0.001349    0.000000    0.106389    0.011503    1.000    4
      WNBrlens{2}_length[94]     0.021154    0.000636    0.000000    0.073264    0.011111    1.001    4
      WNBrlens{2}_length[95]     0.269633    0.009284    0.082256    0.467783    0.266360    1.000    4
      WNBrlens{2}_length[96]     0.026872    0.000834    0.000000    0.084524    0.017824    1.000    4
      WNBrlens{2}_length[97]     0.268972    0.010616    0.079569    0.483098    0.260831    1.001    4
      WNBrlens{2}_length[98]     0.036127    0.001216    0.000000    0.106316    0.026202    1.000    4
      WNBrlens{2}_length[99]     0.026905    0.001515    0.000000    0.109753    0.009620    1.000    4
      WNBrlens{2}_length[100]    0.342640    0.011829    0.142885    0.570552    0.336751    1.001    4
      WNBrlens{2}_length[101]    0.025715    0.000969    0.000000    0.090487    0.012744    1.000    4
      WNBrlens{2}_length[102]    0.092471    0.003307    0.000000    0.189412    0.092372    1.000    4
      WNBrlens{2}_length[103]    0.182276    0.003477    0.066514    0.298701    0.180157    1.000    4
      WNBrlens{2}_length[104]    0.009551    0.000301    0.000000    0.045448    0.001846    1.000    4
      WNBrlens{2}_length[105]    0.202000    0.003446    0.088348    0.317838    0.200985    1.001    4
      WNBrlens{2}_length[106]    0.078858    0.008731    0.000000    0.262198    0.038720    1.029    4
      WNBrlens{2}_length[107]    0.223509    0.007917    0.000000    0.371759    0.223953    1.021    4
      WNBrlens{2}_length[108]    0.013391    0.000402    0.000000    0.054626    0.004940    1.000    4
      WNBrlens{2}_length[109]    0.023834    0.000959    0.000000    0.088534    0.010784    1.005    4
      WNBrlens{2}_length[110]    0.070684    0.002701    0.000000    0.165843    0.063736    1.000    4
      WNBrlens{2}_length[111]    0.058217    0.004603    0.000000    0.195833    0.034041    1.000    4
      WNBrlens{2}_length[112]    0.042233    0.001389    0.000000    0.111240    0.036666    1.001    4
      WNBrlens{2}_length[113]    0.024569    0.000939    0.000000    0.088075    0.012938    1.000    4
      WNBrlens{2}_length[114]    0.016291    0.000376    0.000000    0.056566    0.008604    1.000    4
      WNBrlens{2}_length[115]    0.060169    0.004099    0.000000    0.179526    0.039741    1.007    4
      WNBrlens{2}_length[116]    0.042650    0.001880    0.000000    0.129166    0.029851    1.002    4
      WNBrlens{2}_length[117]    0.656388    0.035951    0.130308    0.960694    0.694235    1.000    4
      WNBrlens{2}_length[118]    0.035476    0.001980    0.000000    0.129307    0.015594    1.000    4
      WNBrlens{2}_length[119]    0.050715    0.002815    0.000000    0.156030    0.034052    1.000    4
      WNBrlens{2}_length[120]    0.015587    0.000602    0.000000    0.066801    0.004830    1.000    4
      WNBrlens{2}_length[121]    0.006887    0.000129    0.000000    0.030804    0.001724    1.000    4
      WNBrlens{2}_length[122]    0.059997    0.004721    0.000000    0.202519    0.035374    1.000    4
      WNBrlens{2}_length[123]    0.026661    0.000934    0.000000    0.089358    0.015364    1.000    4
      WNBrlens{2}_length[124]    0.022218    0.000509    0.000000    0.067411    0.015504    1.000    4
      WNBrlens{2}_length[125]    0.090631    0.001541    0.000000    0.153193    0.091660    1.001    4
      WNBrlens{2}_length[126]    0.088592    0.003547    0.000000    0.194028    0.085969    1.001    4
      WNBrlens{2}_length[127]    0.031725    0.001358    0.000000    0.108425    0.018021    1.001    4
      WNBrlens{2}_length[128]    0.408041    0.033489    0.000000    0.646388    0.448217    1.000    4
      WNBrlens{2}_length[129]    0.037072    0.001767    0.000000    0.123453    0.022040    1.000    4
      WNBrlens{2}_length[130]    0.074393    0.003349    0.000000    0.178125    0.068992    1.000    4
      WNBrlens{2}_length[131]    0.131529    0.005026    0.000000    0.243886    0.132663    1.002    4
      WNBrlens{2}_length[132]    0.096354    0.003588    0.000000    0.199663    0.094485    1.000    4
      WNBrlens{2}_length[133]    0.035180    0.002017    0.000000    0.127215    0.017586    1.001    4
      WNBrlens{2}_length[134]    0.071740    0.002861    0.000000    0.169366    0.064662    1.001    4
      WNBrlens{2}_length[135]    0.043758    0.002622    0.000000    0.148788    0.023252    1.000    4
      WNBrlens{2}_length[136]    0.024420    0.000910    0.000000    0.087513    0.011928    1.001    4
      WNBrlens{2}_length[137]    0.232593    0.008819    0.000000    0.369777    0.242362    1.002    4
      WNBrlens{2}_length[138]    0.031234    0.001241    0.000000    0.102731    0.018750    1.000    4
      WNBrlens{2}_length[139]    0.292387    0.009355    0.106330    0.486519    0.288305    1.001    4
      WNBrlens{2}_length[140]    0.005600    0.000100    0.000000    0.026141    0.001127    1.000    4
      WNBrlens{2}_length[141]    0.018533    0.000779    0.000000    0.078554    0.005331    1.000    4
      WNBrlens{2}_length[142]    0.017186    0.000537    0.000000    0.066594    0.007547    1.000    4
      WNBrlens{2}_length[143]    0.018266    0.000795    0.000000    0.078715    0.005069    1.000    4
      WNBrlens{2}_length[144]    0.036478    0.003197    0.000000    0.160907    0.009029    1.000    4
      WNBrlens{2}_length[145]    0.024008    0.000542    0.000000    0.070168    0.018065    1.008    4
      WNBrlens{2}_length[146]    0.290908    0.011788    0.086851    0.514564    0.285048    1.000    4
      WNBrlens{2}_length[147]    0.241776    0.019116    0.000000    0.447117    0.263772    1.001    4
      WNBrlens{2}_length[148]    0.049190    0.001017    0.000000    0.105204    0.047607     NA      2 *
      WNBrlens{2}_length[149]    0.016597    0.000616    0.000000    0.071245    0.004454    1.000    4
      WNBrlens{2}_length[150]    0.178177    0.002056    0.087312    0.264587    0.176509     NA      2 *
      WNBrlens{2}_length[151]    0.129369    0.005026    0.000000    0.246155    0.130073    1.008    4
      WNBrlens{2}_length[152]    0.026183    0.001090    0.000000    0.095759    0.012527    1.022    4
      WNBrlens{2}_length[153]    0.048404    0.003577    0.000000    0.171530    0.024893    1.001    4
      WNBrlens{2}_length[154]    0.060631    0.006627    0.000000    0.233985    0.016912    1.147    4
      WNBrlens{2}_length[155]    0.018208    0.000853    0.000000    0.081638    0.004755    1.001    4
      WNBrlens{2}_length[156]    0.152831    0.016437    0.000000    0.402289    0.125792    1.000    4
      WNBrlens{2}_length[157]    0.008893    0.000244    0.000000    0.040869    0.002074    1.001    4
      WNBrlens{2}_length[158]    0.120214    0.010792    0.000000    0.310548    0.107300    1.000    4
      WNBrlens{2}_length[159]    0.090600    0.010785    0.000000    0.288511    0.038537    1.033    4
      WNBrlens{2}_length[160]    0.010366    0.000238    0.000000    0.042947    0.003009    1.000    4
      WNBrlens{2}_length[161]    0.010299    0.000380    0.000000    0.051362    0.001150    1.000    4
      WNBrlens{2}_length[162]    0.033217    0.001255    0.000000    0.103160    0.021495    1.001    4
      WNBrlens{2}_length[163]    0.099996    0.005660    0.000000    0.236623    0.090875    1.003    4
      WNBrlens{2}_length[164]    0.324647    0.012894    0.101048    0.587797    0.322344    1.000    4
      WNBrlens{2}_length[165]    0.664578    0.017941    0.434498    0.928745    0.667627    1.004    4
      WNBrlens{2}_length[166]    0.089394    0.003822    0.000000    0.192342    0.091742    1.001    4
      WNBrlens{2}_length[167]    0.353181    0.065587    0.000000    0.789420    0.335945    1.000    4
      WNBrlens{2}_length[168]    0.027657    0.001245    0.000000    0.100701    0.012107    1.000    4
      WNBrlens{2}_length[169]    0.950802    0.104475    0.000000    1.415469    0.977778    1.000    4
      WNBrlens{2}_length[170]    0.112624    0.001331    0.041081    0.186515    0.111919    1.000    4
      WNBrlens{2}_length[171]    0.304876    0.008545    0.130776    0.479185    0.304131     NA      3 *
      WNBrlens{2}_length[172]    0.249579    0.019118    0.000000    0.443814    0.276768    1.001    4
      WNBrlens{2}_length[173]    0.213249    0.007857    0.000000    0.344634    0.220690    1.002    4
      WNBrlens{2}_length[174]    0.275063    0.025836    0.000000    0.519103    0.289743    1.003    4
      WNBrlens{2}_length[175]    0.216880    0.002948    0.111217    0.320852    0.217253    1.001    4
      WNBrlens{2}_length[176]    0.081463    0.004034    0.000000    0.201176    0.069964     NA      3 *
      WNBrlens{2}_length[177]    0.097419    0.017469    0.000000    0.389048    0.028726     NA      3 *
      WNBrlens{2}_length[178]    0.072803    0.003214    0.000000    0.176090    0.066367     NA      3 *
      WNBrlens{2}_length[179]    0.005820    0.000095    0.000000    0.026720    0.001427    1.000    4
      WNBrlens{2}_length[180]    0.064718    0.002461    0.000000    0.154024    0.060965     NA      2 *
      WNBrlens{2}_length[181]    0.222731    0.006809    0.000000    0.340334    0.232788     NA      2 *
      WNBrlens{2}_rate[1]        0.697936    0.053052    0.241649    1.130947    0.684425    1.000    4
      WNBrlens{2}_rate[2]        7.514630   21.304547    2.119752   16.193274    6.334011    1.002    4
      WNBrlens{2}_rate[3]        0.856296    0.140156    0.281582    1.561339    0.816508    1.000    4
      WNBrlens{2}_rate[4]        0.813821    0.067221    0.355185    1.365942    0.789084    1.000    4
      WNBrlens{2}_rate[5]        1.024825    0.153087    0.395402    1.831863    0.968491    1.004    4
      WNBrlens{2}_rate[6]        1.405144    0.153224    0.646552    2.167269    1.362379    1.000    4
      WNBrlens{2}_rate[7]        1.206957    0.321533    0.582403    2.457544    1.000000    1.000    4
      WNBrlens{2}_rate[8]        1.831134    1.518510    0.695459    3.659321    1.559206    1.001    4
      WNBrlens{2}_rate[9]        0.576173    0.044207    0.279140    1.000616    0.549366    1.000    4
      WNBrlens{2}_rate[10]       1.747621    0.330488    0.906686    2.676144    1.653810    1.001    4
      WNBrlens{2}_rate[11]       3.220920    2.102180    1.278613    5.920176    2.891801    1.001    4
      WNBrlens{2}_rate[12]       1.008521    0.224652    0.360295    1.902417    0.901663    1.001    4
      WNBrlens{2}_rate[13]       1.748925    0.473044    0.722690    3.053071    1.613009    1.001    4
      WNBrlens{2}_rate[14]       0.869962    0.116888    0.336250    1.551661    0.807707    1.001    4
      WNBrlens{2}_rate[15]       0.668104    0.029038    0.373734    1.005528    0.644443    1.000    4
      WNBrlens{2}_rate[16]       2.749385    2.079621    0.943089    5.186834    2.406273    1.001    4
      WNBrlens{2}_rate[17]       1.315620    5.177385    0.392219    4.407141    0.792435    1.013    4
      WNBrlens{2}_rate[18]       2.881364    3.081030    0.669117    6.122415    2.505118    1.016    4
      WNBrlens{2}_rate[19]       1.149074    4.341882    0.000001    3.507868    0.679152    1.000    4
      WNBrlens{2}_rate[20]       0.649225    0.223372    0.000001    1.439233    0.570195    1.000    4
      WNBrlens{2}_rate[21]       1.068961    0.172263    0.449031    1.854222    0.989065    1.007    4
      WNBrlens{2}_rate[22]       0.792168    0.084685    0.346038    1.362803    0.736271    1.000    4
      WNBrlens{2}_rate[23]       1.750921    0.481439    0.794070    2.944522    1.604875    1.001    4
      WNBrlens{2}_rate[24]       1.000947    0.274490    0.343308    1.962866    0.879362    1.001    4
      WNBrlens{2}_rate[25]       1.005276    0.162844    0.407957    1.810327    0.919851    1.001    4
      WNBrlens{2}_rate[26]       1.207977    0.231862    0.505944    2.134308    1.104591    1.003    4
      WNBrlens{2}_rate[27]       1.294051    0.470197    0.402028    2.433926    1.147610    1.010    4
      WNBrlens{2}_rate[28]       1.199768    0.917704    0.245508    2.763649    0.960334    1.000    4
      WNBrlens{2}_rate[29]       0.924855    0.505899    0.000001    2.077797    1.000000    1.001    4
      WNBrlens{2}_rate[30]       1.217966    0.307317    0.353486    2.382746    1.096510    1.001    4
      WNBrlens{2}_rate[31]       6.630448   18.762941    1.782454   14.199419    5.541925    1.000    4
      WNBrlens{2}_rate[32]       0.571449    0.605094    0.000001    1.219297    0.551644    1.000    4
      WNBrlens{2}_rate[33]       1.297890    0.363532    0.380747    2.314299    1.141977    1.008    4
      WNBrlens{2}_rate[34]       0.373515    0.037382    0.037173    0.744816    0.347084    1.003    4
      WNBrlens{2}_rate[35]       0.647014    0.055881    0.259079    1.156703    0.608489    1.006    4
      WNBrlens{2}_rate[36]       4.529517   15.920250    0.488863   10.538358    3.604437    1.003    4
      WNBrlens{2}_rate[37]       0.606543    0.085649    0.245587    1.112382    0.540277    1.001    4
      WNBrlens{2}_rate[38]       0.816966    0.121979    0.326265    1.456480    0.742016    1.000    4
      WNBrlens{2}_rate[39]       1.011080    0.213123    0.381460    1.911731    0.907020    1.000    4
      WNBrlens{2}_rate[40]       2.335862    7.944546    0.451480    6.857455    1.145698    1.000    4
      WNBrlens{2}_rate[41]       1.444246    0.350877    0.601524    2.631093    1.324667    1.003    4
      WNBrlens{2}_rate[42]       0.568184    0.053331    0.223661    1.034077    0.527092    1.000    4
      WNBrlens{2}_rate[43]       0.641668    0.058987    0.228629    1.086510    0.611327    1.000    4
      WNBrlens{2}_rate[44]       1.313977    0.644075    0.517294    2.396308    1.154614    1.001    4
      WNBrlens{2}_rate[45]       0.871890    0.203100    0.108693    1.756624    0.793892    1.000    4
      WNBrlens{2}_rate[46]       3.289433    7.539726    0.713346    7.529805    2.574983    1.000    4
      WNBrlens{2}_rate[47]       1.438126    0.422113    0.543744    2.606080    1.300068    1.001    4
      WNBrlens{2}_rate[48]       0.546021    0.060460    0.192613    1.010466    0.492213    1.001    4
      WNBrlens{2}_rate[49]       3.856262   11.761132    0.778334    9.692130    2.870882    1.001    4
      WNBrlens{2}_rate[50]       0.576402    0.043127    0.247758    0.982759    0.540713    1.000    4
      WNBrlens{2}_rate[51]       0.270203    0.033587    0.000029    0.611594    0.238079    1.000    4
      WNBrlens{2}_rate[52]       4.847175   35.272646    0.925117   10.397748    3.599884    1.001    4
      WNBrlens{2}_rate[53]       7.118958   46.614474    1.353683   15.144778    5.708771    1.001    4
      WNBrlens{2}_rate[54]       2.124865    1.112395    0.756566    4.071285    1.913698    1.000    4
      WNBrlens{2}_rate[55]       0.838081    0.192556    0.295042    1.634387    0.739229    1.000    4
      WNBrlens{2}_rate[56]       0.707720    0.151942    0.058904    1.455976    0.649348    1.000    4
      WNBrlens{2}_rate[57]       3.825577   24.607734    0.549687   10.192924    2.633814    1.000    4
      WNBrlens{2}_rate[58]       2.144782    4.698177    0.273182    5.657192    1.521444    1.001    4
      WNBrlens{2}_rate[59]       0.874280    0.472998    0.000001    2.002515    0.731719    1.000    4
      WNBrlens{2}_rate[60]       2.341427   10.609130    0.000001    6.081149    1.653360    1.000    4
      WNBrlens{2}_rate[61]       0.112291    0.017152    0.000001    0.332228    0.077962    1.001    4
      WNBrlens{2}_rate[62]       0.428436    0.136669    0.000001    1.018231    0.349460    1.000    4
      WNBrlens{2}_rate[63]       0.827172    0.874642    0.000001    1.822384    0.670667    1.000    4
      WNBrlens{2}_rate[64]       1.714275    2.278059    0.208626    4.063458    1.349820    1.000    4
      WNBrlens{2}_rate[65]       0.121145    0.010072    0.000001    0.298152    0.100217    1.000    4
      WNBrlens{2}_rate[66]       1.066547    0.845306    0.000001    2.372889    0.867865    1.000    4
      WNBrlens{2}_rate[67]       0.138643    0.016043    0.000001    0.342460    0.113351    1.000    4
      WNBrlens{2}_rate[68]       0.193366    0.071452    0.000001    0.631584    0.117882    1.000    4
      WNBrlens{2}_rate[69]       0.471076    0.318813    0.000001    1.207647    0.357590    1.000    4
      WNBrlens{2}_rate[70]       0.250507    0.163539    0.000001    0.911289    0.120324    1.000    4
      WNBrlens{2}_rate[71]       1.297254    1.444417    0.000001    3.171743    0.998212    1.000    4
      WNBrlens{2}_rate[72]       0.408401    0.161697    0.000001    1.116979    0.311997    1.000    4
      WNBrlens{2}_rate[73]       0.067348    0.011278    0.000001    0.246868    0.031462    1.000    4
      WNBrlens{2}_rate[74]       0.139584    0.016372    0.000001    0.352937    0.114302    1.000    4
      WNBrlens{2}_rate[75]       0.954486    1.323980    0.124725    2.313319    0.722506    1.002    4
      WNBrlens{2}_rate[76]       0.169820    0.031254    0.000001    0.464908    0.129141    1.000    4
      WNBrlens{2}_rate[77]       1.673737    0.768854    0.549581    3.597586    1.488649    1.000    4
      WNBrlens{2}_rate[78]       1.998640   21.135934    0.000001    4.927565    1.282454    1.004    4
      WNBrlens{2}_rate[79]       0.894766    1.208953    0.000001    2.411868    0.639271    1.000    4
      WNBrlens{2}_rate[80]       0.385890    0.195583    0.000001    1.088943    0.286075    1.000    4
      WNBrlens{2}_rate[81]       0.083380    0.015825    0.000001    0.267845    0.049697    1.000    4
      WNBrlens{2}_rate[82]       0.904206    1.312388    0.000001    2.821234    0.614607    1.000    4
      WNBrlens{2}_rate[83]       0.521797    0.797826    0.000001    1.862592    0.263047    1.000    4
      WNBrlens{2}_rate[84]       0.418585    0.263633    0.000001    1.155474    0.309129    1.000    4
      WNBrlens{2}_rate[85]       0.746977    1.757647    0.000001    2.518662    0.400587    1.000    4
      WNBrlens{2}_rate[86]       0.813830    0.513377    0.000001    1.378065    0.746816    1.000    4
      WNBrlens{2}_rate[87]       0.171165    0.046554    0.000001    0.511932    0.119128    1.000    4
      WNBrlens{2}_rate[88]       0.979396    1.947766    0.000001    2.908038    0.627227    1.002    4
      WNBrlens{2}_rate[89]       0.728741    0.771806    0.000001    2.019374    0.524394    1.001    4
      WNBrlens{2}_rate[90]       0.172407    0.048532    0.000001    0.496798    0.122746    1.000    4
      WNBrlens{2}_rate[91]       0.055084    0.011838    0.000001    0.192800    0.028996    1.000    4
      WNBrlens{2}_rate[92]       0.475756    0.572396    0.000001    1.691305    0.243591    1.000    4
      WNBrlens{2}_rate[93]       0.238652    0.198821    0.000001    0.886373    0.097411    1.000    4
      WNBrlens{2}_rate[94]       0.211814    0.147305    0.000001    0.763003    0.098210    1.000    4
      WNBrlens{2}_rate[95]       4.209283   34.587707    0.000001   11.697917    2.851436    1.001    4
      WNBrlens{2}_rate[96]       0.084737    0.015316    0.000001    0.262358    0.054155    1.000    4
      WNBrlens{2}_rate[97]       5.384072   34.072479    0.000001   14.460294    3.783506    1.000    4
      WNBrlens{2}_rate[98]       0.110602    0.014138    0.000001    0.322595    0.078992    1.000    4
      WNBrlens{2}_rate[99]       0.216968    0.230616    0.000001    0.822244    0.075066    1.000    4
      WNBrlens{2}_rate[100]      4.847087   28.240117    0.000001   12.262561    3.539737    1.000    4
      WNBrlens{2}_rate[101]      0.297658    0.344855    0.000001    1.072986    0.126143    1.000    4
      WNBrlens{2}_rate[102]      0.970796    1.977804    0.000001    2.769801    0.686811    1.000    4
      WNBrlens{2}_rate[103]      3.106980   11.118158    0.000001    8.300140    2.193761    1.000    4
      WNBrlens{2}_rate[104]      0.127326    0.093134    0.000001    0.572347    0.023256    1.000    4
      WNBrlens{2}_rate[105]      3.307028   11.215164    0.000001    8.996647    2.277481    1.000    4
      WNBrlens{2}_rate[106]      0.543878    1.195676    0.000001    1.864841    0.246543    1.009    4
      WNBrlens{2}_rate[107]      3.359657   13.893602    0.000001    9.643665    2.301677    1.004    4
      WNBrlens{2}_rate[108]      0.088830    0.026017    0.000001    0.350526    0.033322    1.000    4
      WNBrlens{2}_rate[109]      0.209764    0.151577    0.000001    0.787210    0.085589    1.003    4
      WNBrlens{2}_rate[110]      0.230003    0.118217    0.000001    0.590272    0.171310    1.001    4
      WNBrlens{2}_rate[111]      0.244320    0.167695    0.000001    0.798370    0.142307    1.000    4
      WNBrlens{2}_rate[112]      0.667196    2.201194    0.000001    2.164202    0.374153    1.001    4
      WNBrlens{2}_rate[113]      0.119534    0.046736    0.000001    0.410510    0.063029    1.000    4
      WNBrlens{2}_rate[114]      0.125838    0.053365    0.000001    0.440224    0.060465    1.000    4
      WNBrlens{2}_rate[115]      0.549873    0.836820    0.000001    1.963380    0.281861    1.004    4
      WNBrlens{2}_rate[116]      0.213129    0.112506    0.000001    0.669693    0.132095    1.000    4
      WNBrlens{2}_rate[117]      1.583109    0.700822    0.000001    2.757863    1.480781    1.001    4
      WNBrlens{2}_rate[118]      0.531647    1.070068    0.000001    2.020324    0.195284    1.000    4
      WNBrlens{2}_rate[119]      0.238097    0.137905    0.000001    0.753699    0.145830    1.000    4
      WNBrlens{2}_rate[120]      0.142148    0.182440    0.000001    0.571725    0.042697    1.000    4
      WNBrlens{2}_rate[121]      0.076238    0.034163    0.000001    0.323197    0.019045    1.000    4
      WNBrlens{2}_rate[122]      0.298595    0.231642    0.000001    0.976750    0.168506    1.000    4
      WNBrlens{2}_rate[123]      0.199273    0.120090    0.000001    0.664725    0.106096    1.000    4
      WNBrlens{2}_rate[124]      0.112995    0.025089    0.000001    0.352403    0.072297    1.000    4
      WNBrlens{2}_rate[125]      1.036450    1.602604    0.000001    2.811904    0.720619    1.001    4
      WNBrlens{2}_rate[126]      0.755907    1.071342    0.000001    2.121161    0.525212    1.001    4
      WNBrlens{2}_rate[127]      0.156968    0.057931    0.000001    0.514569    0.088305    1.000    4
      WNBrlens{2}_rate[128]      1.119764    0.884428    0.000001    2.590244    0.939437    1.001    4
      WNBrlens{2}_rate[129]      0.252527    0.202335    0.000001    0.858163    0.132464    1.000    4
      WNBrlens{2}_rate[130]      0.752005    1.237184    0.000001    2.373491    0.474154    1.000    4
      WNBrlens{2}_rate[131]      2.124806    5.671921    0.000001    6.079392    1.492117    1.000    4
      WNBrlens{2}_rate[132]      0.771715    0.811505    0.000001    2.042203    0.566665    1.000    4
      WNBrlens{2}_rate[133]      0.156046    0.078558    0.000001    0.530880    0.079928    1.000    4
      WNBrlens{2}_rate[134]      0.232924    0.073145    0.000001    0.611502    0.183257    1.001    4
      WNBrlens{2}_rate[135]      0.534798    2.439561    0.000001    1.872755    0.228066    1.001    4
      WNBrlens{2}_rate[136]      0.242059    0.223948    0.000001    0.891018    0.104740    1.000    4
      WNBrlens{2}_rate[137]      0.955553    0.854172    0.000001    2.314006    0.739473    1.006    4
      WNBrlens{2}_rate[138]      0.266173    0.226436    0.000001    0.932401    0.131858    1.000    4
      WNBrlens{2}_rate[139]      4.563778   37.759294    0.000001   12.612603    3.015549    1.001    4
      WNBrlens{2}_rate[140]      0.070498    0.026891    0.000001    0.308908    0.013883    1.000    4
      WNBrlens{2}_rate[141]      0.193997    0.170565    0.000001    0.785708    0.053796    1.000    4
      WNBrlens{2}_rate[142]      0.119644    0.056356    0.000001    0.437847    0.050467    1.000    4
      WNBrlens{2}_rate[143]      0.217052    0.241555    0.000001    0.894300    0.057578    1.000    4
      WNBrlens{2}_rate[144]      0.502208    1.186317    0.000001    2.138643    0.113175    1.000    4
      WNBrlens{2}_rate[145]      0.142746    0.049889    0.000001    0.428822    0.093495    1.001    4
      WNBrlens{2}_rate[146]      1.923832    5.901344    0.000001    4.756202    1.392175    1.000    4
      WNBrlens{2}_rate[147]      0.604253    0.454473    0.000002    1.188058    0.545711    1.000    4
      WNBrlens{2}_rate[148]      0.259351    0.063015    0.000001    0.670148    0.207725     NA      2 *
      WNBrlens{2}_rate[149]      0.226253    0.265048    0.000001    0.941566    0.055357    1.000    4
      WNBrlens{2}_rate[150]      2.522270    6.277464    0.389009    6.603413    1.879302     NA      2 *
      WNBrlens{2}_rate[151]      1.727681    5.830389    0.000001    5.378484    1.102182    1.002    4
      WNBrlens{2}_rate[152]      0.229470    0.152753    0.000001    0.820399    0.102579    1.009    4
      WNBrlens{2}_rate[153]      0.320032    0.326925    0.000001    1.110797    0.155434    1.000    4
      WNBrlens{2}_rate[154]      0.536276    0.908609    0.000001    2.236448    0.141065    1.070    4
      WNBrlens{2}_rate[155]      0.220872    0.294196    0.000001    0.944788    0.053592    1.001    4
      WNBrlens{2}_rate[156]      0.509181    0.264072    0.000004    1.346225    0.400502    1.000    4
      WNBrlens{2}_rate[157]      0.106388    0.063528    0.000001    0.453031    0.024930    1.000    4
      WNBrlens{2}_rate[158]      2.345079   13.616579    0.000001    7.844036    1.342379    1.002    4
      WNBrlens{2}_rate[159]      0.641210    2.354728    0.000001    2.174447    0.256044    1.004    4
      WNBrlens{2}_rate[160]      0.143714    0.153773    0.000001    0.580751    0.036542    1.000    4
      WNBrlens{2}_rate[161]      0.220907    0.325840    0.000001    1.032460    0.024149    1.000    4
      WNBrlens{2}_rate[162]      0.424738    0.757427    0.000001    1.443056    0.215272    1.000    4
      WNBrlens{2}_rate[163]      0.441284    0.574754    0.000001    1.153418    0.321933    1.000    4
      WNBrlens{2}_rate[164]      3.284362   10.489998    0.000001    8.313337    2.477062    1.005    4
      WNBrlens{2}_rate[165]      1.377587    0.204369    0.680298    2.203341    1.327643    1.006    4
      WNBrlens{2}_rate[166]      1.353730    3.105780    0.000001    4.103538    0.910643    1.003    4
      WNBrlens{2}_rate[167]      1.065843    2.206457    0.000001    2.636807    0.814481    1.000    4
      WNBrlens{2}_rate[168]      0.318137    0.430893    0.000001    1.218882    0.120017    1.000    4
      WNBrlens{2}_rate[169]      2.510164    7.073864    0.000002    4.722112    2.128115    1.003    4
      WNBrlens{2}_rate[170]      1.957316    3.382346    0.000002    5.763960    1.380984    1.002    4
      WNBrlens{2}_rate[171]      4.992468   25.858696    0.000028   14.620085    3.517180     NA      3 *
      WNBrlens{2}_rate[172]      1.275530    2.127719    0.000001    2.843630    1.116634    1.001    4
      WNBrlens{2}_rate[173]      3.350697   22.949779    0.000001    8.967087    2.338093    1.000    4
      WNBrlens{2}_rate[174]      0.692469    0.400334    0.000001    1.404559    0.612486    1.005    4
      WNBrlens{2}_rate[175]      2.453806    4.832059    0.292561    6.295379    1.810606    1.004    4
      WNBrlens{2}_rate[176]      0.199747    0.031494    0.000001    0.495544    0.165687     NA      3 *
      WNBrlens{2}_rate[177]      0.944815    2.718258    0.000001    4.017519    0.249730     NA      3 *
      WNBrlens{2}_rate[178]      0.436768    0.335292    0.000001    1.245419    0.299114     NA      3 *
      WNBrlens{2}_rate[179]      0.073557    0.032478    0.000001    0.306266    0.018046    1.000    4
      WNBrlens{2}_rate[180]      0.782788    1.137540    0.000001    2.624104    0.485902     NA      2 *
      WNBrlens{2}_rate[181]      2.269675   12.210088    0.000006    7.609591    1.320303     NA      2 *
      ---------------------------------------------------------------------------------------------------
      + Convergence diagnostic (PSRF = Potential Scale Reduction Factor; Gelman
        and Rubin, 1992) should approach 1.0 as runs converge. NA is reported when
        deviation of parameter values within all runs is 0 or when a parameter
        value (a branch length, for instance) is not sampled in all runs.
      * The partition was not found in all runs so the values are unreliable.


      Summary statistics for partitions with frequency >= 0.10 in at least one run:
          Average standard deviation of split frequencies = 0.046287
          Maximum standard deviation of split frequencies = 0.160709
          Average PSRF for parameter values (excluding NA and >10.0) = 1.005
          Maximum PSRF for parameter values = 1.219


      Clade credibility values:

      Subtree rooted at node 84:

                 /----------------------------------------------- Antecessor (2)
                 |                                                                    
                 |                    /-------------------------- Narmada (3)
                 |                    |                                               
                 |                    |    /--------------------- Eliye_Springs (4)
                 |---------54---------+    |                                          
                 |                    |    |               /----- Xiahe (29)
                 |                    |    |         /--54-+                          
                 |                    \-50-+         |     \----- Harbin (32)
                 |                         |    /-53-+                                
                 |                         |    |    |     /----- Dali (30)
                 |                         |    |    \--91-+                          
                 |                         \-82-+          \----- Hualongdong (31)
                 |                              |                                     
                 |                              \---------------- Jinniushan (33)
                 |                                                                    
                 |    /------------------------------------------ Ndutu (5)
                 |    |                                                               
                 |    |    /------------------------------------- Irhoud_1_2 (6)
                 |    |    |                                                          
                 |    |    |                               /----- Florisbad (7)
                 |    |    |    /------------70------------+                          
                 |    |    |    |                          \----- Tabun_2 (19)
                 |    |    |    |                                                     
                 |    |    |    |     /-------------------------- Omo_II (8)
                 |    |-89-+    |     |                                               
                 |    |    |    |     |-------------------------- Skhul_V_IX (10)
                 |    |    |    |     |                                               
                 |    |    |    |     |                    /----- Qafzeh_IX (11)
                 |    |    |    |     |         /----100---+                          
                 |    |    |    |--90-+         |          \----- Oase_1_2 (14)
                 |    |    \-93-+     |         |                                     
                 |    |         |     |    /-58-+    /----------- Mladec_I_II_V_~ (12)
                 |    |         |     |    |    |    |                                
                 |    |         |     |    |    \-98-+     /----- Cro_Magnon_I_I~ (13)
                 |    |         |     \-57-+         \--55-+                          
                 |    |         |          |               \----- Liujiang (16)
                 |    |         |          |                                          
                 |    |         |          \--------------------- ZKD_UC_101_103 (15)
                 |    |         |                                                     
                 |-69-+         \-------------------------------- LH_18 (9)
                 |    |                                                               
                 |    |                                    /----- Tabun_1 (18)
           /--85-+    |                                    |                          
           |     |    |                         /----65----+----- Gibraltar_1 (21)
           |     |    |                         |          |                          
           |     |    |                         |          \----- La_Chapelle_au~ (23)
           |     |    |                         |                                     
           |     |    |                         |          /----- Spy_I_II (20)
           |     |    |                         |----98----+                          
           |     |    |                         |          \----- Neanderthalens~ (28)
           |     |    |                         |                                     
           |     |    |------------86-----------+          /----- Amud (22)
           |     |    |                         |    /-100-+                          
           |     |    |                         |    |     \----- Cesaire (26)
           |     |    |                         |-68-+                                
           |     |    |                         |    |     /----- La_Ferrassie_1 (24)
           |     |    |                         |    \--93-+                          
           |     |    |                         |          \----- Shanidar_1_5 (25)
           |     |    |                         |                                     
           |     |    |                         \---------------- Saccopastore_I~ (27)
           |     |    |                                                               
           |     |    |                                    /----- Maba (34)
           |     |    \-----------------52-----------------+                          
           |     |                                         \----- Steinheim_s11 (41)
           |     |                                                                    
           |     |----------------------------------------------- SH4_5 (17)
           |     |                                                                    
      --57-+     |----------------------------------------------- Xuchang (35)
           |     |                                                                    
           |     |----------------------------------------------- Mauer_1 (36)
           |     |                                                                    
           |     |----------------------------------------------- Arago_II_XIII_~ (37)
           |     |                                                                    
           |     |                                         /----- Broken_Hill (38)
           |     |--------------------98-------------------+                          
           |     |                                         \----- Petralona_1 (39)
           |     |                                                                    
           |     |----------------------------------------------- Ceprano (40)
           |     |                                                                    
           |     |----------------------------------------------- Saldanha (42)
           |     |                                                                    
           |     |----------------------------------------------- Bodo (43)
           |     |                                                                    
           |     |----------------------------------------------- Ternifine_1_2_~ (44)
           |     |                                                                    
           |     \----------------------------------------------- Rabat (52)
           |                                                                          
           |                                               /----- Peking_X_XII_X~ (45)
           |                                    /----100---+                          
           |                                    |          \----- Nanjing1 (46)
           |                                    |                                     
           \-----------------96-----------------+    /----------- Hexian (47)
                                                |    |                                
                                                \-59-+     /----- Sambungmacan_1~ (48)
                                                     \--93-+                          
                                                           \----- Ngandong7_9_12 (50)
                                                                                      
      Root part of tree:

      /---------------------------------------------------------- Habilis_OH7_OH2~ (1)
      |                                                                               
      |                                             /------------ (84)
      |                                  /----90----+                                 
      |                                  |          \------------ Sangiran_2_17 (49)
      +                      /-----95----+                                            
      |                      |           \----------------------- OH_9 (54)
      |           /----98----+                                                        
      |           |          \----------------------------------- Turkana_ER3733~ (55)
      \----100----+                                                                   
                  |                                 /------------ Dmanisi (51)
                  \----------------96---------------+                                 
                                                    \------------ STW53 (53)
                                                                                      

      Phylogram (based on median node depths):

      /--------------------- Habilis_OH7_OH2~ (1)
      |                                                                               
      |                                /-------- Antecessor (2)
      |                                |                                              
      |                                |     /-------- Narmada (3)
      |                                |     |                                        
      |                                |     |  /----------- Eliye_Springs (4)
      |                                |-----+  |                                     
      |                                |     |  |            / Xiahe (29)
      |                                |     |  |    /-------+                        
      |                                |     \--+    |       \ Harbin (32)
      |                                |        |   /+                                
      |                                |        |   ||  /--- Dali (30)
      |                                |        |   |\--+                             
      |                                |        \---+   \-- Hualongdong (31)
      |                                |            |                                 
      |                                |            \------- Jinniushan (33)
      |                                |                                              
      |                                |        /--------- Ndutu (5)
      |                                |        |                                     
      |                                |        |  /------- Irhoud_1_2 (6)
      |                                |        |  |                                  
      |                                |        |  |       / Florisbad (7)
      |                                |        |  | /-----+                          
      |                                |        |  | |     \--- Tabun_2 (19)
      |                                |        |  | |                                
      |                                |        |  | | /------ Omo_II (8)
      |                                |        |--+ | |                              
      |                                |        |  | | |-------- Skhul_V_IX (10)
      |                                |        |  | | |                              
      |                                |        |  | | |   /---- Qafzeh_IX (11)
      |                                |        |  | | |  /+                          
      |                                |        |  | |-+  |\---- Oase_1_2 (14)
      |                                |        |  \-+ |  |                           
      |                                |        |    | | /+ /---- Mladec_I_II_V_~ (12)
      |                                |        |    | | || |                         
      |                                |        |    | | |\-+/--- Cro_Magnon_I_I~ (13)
      |                                |        |    | \-+  \+                        
      |                                |        |    |   |   \-- Liujiang (16)
      |                                |        |    |   |                            
      |                                |        |    |   \------- ZKD_UC_101_103 (15)
      |                                |        |    |                                
      |                                |--------+    \-------- LH_18 (9)
      |                                |        |                                     
      |                                |        |         /---- Tabun_1 (18)
      |                             /--+        |         |                           
      |                             |  |        |     /---+----- Gibraltar_1 (21)
      |                             |  |        |     |   |                           
      |                             |  |        |     |   \------ La_Chapelle_au~ (23)
      |                             |  |        |     |                               
      |                             |  |        |     |     /---- Spy_I_II (20)
      |                             |  |        |     |-----+                         
      +                             |  |        |     |     \---- Neanderthalens~ (28)
      |                             |  |        |     |                               
      |                             |  |        |-----+    /----- Amud (22)
      |                             |  |        |     |  /-+                          
      |                             |  |        |     |  | \---- Cesaire (26)
      |                             |  |        |     |--+                            
      |                             |  |        |     |  |  /--- La_Ferrassie_1 (24)
      |                             |  |        |     |  \--+                         
      |                             |  |        |     |     \---- Shanidar_1_5 (25)
      |                             |  |        |     |                               
      |                             |  |        |     \----- Saccopastore_I~ (27)
      |                             |  |        |                                     
      |                             |  |        |    /------ Maba (34)
      |                             |  |        \----+                                
      |                             |  |             \----- Steinheim_s11 (41)
      |                             |  |                                              
      |                             |  |----------------- SH4_5 (17)
      |                             |  |                                              
      |                         /---+  |----------------------- Xuchang (35)
      |                         |   |  |                                              
      |                         |   |  |------------- Mauer_1 (36)
      |                         |   |  |                                              
      |                         |   |  |---------------- Arago_II_XIII_~ (37)
      |                         |   |  |                                              
      |                         |   |  |            /------ Broken_Hill (38)
      |                         |   |  |------------+                                 
      |                         |   |  |            \----- Petralona_1 (39)
      |                         |   |  |                                              
      |                         |   |  |-------- Ceprano (40)
      |                         |   |  |                                              
      |                         |   |  |------------------ Saldanha (42)
      |                         |   |  |                                              
      |                         |   |  |------------- Bodo (43)
      |                     /---+   |  |                                              
      |                     |   |   |  |---------- Ternifine_1_2_~ (44)
      |                     |   |   |  |                                              
      |                     |   |   |  \------------------- Rabat (52)
      |                     |   |   |                                                 
      |                     |   |   |            /----- Peking_X_XII_X~ (45)
      |                     |   |   |      /-----+                                    
      |                     |   |   |      |     \--- Nanjing1 (46)
      |                     |   |   |      |                                          
      |                 /---+   |   \------+   /--------- Hexian (47)
      |                 |   |   |          |   |                                      
      |                 |   |   |          \---+    /--------- Sambungmacan_1~ (48)
      |                 |   |   |              \----+                                 
      |                 |   |   |                   \---------- Ngandong7_9_12 (50)
      |          /------+   |   |                                                     
      |          |      |   |   \---- Sangiran_2_17 (49)
      |          |      |   |                                                         
      |          |      |   \------ OH_9 (54)
      \----------+      |                                                             
                 |      \----- Turkana_ER3733~ (55)
                 |                                                                    
                 |    /------ Dmanisi (51)
                 \----+                                                               
                      \---- STW53 (53)
                                                                                      
      -------|---------|----------|---------|---------|---------|                     
           2.50      2.00       1.50      1.00      0.50      0.00                    

      [User-defined time units]

      Calculating tree probabilities...

      Credible sets of trees (138696 trees sampled):
         50 % credible set contains 68694 trees
         90 % credible set contains 124696 trees
         95 % credible set contains 131696 trees
         99 % credible set contains 137296 trees

      Summarizing parameters in 4 files (data_disc.run1.p,
         data_disc.run2.p, etc)
      Writing summary statistics to file data_disc.pstat
      Using relative burnin ('relburnin=yes'), discarding the first 30 % of samples

      Below are rough plots of the generation (x-axis) versus the log   
      probability of observing the data (y-axis). You can use these     
      graphs to determine what the burn in for your analysis should be. 
      When the log probability starts to plateau you may be at station- 
      arity. Sample trees and parameters after the log probability      
      plateaus. Of course, this is not a guarantee that you are at sta- 
      tionarity. Also examine the convergence diagnostics provided by   
      the 'sump' and 'sumt' commands for all the parameters in your     
      model. Remember that the burn in is the number of samples to dis- 
      card. There are a total of ngen / samplefreq samples taken during 
      a MCMC analysis.                                                  

      Overlay plot for all 4 runs:
      (1 = Run number 1; 2 = Run number 2 etc.; * = Several runs)

      +------------------------------------------------------------+ -21715.44
      |                  1       1                                 |
      |              1                                             |
      |                                                  1  1      |
      |   1                                                1       |
      |     1     1     1          1         2       1    1   1    |
      |1 1   1      *  12  2 212       112222 1  2     3       1  1|
      | 3  1   1*2*      31    12 1   *23    121  12  *    3   3   |
      |22    4 4 1 * 313   *1333  2  43   **  4 21*1*     4  3  1 *|
      |  233 3*23  22 3 * 332 2 4443 *1 4   44 * *   2*2*22    4 * |
      |34 *   4  3  3*2  4* 4*  1  21   24  3   3    * 413 4*** 24 |
      | 1* 2*      4  4* 2  3  43 3423 * *3 13 24  34  1 4322   42 |
      |4   432 344               *  3           1  41          23  |
      |       2                     4             2          4     |
      |           4                        3  3                    |
      |                       4                                    |
      +------+-----+-----+-----+-----+-----+-----+-----+-----+-----+ -21733.93
      ^                                                            ^
      18000000                                                     60000000

      Overwriting file "data_disc.lstat"

      Estimated marginal likelihoods for runs sampled in files
         "data_disc.run1.p", "data_disc.run2.p", etc:
         (Use the harmonic mean for Bayes factor comparisons of models)

         (Values are saved to the file data_disc.lstat)

      Run   Arithmetic mean   Harmonic mean
      --------------------------------------
        1     -21684.47        -21768.08
        2     -21693.33        -21773.00
        3     -21695.11        -21774.11
        4     -21698.10        -21773.08
      --------------------------------------
      TOTAL   -21685.86        -21773.25
      --------------------------------------


      Model parameter summaries over all 4 runs sampled in files
         "data_disc.run1.p", "data_disc.run2.p" etc:
         Summaries are based on a total of 140004 samples from 4 runs.
         Each run produced 50001 samples of which 35001 samples were included.
         Parameter summaries saved to file "data_disc.pstat".
      Overwriting file "data_disc.pstat"

                                                              95% HPD Interval
                                                            --------------------
      Parameter                       Mean      Variance     Lower       Upper       Median    min ESS*  avg ESS    PSRF+ 
      --------------------------------------------------------------------------------------------------------------------
      TH{all}                       4.735848    0.271932    3.743531    5.782551    4.703369    239.05    286.93    1.001
      TL{all}                      39.028720   11.106238   32.682470   45.689070   38.851010    142.44    295.18    1.001
      pr_fossil_ancestor{all}       0.040203    0.000296    0.018182    0.074074    0.037037    114.01    372.50    1.001
      m{1}                          0.382079    0.001718    0.303497    0.465560    0.380096    218.29    500.52    1.001
      m{2}                          1.361748    0.000589    1.312875    1.407752    1.362909    218.29    500.52    1.001
      net_speciation{all}           0.173501    0.014074    0.003921    0.404059    0.148192    947.58   1157.84    1.000
      relative_extinction{all}      0.986077    0.000115    0.965115    0.999775    0.988751    951.80   1094.04    1.001
      relative_fossilization{all}   0.049624    0.000704    0.007129    0.102349    0.045089   1139.41   2428.08    1.004
      clockrate{all}                1.671262    0.034092    1.314313    2.037060    1.660309    238.52    284.77    1.001
      wnvar{1}                      0.215828    0.002483    0.127194    0.317545    0.210795    647.06    693.04    1.006
      wnvar{2}                      0.341543    0.004378    0.219924    0.473693    0.335470    347.92    615.18    1.000
      --------------------------------------------------------------------------------------------------------------------
      * Convergence diagnostic (ESS = Estimated Sample Size); min and avg values
        correspond to minimal and average ESS among runs. 
        ESS value below 100 may indicate that the parameter is undersampled. 
      + Convergence diagnostic (PSRF = Potential Scale Reduction Factor; Gelman
        and Rubin, 1992) should approach 1.0 as runs converge.


   Exiting mrbayes block
   Reached end of file

   Tasks completed, exiting program because mode is noninteractive
   To return control to the command line after completion of file processing, 
   set mode to interactive with 'mb -i <filename>' (i is for interactive)
   or use 'set mode=interactive'

